ISO-10303-21;
HEADER;
/* Generated by software containing ST-Developer
 * from STEP Tools, Inc. (www.steptools.com) 
 */

FILE_DESCRIPTION(
/* description */ (''),
/* implementation_level */ '2;1');

FILE_NAME(
/* name */ 
'C:/Users/buesch/Desktop/B\X\FCsch/Motorenzeichnungen/QSH8618/QSH8618-
96.step',
/* time_stamp */ '2018-12-10T12:55:29+01:00',
/* author */ ('jakob.buesch'),
/* organization */ (''),
/* preprocessor_version */ 'ST-DEVELOPER v17.2',
/* originating_system */ 'Autodesk Translation Framework v7.6.0.251',
/* authorisation */ '');

FILE_SCHEMA (('AUTOMOTIVE_DESIGN { 1 0 10303 214 3 1 1 }'));
ENDSEC;

DATA;
#10=MECHANICAL_DESIGN_GEOMETRIC_PRESENTATION_REPRESENTATION('',(#107,#108,
#109,#110,#111,#112,#113,#114,#115,#116,#117),#7032);
#11=OPEN_SHELL('',(#3914,#3915));
#12=SHELL_BASED_SURFACE_MODEL('Body2',(#11));
#13=TOROIDAL_SURFACE('',#4499,1.8,0.3);
#14=SPHERICAL_SURFACE('',#4448,5.);
#15=ITEM_DEFINED_TRANSFORMATION($,$,#4039,#4153);
#16=ITEM_DEFINED_TRANSFORMATION($,$,#4110,#4154);
#17=ITEM_DEFINED_TRANSFORMATION($,$,#4097,#4155);
#18=ITEM_DEFINED_TRANSFORMATION($,$,#4110,#4156);
#19=ITEM_DEFINED_TRANSFORMATION($,$,#4084,#4157);
#20=ITEM_DEFINED_TRANSFORMATION($,$,#4110,#4158);
#21=ITEM_DEFINED_TRANSFORMATION($,$,#4097,#4159);
#22=ITEM_DEFINED_TRANSFORMATION($,$,#4110,#4160);
#23=ITEM_DEFINED_TRANSFORMATION($,$,#4127,#4161);
#24=ITEM_DEFINED_TRANSFORMATION($,$,#4140,#4162);
#25=ITEM_DEFINED_TRANSFORMATION($,$,#4038,#4517);
#26=ITEM_DEFINED_TRANSFORMATION($,$,#4163,#4518);
#27=ITEM_DEFINED_TRANSFORMATION($,$,#4317,#4519);
#28=ITEM_DEFINED_TRANSFORMATION($,$,#4371,#4520);
#29=ITEM_DEFINED_TRANSFORMATION($,$,#4447,#4521);
#30=ITEM_DEFINED_TRANSFORMATION($,$,#4447,#4522);
#31=ITEM_DEFINED_TRANSFORMATION($,$,#4447,#4523);
#32=ITEM_DEFINED_TRANSFORMATION($,$,#4447,#4524);
#33=(
REPRESENTATION_RELATIONSHIP($,$,#7081,#7080)
REPRESENTATION_RELATIONSHIP_WITH_TRANSFORMATION(#15)
SHAPE_REPRESENTATION_RELATIONSHIP()
);
#34=(
REPRESENTATION_RELATIONSHIP($,$,#7084,#7080)
REPRESENTATION_RELATIONSHIP_WITH_TRANSFORMATION(#16)
SHAPE_REPRESENTATION_RELATIONSHIP()
);
#35=(
REPRESENTATION_RELATIONSHIP($,$,#7083,#7080)
REPRESENTATION_RELATIONSHIP_WITH_TRANSFORMATION(#17)
SHAPE_REPRESENTATION_RELATIONSHIP()
);
#36=(
REPRESENTATION_RELATIONSHIP($,$,#7084,#7080)
REPRESENTATION_RELATIONSHIP_WITH_TRANSFORMATION(#18)
SHAPE_REPRESENTATION_RELATIONSHIP()
);
#37=(
REPRESENTATION_RELATIONSHIP($,$,#7082,#7080)
REPRESENTATION_RELATIONSHIP_WITH_TRANSFORMATION(#19)
SHAPE_REPRESENTATION_RELATIONSHIP()
);
#38=(
REPRESENTATION_RELATIONSHIP($,$,#7084,#7080)
REPRESENTATION_RELATIONSHIP_WITH_TRANSFORMATION(#20)
SHAPE_REPRESENTATION_RELATIONSHIP()
);
#39=(
REPRESENTATION_RELATIONSHIP($,$,#7083,#7080)
REPRESENTATION_RELATIONSHIP_WITH_TRANSFORMATION(#21)
SHAPE_REPRESENTATION_RELATIONSHIP()
);
#40=(
REPRESENTATION_RELATIONSHIP($,$,#7084,#7080)
REPRESENTATION_RELATIONSHIP_WITH_TRANSFORMATION(#22)
SHAPE_REPRESENTATION_RELATIONSHIP()
);
#41=(
REPRESENTATION_RELATIONSHIP($,$,#7085,#7080)
REPRESENTATION_RELATIONSHIP_WITH_TRANSFORMATION(#23)
SHAPE_REPRESENTATION_RELATIONSHIP()
);
#42=(
REPRESENTATION_RELATIONSHIP($,$,#7086,#7080)
REPRESENTATION_RELATIONSHIP_WITH_TRANSFORMATION(#24)
SHAPE_REPRESENTATION_RELATIONSHIP()
);
#43=(
REPRESENTATION_RELATIONSHIP($,$,#7080,#7079)
REPRESENTATION_RELATIONSHIP_WITH_TRANSFORMATION(#25)
SHAPE_REPRESENTATION_RELATIONSHIP()
);
#44=(
REPRESENTATION_RELATIONSHIP($,$,#7087,#7079)
REPRESENTATION_RELATIONSHIP_WITH_TRANSFORMATION(#26)
SHAPE_REPRESENTATION_RELATIONSHIP()
);
#45=(
REPRESENTATION_RELATIONSHIP($,$,#7088,#7079)
REPRESENTATION_RELATIONSHIP_WITH_TRANSFORMATION(#27)
SHAPE_REPRESENTATION_RELATIONSHIP()
);
#46=(
REPRESENTATION_RELATIONSHIP($,$,#7089,#7079)
REPRESENTATION_RELATIONSHIP_WITH_TRANSFORMATION(#28)
SHAPE_REPRESENTATION_RELATIONSHIP()
);
#47=(
REPRESENTATION_RELATIONSHIP($,$,#7090,#7079)
REPRESENTATION_RELATIONSHIP_WITH_TRANSFORMATION(#29)
SHAPE_REPRESENTATION_RELATIONSHIP()
);
#48=(
REPRESENTATION_RELATIONSHIP($,$,#7090,#7079)
REPRESENTATION_RELATIONSHIP_WITH_TRANSFORMATION(#30)
SHAPE_REPRESENTATION_RELATIONSHIP()
);
#49=(
REPRESENTATION_RELATIONSHIP($,$,#7090,#7079)
REPRESENTATION_RELATIONSHIP_WITH_TRANSFORMATION(#31)
SHAPE_REPRESENTATION_RELATIONSHIP()
);
#50=(
REPRESENTATION_RELATIONSHIP($,$,#7090,#7079)
REPRESENTATION_RELATIONSHIP_WITH_TRANSFORMATION(#32)
SHAPE_REPRESENTATION_RELATIONSHIP()
);
#51=CONTEXT_DEPENDENT_SHAPE_REPRESENTATION(#33,#7057);
#52=CONTEXT_DEPENDENT_SHAPE_REPRESENTATION(#34,#7058);
#53=CONTEXT_DEPENDENT_SHAPE_REPRESENTATION(#35,#7059);
#54=CONTEXT_DEPENDENT_SHAPE_REPRESENTATION(#36,#7060);
#55=CONTEXT_DEPENDENT_SHAPE_REPRESENTATION(#37,#7061);
#56=CONTEXT_DEPENDENT_SHAPE_REPRESENTATION(#38,#7062);
#57=CONTEXT_DEPENDENT_SHAPE_REPRESENTATION(#39,#7063);
#58=CONTEXT_DEPENDENT_SHAPE_REPRESENTATION(#40,#7064);
#59=CONTEXT_DEPENDENT_SHAPE_REPRESENTATION(#41,#7065);
#60=CONTEXT_DEPENDENT_SHAPE_REPRESENTATION(#42,#7066);
#61=CONTEXT_DEPENDENT_SHAPE_REPRESENTATION(#43,#7071);
#62=CONTEXT_DEPENDENT_SHAPE_REPRESENTATION(#44,#7072);
#63=CONTEXT_DEPENDENT_SHAPE_REPRESENTATION(#45,#7073);
#64=CONTEXT_DEPENDENT_SHAPE_REPRESENTATION(#46,#7074);
#65=CONTEXT_DEPENDENT_SHAPE_REPRESENTATION(#47,#7075);
#66=CONTEXT_DEPENDENT_SHAPE_REPRESENTATION(#48,#7076);
#67=CONTEXT_DEPENDENT_SHAPE_REPRESENTATION(#49,#7077);
#68=CONTEXT_DEPENDENT_SHAPE_REPRESENTATION(#50,#7078);
#69=NEXT_ASSEMBLY_USAGE_OCCURRENCE('SHAFT:1','SHAFT:1','SHAFT:1',#7093,
#7094,'SHAFT:1');
#70=NEXT_ASSEMBLY_USAGE_OCCURRENCE('80STACK:1','80STACK:1','80STACK:1',
#7093,#7097,'80STACK:1');
#71=NEXT_ASSEMBLY_USAGE_OCCURRENCE('MG86-006:1','MG86-006:1',
'MG86-006:1',#7093,#7096,'MG86-006:1');
#72=NEXT_ASSEMBLY_USAGE_OCCURRENCE('80STACK:2','80STACK:2','80STACK:2',
#7093,#7097,'80STACK:2');
#73=NEXT_ASSEMBLY_USAGE_OCCURRENCE('PT86-001:1','PT86-001:1',
'PT86-001:1',#7093,#7095,'PT86-001:1');
#74=NEXT_ASSEMBLY_USAGE_OCCURRENCE('80STACK:3','80STACK:3','80STACK:3',
#7093,#7097,'80STACK:3');
#75=NEXT_ASSEMBLY_USAGE_OCCURRENCE('MG86-006:2','MG86-006:2',
'MG86-006:2',#7093,#7096,'MG86-006:2');
#76=NEXT_ASSEMBLY_USAGE_OCCURRENCE('80STACK:4','80STACK:4','80STACK:4',
#7093,#7097,'80STACK:4');
#77=NEXT_ASSEMBLY_USAGE_OCCURRENCE('6203:1','6203:1','6203:1',#7093,#7098,
'6203:1');
#78=NEXT_ASSEMBLY_USAGE_OCCURRENCE('6002:1','6002:1','6002:1',#7093,#7099,
'6002:1');
#79=NEXT_ASSEMBLY_USAGE_OCCURRENCE('ROTOR_ASM:1','ROTOR_ASM:1',
'ROTOR_ASM:1',#7092,#7093,'ROTOR_ASM:1');
#80=NEXT_ASSEMBLY_USAGE_OCCURRENCE('FRONT:1','FRONT:1','FRONT:1',#7092,
#7100,'FRONT:1');
#81=NEXT_ASSEMBLY_USAGE_OCCURRENCE('STATOR:1','STATOR:1','STATOR:1',#7092,
#7101,'STATOR:1');
#82=NEXT_ASSEMBLY_USAGE_OCCURRENCE('REAR:1','REAR:1','REAR:1',#7092,#7102,
'REAR:1');
#83=NEXT_ASSEMBLY_USAGE_OCCURRENCE('1_2_05_130070:1','1_2_05_130070:1',
'1_2_05_130070:1',#7092,#7103,'1_2_05_130070:1');
#84=NEXT_ASSEMBLY_USAGE_OCCURRENCE('1_2_05_130070:2','1_2_05_130070:2',
'1_2_05_130070:2',#7092,#7103,'1_2_05_130070:2');
#85=NEXT_ASSEMBLY_USAGE_OCCURRENCE('1_2_05_130070:3','1_2_05_130070:3',
'1_2_05_130070:3',#7092,#7103,'1_2_05_130070:3');
#86=NEXT_ASSEMBLY_USAGE_OCCURRENCE('1_2_05_130070:4','1_2_05_130070:4',
'1_2_05_130070:4',#7092,#7103,'1_2_05_130070:4');
#87=SHAPE_REPRESENTATION_RELATIONSHIP('SRR','None',#7081,#97);
#88=SHAPE_REPRESENTATION_RELATIONSHIP('SRR','None',#7082,#98);
#89=SHAPE_REPRESENTATION_RELATIONSHIP('SRR','None',#7083,#99);
#90=SHAPE_REPRESENTATION_RELATIONSHIP('SRR','None',#7084,#100);
#91=SHAPE_REPRESENTATION_RELATIONSHIP('SRR','None',#7085,#101);
#92=SHAPE_REPRESENTATION_RELATIONSHIP('SRR','None',#7086,#102);
#93=SHAPE_REPRESENTATION_RELATIONSHIP('SRR','None',#7087,#103);
#94=SHAPE_REPRESENTATION_RELATIONSHIP('SRR','None',#7088,#104);
#95=SHAPE_REPRESENTATION_RELATIONSHIP('SRR','None',#7089,#105);
#96=SHAPE_REPRESENTATION_RELATIONSHIP('SRR','None',#7090,#106);
#97=ADVANCED_BREP_SHAPE_REPRESENTATION('',(#118),#7022);
#98=ADVANCED_BREP_SHAPE_REPRESENTATION('',(#119),#7023);
#99=ADVANCED_BREP_SHAPE_REPRESENTATION('',(#120),#7024);
#100=ADVANCED_BREP_SHAPE_REPRESENTATION('',(#121),#7025);
#101=ADVANCED_BREP_SHAPE_REPRESENTATION('',(#122),#7026);
#102=ADVANCED_BREP_SHAPE_REPRESENTATION('',(#123),#7027);
#103=ADVANCED_BREP_SHAPE_REPRESENTATION('',(#124),#7028);
#104=ADVANCED_BREP_SHAPE_REPRESENTATION('',(#125),#7029);
#105=ADVANCED_BREP_SHAPE_REPRESENTATION('',(#126),#7030);
#106=ADVANCED_BREP_SHAPE_REPRESENTATION('',(#127),#7031);
#107=STYLED_ITEM('',(#7143),#118);
#108=STYLED_ITEM('',(#7143),#119);
#109=STYLED_ITEM('',(#7143),#120);
#110=STYLED_ITEM('',(#7143),#121);
#111=STYLED_ITEM('',(#7143),#122);
#112=STYLED_ITEM('',(#7143),#123);
#113=STYLED_ITEM('',(#7143),#124);
#114=STYLED_ITEM('',(#7143),#125);
#115=STYLED_ITEM('',(#7143),#126);
#116=STYLED_ITEM('',(#7143),#127);
#117=STYLED_ITEM('',(#7143),#12);
#118=MANIFOLD_SOLID_BREP('Body1',#3916);
#119=MANIFOLD_SOLID_BREP('Body1',#3917);
#120=MANIFOLD_SOLID_BREP('Body1',#3918);
#121=MANIFOLD_SOLID_BREP('Body1',#3919);
#122=MANIFOLD_SOLID_BREP('Body1',#3920);
#123=MANIFOLD_SOLID_BREP('Body1',#3921);
#124=MANIFOLD_SOLID_BREP('Body1',#3922);
#125=MANIFOLD_SOLID_BREP('Body1',#3923);
#126=MANIFOLD_SOLID_BREP('Body1',#3924);
#127=MANIFOLD_SOLID_BREP('Body1',#3925);
#128=B_SPLINE_CURVE_WITH_KNOTS('',3,(#5875,#5876,#5877,#5878,#5879),
 .UNSPECIFIED.,.F.,.F.,(4,1,4),(0.,0.5,1.),.UNSPECIFIED.);
#129=B_SPLINE_CURVE_WITH_KNOTS('',3,(#5882,#5883,#5884,#5885,#5886,#5887,
#5888),.UNSPECIFIED.,.F.,.F.,(4,3,4),(0.,0.5,1.),.UNSPECIFIED.);
#130=B_SPLINE_CURVE_WITH_KNOTS('',3,(#6795,#6796,#6797,#6798,#6799,#6800,
#6801,#6802,#6803,#6804),.UNSPECIFIED.,.F.,.F.,(4,2,2,2,4),(0.,0.0113351191162683,
0.0226702382325365,0.0340053573488047,0.045340476465073),.UNSPECIFIED.);
#131=B_SPLINE_CURVE_WITH_KNOTS('',3,(#6812,#6813,#6814,#6815,#6816,#6817,
#6818,#6819,#6820,#6821),.UNSPECIFIED.,.F.,.F.,(4,2,2,2,4),(0.,0.0113351191162682,
0.0226702382325365,0.0340053573488047,0.045340476465073),.UNSPECIFIED.);
#132=B_SPLINE_CURVE_WITH_KNOTS('',3,(#6829,#6830,#6831,#6832,#6833,#6834,
#6835,#6836,#6837,#6838),.UNSPECIFIED.,.F.,.F.,(4,2,2,2,4),(0.,0.0113351191162683,
0.0226702382325365,0.0340053573488047,0.045340476465073),.UNSPECIFIED.);
#133=B_SPLINE_CURVE_WITH_KNOTS('',3,(#6846,#6847,#6848,#6849,#6850,#6851,
#6852,#6853,#6854,#6855),.UNSPECIFIED.,.F.,.F.,(4,2,2,2,4),(0.,0.0113351191162682,
0.0226702382325365,0.0340053573488047,0.045340476465073),.UNSPECIFIED.);
#134=CONICAL_SURFACE('',#4062,7.249999996909,0.785398163397448);
#135=CONICAL_SURFACE('',#4071,0.7963678392339,0.643501108793214);
#136=CONICAL_SURFACE('',#4079,6.100046066142,0.785398163397448);
#137=CONICAL_SURFACE('',#4506,1.399999999999,0.785398163397448);
#138=FACE_BOUND('',#503,.T.);
#139=FACE_BOUND('',#506,.T.);
#140=FACE_BOUND('',#509,.T.);
#141=FACE_BOUND('',#513,.T.);
#142=FACE_BOUND('',#517,.T.);
#143=FACE_BOUND('',#524,.T.);
#144=FACE_BOUND('',#527,.T.);
#145=FACE_BOUND('',#530,.T.);
#146=FACE_BOUND('',#533,.T.);
#147=FACE_BOUND('',#536,.T.);
#148=FACE_BOUND('',#539,.T.);
#149=FACE_BOUND('',#542,.T.);
#150=FACE_BOUND('',#545,.T.);
#151=FACE_BOUND('',#548,.T.);
#152=FACE_BOUND('',#551,.T.);
#153=FACE_BOUND('',#554,.T.);
#154=FACE_BOUND('',#557,.T.);
#155=FACE_BOUND('',#560,.T.);
#156=FACE_BOUND('',#563,.T.);
#157=FACE_BOUND('',#564,.T.);
#158=FACE_BOUND('',#565,.T.);
#159=FACE_BOUND('',#566,.T.);
#160=FACE_BOUND('',#567,.T.);
#161=FACE_BOUND('',#571,.T.);
#162=FACE_BOUND('',#573,.T.);
#163=FACE_BOUND('',#575,.T.);
#164=FACE_BOUND('',#577,.T.);
#165=FACE_BOUND('',#583,.T.);
#166=FACE_BOUND('',#586,.T.);
#167=FACE_BOUND('',#587,.T.);
#168=FACE_BOUND('',#588,.T.);
#169=FACE_BOUND('',#589,.T.);
#170=FACE_BOUND('',#590,.T.);
#171=FACE_BOUND('',#593,.T.);
#172=FACE_BOUND('',#596,.T.);
#173=FACE_BOUND('',#599,.T.);
#174=FACE_BOUND('',#608,.T.);
#175=FACE_BOUND('',#622,.T.);
#176=FACE_BOUND('',#635,.T.);
#177=FACE_BOUND('',#649,.T.);
#178=FACE_BOUND('',#652,.T.);
#179=FACE_BOUND('',#678,.T.);
#180=FACE_BOUND('',#681,.T.);
#181=FACE_BOUND('',#684,.T.);
#182=FACE_BOUND('',#687,.T.);
#183=FACE_BOUND('',#690,.T.);
#184=FACE_BOUND('',#693,.T.);
#185=FACE_BOUND('',#746,.T.);
#186=FACE_BOUND('',#753,.T.);
#187=PLANE('',#4045);
#188=PLANE('',#4051);
#189=PLANE('',#4055);
#190=PLANE('',#4065);
#191=PLANE('',#4072);
#192=PLANE('',#4081);
#193=PLANE('',#4082);
#194=PLANE('',#4083);
#195=PLANE('',#4085);
#196=PLANE('',#4093);
#197=PLANE('',#4098);
#198=PLANE('',#4106);
#199=PLANE('',#4111);
#200=PLANE('',#4118);
#201=PLANE('',#4124);
#202=PLANE('',#4128);
#203=PLANE('',#4136);
#204=PLANE('',#4141);
#205=PLANE('',#4149);
#206=PLANE('',#4164);
#207=PLANE('',#4170);
#208=PLANE('',#4176);
#209=PLANE('',#4197);
#210=PLANE('',#4200);
#211=PLANE('',#4206);
#212=PLANE('',#4211);
#213=PLANE('',#4217);
#214=PLANE('',#4224);
#215=PLANE('',#4226);
#216=PLANE('',#4227);
#217=PLANE('',#4231);
#218=PLANE('',#4232);
#219=PLANE('',#4250);
#220=PLANE('',#4254);
#221=PLANE('',#4260);
#222=PLANE('',#4269);
#223=PLANE('',#4270);
#224=PLANE('',#4274);
#225=PLANE('',#4276);
#226=PLANE('',#4279);
#227=PLANE('',#4281);
#228=PLANE('',#4283);
#229=PLANE('',#4285);
#230=PLANE('',#4286);
#231=PLANE('',#4290);
#232=PLANE('',#4292);
#233=PLANE('',#4296);
#234=PLANE('',#4298);
#235=PLANE('',#4300);
#236=PLANE('',#4301);
#237=PLANE('',#4305);
#238=PLANE('',#4307);
#239=PLANE('',#4311);
#240=PLANE('',#4313);
#241=PLANE('',#4318);
#242=PLANE('',#4334);
#243=PLANE('',#4347);
#244=PLANE('',#4349);
#245=PLANE('',#4351);
#246=PLANE('',#4353);
#247=PLANE('',#4355);
#248=PLANE('',#4357);
#249=PLANE('',#4359);
#250=PLANE('',#4361);
#251=PLANE('',#4363);
#252=PLANE('',#4365);
#253=PLANE('',#4367);
#254=PLANE('',#4369);
#255=PLANE('',#4372);
#256=PLANE('',#4388);
#257=PLANE('',#4394);
#258=PLANE('',#4400);
#259=PLANE('',#4404);
#260=PLANE('',#4410);
#261=PLANE('',#4424);
#262=PLANE('',#4426);
#263=PLANE('',#4428);
#264=PLANE('',#4430);
#265=PLANE('',#4432);
#266=PLANE('',#4434);
#267=PLANE('',#4436);
#268=PLANE('',#4438);
#269=PLANE('',#4440);
#270=PLANE('',#4442);
#271=PLANE('',#4444);
#272=PLANE('',#4446);
#273=PLANE('',#4466);
#274=PLANE('',#4467);
#275=PLANE('',#4470);
#276=PLANE('',#4471);
#277=PLANE('',#4472);
#278=PLANE('',#4475);
#279=PLANE('',#4476);
#280=PLANE('',#4477);
#281=PLANE('',#4480);
#282=PLANE('',#4481);
#283=PLANE('',#4482);
#284=PLANE('',#4483);
#285=PLANE('',#4484);
#286=PLANE('',#4485);
#287=PLANE('',#4486);
#288=PLANE('',#4487);
#289=PLANE('',#4488);
#290=PLANE('',#4489);
#291=PLANE('',#4490);
#292=PLANE('',#4491);
#293=PLANE('',#4492);
#294=PLANE('',#4496);
#295=PLANE('',#4509);
#296=PLANE('',#4515);
#297=FACE_OUTER_BOUND('',#501,.T.);
#298=FACE_OUTER_BOUND('',#502,.T.);
#299=FACE_OUTER_BOUND('',#504,.T.);
#300=FACE_OUTER_BOUND('',#505,.T.);
#301=FACE_OUTER_BOUND('',#507,.T.);
#302=FACE_OUTER_BOUND('',#508,.T.);
#303=FACE_OUTER_BOUND('',#510,.T.);
#304=FACE_OUTER_BOUND('',#511,.T.);
#305=FACE_OUTER_BOUND('',#512,.T.);
#306=FACE_OUTER_BOUND('',#514,.T.);
#307=FACE_OUTER_BOUND('',#515,.T.);
#308=FACE_OUTER_BOUND('',#516,.T.);
#309=FACE_OUTER_BOUND('',#518,.T.);
#310=FACE_OUTER_BOUND('',#519,.T.);
#311=FACE_OUTER_BOUND('',#520,.T.);
#312=FACE_OUTER_BOUND('',#521,.T.);
#313=FACE_OUTER_BOUND('',#522,.T.);
#314=FACE_OUTER_BOUND('',#523,.T.);
#315=FACE_OUTER_BOUND('',#525,.T.);
#316=FACE_OUTER_BOUND('',#526,.T.);
#317=FACE_OUTER_BOUND('',#528,.T.);
#318=FACE_OUTER_BOUND('',#529,.T.);
#319=FACE_OUTER_BOUND('',#531,.T.);
#320=FACE_OUTER_BOUND('',#532,.T.);
#321=FACE_OUTER_BOUND('',#534,.T.);
#322=FACE_OUTER_BOUND('',#535,.T.);
#323=FACE_OUTER_BOUND('',#537,.T.);
#324=FACE_OUTER_BOUND('',#538,.T.);
#325=FACE_OUTER_BOUND('',#540,.T.);
#326=FACE_OUTER_BOUND('',#541,.T.);
#327=FACE_OUTER_BOUND('',#543,.T.);
#328=FACE_OUTER_BOUND('',#544,.T.);
#329=FACE_OUTER_BOUND('',#546,.T.);
#330=FACE_OUTER_BOUND('',#547,.T.);
#331=FACE_OUTER_BOUND('',#549,.T.);
#332=FACE_OUTER_BOUND('',#550,.T.);
#333=FACE_OUTER_BOUND('',#552,.T.);
#334=FACE_OUTER_BOUND('',#553,.T.);
#335=FACE_OUTER_BOUND('',#555,.T.);
#336=FACE_OUTER_BOUND('',#556,.T.);
#337=FACE_OUTER_BOUND('',#558,.T.);
#338=FACE_OUTER_BOUND('',#559,.T.);
#339=FACE_OUTER_BOUND('',#561,.T.);
#340=FACE_OUTER_BOUND('',#562,.T.);
#341=FACE_OUTER_BOUND('',#568,.T.);
#342=FACE_OUTER_BOUND('',#569,.T.);
#343=FACE_OUTER_BOUND('',#570,.T.);
#344=FACE_OUTER_BOUND('',#572,.T.);
#345=FACE_OUTER_BOUND('',#574,.T.);
#346=FACE_OUTER_BOUND('',#576,.T.);
#347=FACE_OUTER_BOUND('',#578,.T.);
#348=FACE_OUTER_BOUND('',#579,.T.);
#349=FACE_OUTER_BOUND('',#580,.T.);
#350=FACE_OUTER_BOUND('',#581,.T.);
#351=FACE_OUTER_BOUND('',#582,.T.);
#352=FACE_OUTER_BOUND('',#584,.T.);
#353=FACE_OUTER_BOUND('',#585,.T.);
#354=FACE_OUTER_BOUND('',#591,.T.);
#355=FACE_OUTER_BOUND('',#592,.T.);
#356=FACE_OUTER_BOUND('',#594,.T.);
#357=FACE_OUTER_BOUND('',#595,.T.);
#358=FACE_OUTER_BOUND('',#597,.T.);
#359=FACE_OUTER_BOUND('',#598,.T.);
#360=FACE_OUTER_BOUND('',#600,.T.);
#361=FACE_OUTER_BOUND('',#601,.T.);
#362=FACE_OUTER_BOUND('',#602,.T.);
#363=FACE_OUTER_BOUND('',#603,.T.);
#364=FACE_OUTER_BOUND('',#604,.T.);
#365=FACE_OUTER_BOUND('',#605,.T.);
#366=FACE_OUTER_BOUND('',#606,.T.);
#367=FACE_OUTER_BOUND('',#607,.T.);
#368=FACE_OUTER_BOUND('',#609,.T.);
#369=FACE_OUTER_BOUND('',#610,.T.);
#370=FACE_OUTER_BOUND('',#611,.T.);
#371=FACE_OUTER_BOUND('',#612,.T.);
#372=FACE_OUTER_BOUND('',#613,.T.);
#373=FACE_OUTER_BOUND('',#614,.T.);
#374=FACE_OUTER_BOUND('',#615,.T.);
#375=FACE_OUTER_BOUND('',#616,.T.);
#376=FACE_OUTER_BOUND('',#617,.T.);
#377=FACE_OUTER_BOUND('',#618,.T.);
#378=FACE_OUTER_BOUND('',#619,.T.);
#379=FACE_OUTER_BOUND('',#620,.T.);
#380=FACE_OUTER_BOUND('',#621,.T.);
#381=FACE_OUTER_BOUND('',#623,.T.);
#382=FACE_OUTER_BOUND('',#624,.T.);
#383=FACE_OUTER_BOUND('',#625,.T.);
#384=FACE_OUTER_BOUND('',#626,.T.);
#385=FACE_OUTER_BOUND('',#627,.T.);
#386=FACE_OUTER_BOUND('',#628,.T.);
#387=FACE_OUTER_BOUND('',#629,.T.);
#388=FACE_OUTER_BOUND('',#630,.T.);
#389=FACE_OUTER_BOUND('',#631,.T.);
#390=FACE_OUTER_BOUND('',#632,.T.);
#391=FACE_OUTER_BOUND('',#633,.T.);
#392=FACE_OUTER_BOUND('',#634,.T.);
#393=FACE_OUTER_BOUND('',#636,.T.);
#394=FACE_OUTER_BOUND('',#637,.T.);
#395=FACE_OUTER_BOUND('',#638,.T.);
#396=FACE_OUTER_BOUND('',#639,.T.);
#397=FACE_OUTER_BOUND('',#640,.T.);
#398=FACE_OUTER_BOUND('',#641,.T.);
#399=FACE_OUTER_BOUND('',#642,.T.);
#400=FACE_OUTER_BOUND('',#643,.T.);
#401=FACE_OUTER_BOUND('',#644,.T.);
#402=FACE_OUTER_BOUND('',#645,.T.);
#403=FACE_OUTER_BOUND('',#646,.T.);
#404=FACE_OUTER_BOUND('',#647,.T.);
#405=FACE_OUTER_BOUND('',#648,.T.);
#406=FACE_OUTER_BOUND('',#650,.T.);
#407=FACE_OUTER_BOUND('',#651,.T.);
#408=FACE_OUTER_BOUND('',#653,.T.);
#409=FACE_OUTER_BOUND('',#654,.T.);
#410=FACE_OUTER_BOUND('',#655,.T.);
#411=FACE_OUTER_BOUND('',#656,.T.);
#412=FACE_OUTER_BOUND('',#657,.T.);
#413=FACE_OUTER_BOUND('',#658,.T.);
#414=FACE_OUTER_BOUND('',#659,.T.);
#415=FACE_OUTER_BOUND('',#660,.T.);
#416=FACE_OUTER_BOUND('',#661,.T.);
#417=FACE_OUTER_BOUND('',#662,.T.);
#418=FACE_OUTER_BOUND('',#663,.T.);
#419=FACE_OUTER_BOUND('',#664,.T.);
#420=FACE_OUTER_BOUND('',#665,.T.);
#421=FACE_OUTER_BOUND('',#666,.T.);
#422=FACE_OUTER_BOUND('',#667,.T.);
#423=FACE_OUTER_BOUND('',#668,.T.);
#424=FACE_OUTER_BOUND('',#669,.T.);
#425=FACE_OUTER_BOUND('',#670,.T.);
#426=FACE_OUTER_BOUND('',#671,.T.);
#427=FACE_OUTER_BOUND('',#672,.T.);
#428=FACE_OUTER_BOUND('',#673,.T.);
#429=FACE_OUTER_BOUND('',#674,.T.);
#430=FACE_OUTER_BOUND('',#675,.T.);
#431=FACE_OUTER_BOUND('',#676,.T.);
#432=FACE_OUTER_BOUND('',#677,.T.);
#433=FACE_OUTER_BOUND('',#679,.T.);
#434=FACE_OUTER_BOUND('',#680,.T.);
#435=FACE_OUTER_BOUND('',#682,.T.);
#436=FACE_OUTER_BOUND('',#683,.T.);
#437=FACE_OUTER_BOUND('',#685,.T.);
#438=FACE_OUTER_BOUND('',#686,.T.);
#439=FACE_OUTER_BOUND('',#688,.T.);
#440=FACE_OUTER_BOUND('',#689,.T.);
#441=FACE_OUTER_BOUND('',#691,.T.);
#442=FACE_OUTER_BOUND('',#692,.T.);
#443=FACE_OUTER_BOUND('',#694,.T.);
#444=FACE_OUTER_BOUND('',#695,.T.);
#445=FACE_OUTER_BOUND('',#696,.T.);
#446=FACE_OUTER_BOUND('',#697,.T.);
#447=FACE_OUTER_BOUND('',#698,.T.);
#448=FACE_OUTER_BOUND('',#699,.T.);
#449=FACE_OUTER_BOUND('',#700,.T.);
#450=FACE_OUTER_BOUND('',#701,.T.);
#451=FACE_OUTER_BOUND('',#702,.T.);
#452=FACE_OUTER_BOUND('',#703,.T.);
#453=FACE_OUTER_BOUND('',#704,.T.);
#454=FACE_OUTER_BOUND('',#705,.T.);
#455=FACE_OUTER_BOUND('',#706,.T.);
#456=FACE_OUTER_BOUND('',#707,.T.);
#457=FACE_OUTER_BOUND('',#708,.T.);
#458=FACE_OUTER_BOUND('',#709,.T.);
#459=FACE_OUTER_BOUND('',#710,.T.);
#460=FACE_OUTER_BOUND('',#711,.T.);
#461=FACE_OUTER_BOUND('',#712,.T.);
#462=FACE_OUTER_BOUND('',#713,.T.);
#463=FACE_OUTER_BOUND('',#714,.T.);
#464=FACE_OUTER_BOUND('',#715,.T.);
#465=FACE_OUTER_BOUND('',#716,.T.);
#466=FACE_OUTER_BOUND('',#717,.T.);
#467=FACE_OUTER_BOUND('',#718,.T.);
#468=FACE_OUTER_BOUND('',#719,.T.);
#469=FACE_OUTER_BOUND('',#720,.T.);
#470=FACE_OUTER_BOUND('',#721,.T.);
#471=FACE_OUTER_BOUND('',#722,.T.);
#472=FACE_OUTER_BOUND('',#723,.T.);
#473=FACE_OUTER_BOUND('',#724,.T.);
#474=FACE_OUTER_BOUND('',#725,.T.);
#475=FACE_OUTER_BOUND('',#726,.T.);
#476=FACE_OUTER_BOUND('',#727,.T.);
#477=FACE_OUTER_BOUND('',#728,.T.);
#478=FACE_OUTER_BOUND('',#729,.T.);
#479=FACE_OUTER_BOUND('',#730,.T.);
#480=FACE_OUTER_BOUND('',#731,.T.);
#481=FACE_OUTER_BOUND('',#732,.T.);
#482=FACE_OUTER_BOUND('',#733,.T.);
#483=FACE_OUTER_BOUND('',#734,.T.);
#484=FACE_OUTER_BOUND('',#735,.T.);
#485=FACE_OUTER_BOUND('',#736,.T.);
#486=FACE_OUTER_BOUND('',#737,.T.);
#487=FACE_OUTER_BOUND('',#738,.T.);
#488=FACE_OUTER_BOUND('',#739,.T.);
#489=FACE_OUTER_BOUND('',#740,.T.);
#490=FACE_OUTER_BOUND('',#741,.T.);
#491=FACE_OUTER_BOUND('',#742,.T.);
#492=FACE_OUTER_BOUND('',#743,.T.);
#493=FACE_OUTER_BOUND('',#744,.T.);
#494=FACE_OUTER_BOUND('',#745,.T.);
#495=FACE_OUTER_BOUND('',#747,.T.);
#496=FACE_OUTER_BOUND('',#748,.T.);
#497=FACE_OUTER_BOUND('',#749,.T.);
#498=FACE_OUTER_BOUND('',#750,.T.);
#499=FACE_OUTER_BOUND('',#751,.T.);
#500=FACE_OUTER_BOUND('',#752,.T.);
#501=EDGE_LOOP('',(#2525,#2526,#2527,#2528,#2529,#2530));
#502=EDGE_LOOP('',(#2531,#2532));
#503=EDGE_LOOP('',(#2533,#2534));
#504=EDGE_LOOP('',(#2535,#2536,#2537,#2538,#2539,#2540));
#505=EDGE_LOOP('',(#2541,#2542));
#506=EDGE_LOOP('',(#2543));
#507=EDGE_LOOP('',(#2544,#2545,#2546,#2547));
#508=EDGE_LOOP('',(#2548));
#509=EDGE_LOOP('',(#2549,#2550));
#510=EDGE_LOOP('',(#2551,#2552,#2553,#2554,#2555,#2556,#2557));
#511=EDGE_LOOP('',(#2558,#2559,#2560,#2561,#2562,#2563,#2564));
#512=EDGE_LOOP('',(#2565,#2566));
#513=EDGE_LOOP('',(#2567,#2568));
#514=EDGE_LOOP('',(#2569,#2570,#2571,#2572,#2573,#2574));
#515=EDGE_LOOP('',(#2575,#2576,#2577,#2578));
#516=EDGE_LOOP('',(#2579,#2580));
#517=EDGE_LOOP('',(#2581,#2582));
#518=EDGE_LOOP('',(#2583,#2584,#2585,#2586,#2587,#2588,#2589,#2590,#2591));
#519=EDGE_LOOP('',(#2592,#2593,#2594,#2595));
#520=EDGE_LOOP('',(#2596,#2597,#2598,#2599,#2600,#2601));
#521=EDGE_LOOP('',(#2602,#2603));
#522=EDGE_LOOP('',(#2604,#2605,#2606));
#523=EDGE_LOOP('',(#2607,#2608));
#524=EDGE_LOOP('',(#2609,#2610));
#525=EDGE_LOOP('',(#2611,#2612,#2613,#2614,#2615,#2616));
#526=EDGE_LOOP('',(#2617,#2618));
#527=EDGE_LOOP('',(#2619,#2620));
#528=EDGE_LOOP('',(#2621,#2622,#2623,#2624,#2625,#2626));
#529=EDGE_LOOP('',(#2627,#2628));
#530=EDGE_LOOP('',(#2629,#2630));
#531=EDGE_LOOP('',(#2631,#2632,#2633,#2634,#2635,#2636));
#532=EDGE_LOOP('',(#2637,#2638));
#533=EDGE_LOOP('',(#2639,#2640));
#534=EDGE_LOOP('',(#2641,#2642,#2643,#2644,#2645,#2646));
#535=EDGE_LOOP('',(#2647,#2648));
#536=EDGE_LOOP('',(#2649));
#537=EDGE_LOOP('',(#2650,#2651,#2652,#2653,#2654,#2655));
#538=EDGE_LOOP('',(#2656,#2657));
#539=EDGE_LOOP('',(#2658,#2659));
#540=EDGE_LOOP('',(#2660,#2661,#2662,#2663,#2664,#2665));
#541=EDGE_LOOP('',(#2666,#2667));
#542=EDGE_LOOP('',(#2668));
#543=EDGE_LOOP('',(#2669,#2670,#2671,#2672));
#544=EDGE_LOOP('',(#2673,#2674));
#545=EDGE_LOOP('',(#2675,#2676));
#546=EDGE_LOOP('',(#2677,#2678,#2679,#2680,#2681,#2682));
#547=EDGE_LOOP('',(#2683,#2684));
#548=EDGE_LOOP('',(#2685,#2686));
#549=EDGE_LOOP('',(#2687,#2688,#2689,#2690,#2691,#2692));
#550=EDGE_LOOP('',(#2693,#2694));
#551=EDGE_LOOP('',(#2695,#2696));
#552=EDGE_LOOP('',(#2697,#2698,#2699,#2700,#2701,#2702));
#553=EDGE_LOOP('',(#2703,#2704));
#554=EDGE_LOOP('',(#2705,#2706));
#555=EDGE_LOOP('',(#2707,#2708,#2709,#2710,#2711,#2712));
#556=EDGE_LOOP('',(#2713));
#557=EDGE_LOOP('',(#2714,#2715));
#558=EDGE_LOOP('',(#2716,#2717,#2718,#2719));
#559=EDGE_LOOP('',(#2720,#2721));
#560=EDGE_LOOP('',(#2722));
#561=EDGE_LOOP('',(#2723,#2724,#2725,#2726,#2727,#2728));
#562=EDGE_LOOP('',(#2729,#2730,#2731,#2732,#2733,#2734,#2735,#2736,#2737,
#2738,#2739,#2740,#2741,#2742,#2743,#2744,#2745,#2746,#2747,#2748,#2749,
#2750,#2751,#2752));
#563=EDGE_LOOP('',(#2753,#2754));
#564=EDGE_LOOP('',(#2755,#2756));
#565=EDGE_LOOP('',(#2757,#2758));
#566=EDGE_LOOP('',(#2759,#2760));
#567=EDGE_LOOP('',(#2761,#2762));
#568=EDGE_LOOP('',(#2763,#2764,#2765,#2766));
#569=EDGE_LOOP('',(#2767,#2768,#2769,#2770));
#570=EDGE_LOOP('',(#2771,#2772,#2773,#2774,#2775,#2776,#2777,#2778));
#571=EDGE_LOOP('',(#2779));
#572=EDGE_LOOP('',(#2780,#2781,#2782,#2783,#2784,#2785,#2786,#2787));
#573=EDGE_LOOP('',(#2788));
#574=EDGE_LOOP('',(#2789,#2790,#2791,#2792,#2793,#2794,#2795,#2796));
#575=EDGE_LOOP('',(#2797));
#576=EDGE_LOOP('',(#2798,#2799,#2800,#2801,#2802,#2803,#2804,#2805));
#577=EDGE_LOOP('',(#2806));
#578=EDGE_LOOP('',(#2807,#2808,#2809,#2810));
#579=EDGE_LOOP('',(#2811,#2812,#2813,#2814));
#580=EDGE_LOOP('',(#2815,#2816,#2817,#2818));
#581=EDGE_LOOP('',(#2819,#2820,#2821,#2822,#2823,#2824,#2825,#2826,#2827,
#2828,#2829,#2830));
#582=EDGE_LOOP('',(#2831,#2832,#2833,#2834));
#583=EDGE_LOOP('',(#2835,#2836));
#584=EDGE_LOOP('',(#2837,#2838,#2839,#2840));
#585=EDGE_LOOP('',(#2841,#2842,#2843,#2844,#2845,#2846,#2847,#2848,#2849,
#2850,#2851,#2852,#2853,#2854,#2855,#2856,#2857,#2858,#2859,#2860,#2861,
#2862,#2863,#2864));
#586=EDGE_LOOP('',(#2865));
#587=EDGE_LOOP('',(#2866));
#588=EDGE_LOOP('',(#2867));
#589=EDGE_LOOP('',(#2868));
#590=EDGE_LOOP('',(#2869,#2870));
#591=EDGE_LOOP('',(#2871,#2872,#2873,#2874,#2875,#2876));
#592=EDGE_LOOP('',(#2877,#2878));
#593=EDGE_LOOP('',(#2879));
#594=EDGE_LOOP('',(#2880,#2881,#2882,#2883));
#595=EDGE_LOOP('',(#2884,#2885));
#596=EDGE_LOOP('',(#2886));
#597=EDGE_LOOP('',(#2887,#2888,#2889,#2890,#2891,#2892));
#598=EDGE_LOOP('',(#2893,#2894));
#599=EDGE_LOOP('',(#2895,#2896));
#600=EDGE_LOOP('',(#2897,#2898,#2899,#2900,#2901,#2902));
#601=EDGE_LOOP('',(#2903,#2904,#2905,#2906));
#602=EDGE_LOOP('',(#2907,#2908,#2909,#2910));
#603=EDGE_LOOP('',(#2911,#2912,#2913,#2914));
#604=EDGE_LOOP('',(#2915,#2916,#2917,#2918));
#605=EDGE_LOOP('',(#2919,#2920,#2921,#2922));
#606=EDGE_LOOP('',(#2923,#2924,#2925,#2926,#2927,#2928,#2929,#2930,#2931,
#2932,#2933,#2934));
#607=EDGE_LOOP('',(#2935,#2936,#2937,#2938));
#608=EDGE_LOOP('',(#2939,#2940));
#609=EDGE_LOOP('',(#2941,#2942,#2943,#2944));
#610=EDGE_LOOP('',(#2945,#2946,#2947,#2948));
#611=EDGE_LOOP('',(#2949,#2950,#2951,#2952));
#612=EDGE_LOOP('',(#2953,#2954,#2955,#2956,#2957,#2958));
#613=EDGE_LOOP('',(#2959,#2960,#2961,#2962));
#614=EDGE_LOOP('',(#2963,#2964,#2965,#2966));
#615=EDGE_LOOP('',(#2967,#2968,#2969,#2970));
#616=EDGE_LOOP('',(#2971,#2972,#2973,#2974));
#617=EDGE_LOOP('',(#2975,#2976,#2977,#2978));
#618=EDGE_LOOP('',(#2979,#2980,#2981,#2982));
#619=EDGE_LOOP('',(#2983,#2984,#2985,#2986));
#620=EDGE_LOOP('',(#2987,#2988,#2989,#2990,#2991,#2992,#2993,#2994,#2995,
#2996,#2997,#2998));
#621=EDGE_LOOP('',(#2999,#3000,#3001,#3002));
#622=EDGE_LOOP('',(#3003,#3004));
#623=EDGE_LOOP('',(#3005,#3006,#3007,#3008));
#624=EDGE_LOOP('',(#3009,#3010,#3011,#3012));
#625=EDGE_LOOP('',(#3013,#3014,#3015,#3016));
#626=EDGE_LOOP('',(#3017,#3018,#3019,#3020,#3021,#3022));
#627=EDGE_LOOP('',(#3023,#3024,#3025,#3026));
#628=EDGE_LOOP('',(#3027,#3028,#3029,#3030));
#629=EDGE_LOOP('',(#3031,#3032,#3033,#3034));
#630=EDGE_LOOP('',(#3035,#3036,#3037,#3038));
#631=EDGE_LOOP('',(#3039,#3040,#3041,#3042));
#632=EDGE_LOOP('',(#3043,#3044,#3045,#3046));
#633=EDGE_LOOP('',(#3047,#3048,#3049,#3050,#3051,#3052,#3053,#3054,#3055,
#3056,#3057,#3058));
#634=EDGE_LOOP('',(#3059,#3060,#3061,#3062));
#635=EDGE_LOOP('',(#3063,#3064));
#636=EDGE_LOOP('',(#3065,#3066,#3067,#3068));
#637=EDGE_LOOP('',(#3069,#3070,#3071,#3072));
#638=EDGE_LOOP('',(#3073,#3074,#3075,#3076));
#639=EDGE_LOOP('',(#3077,#3078,#3079,#3080,#3081,#3082));
#640=EDGE_LOOP('',(#3083,#3084,#3085,#3086));
#641=EDGE_LOOP('',(#3087,#3088,#3089,#3090));
#642=EDGE_LOOP('',(#3091,#3092,#3093,#3094));
#643=EDGE_LOOP('',(#3095,#3096,#3097,#3098));
#644=EDGE_LOOP('',(#3099,#3100,#3101,#3102));
#645=EDGE_LOOP('',(#3103,#3104,#3105,#3106));
#646=EDGE_LOOP('',(#3107,#3108,#3109,#3110,#3111,#3112));
#647=EDGE_LOOP('',(#3113,#3114,#3115,#3116));
#648=EDGE_LOOP('',(#3117,#3118,#3119,#3120,#3121,#3122,#3123,#3124,#3125,
#3126,#3127,#3128,#3129,#3130,#3131,#3132,#3133,#3134,#3135,#3136,#3137,
#3138,#3139,#3140));
#649=EDGE_LOOP('',(#3141));
#650=EDGE_LOOP('',(#3142,#3143,#3144,#3145));
#651=EDGE_LOOP('',(#3146,#3147,#3148,#3149,#3150,#3151,#3152,#3153,#3154,
#3155,#3156,#3157,#3158,#3159,#3160,#3161,#3162,#3163,#3164,#3165,#3166,
#3167,#3168,#3169));
#652=EDGE_LOOP('',(#3170));
#653=EDGE_LOOP('',(#3171,#3172,#3173,#3174));
#654=EDGE_LOOP('',(#3175,#3176,#3177,#3178));
#655=EDGE_LOOP('',(#3179,#3180,#3181,#3182));
#656=EDGE_LOOP('',(#3183,#3184,#3185,#3186));
#657=EDGE_LOOP('',(#3187,#3188,#3189,#3190));
#658=EDGE_LOOP('',(#3191,#3192,#3193,#3194));
#659=EDGE_LOOP('',(#3195,#3196,#3197,#3198));
#660=EDGE_LOOP('',(#3199,#3200,#3201,#3202));
#661=EDGE_LOOP('',(#3203,#3204,#3205,#3206));
#662=EDGE_LOOP('',(#3207,#3208,#3209,#3210));
#663=EDGE_LOOP('',(#3211,#3212,#3213,#3214));
#664=EDGE_LOOP('',(#3215,#3216,#3217,#3218));
#665=EDGE_LOOP('',(#3219,#3220,#3221,#3222));
#666=EDGE_LOOP('',(#3223,#3224,#3225,#3226));
#667=EDGE_LOOP('',(#3227,#3228,#3229,#3230));
#668=EDGE_LOOP('',(#3231,#3232,#3233,#3234));
#669=EDGE_LOOP('',(#3235,#3236,#3237,#3238));
#670=EDGE_LOOP('',(#3239,#3240,#3241,#3242));
#671=EDGE_LOOP('',(#3243,#3244,#3245,#3246));
#672=EDGE_LOOP('',(#3247,#3248,#3249,#3250));
#673=EDGE_LOOP('',(#3251,#3252,#3253,#3254));
#674=EDGE_LOOP('',(#3255,#3256,#3257,#3258));
#675=EDGE_LOOP('',(#3259,#3260,#3261,#3262));
#676=EDGE_LOOP('',(#3263,#3264,#3265,#3266));
#677=EDGE_LOOP('',(#3267,#3268,#3269,#3270,#3271,#3272,#3273,#3274,#3275,
#3276,#3277,#3278,#3279,#3280,#3281,#3282,#3283,#3284,#3285,#3286,#3287,
#3288,#3289,#3290));
#678=EDGE_LOOP('',(#3291));
#679=EDGE_LOOP('',(#3292,#3293,#3294,#3295));
#680=EDGE_LOOP('',(#3296,#3297));
#681=EDGE_LOOP('',(#3298));
#682=EDGE_LOOP('',(#3299,#3300,#3301,#3302,#3303,#3304));
#683=EDGE_LOOP('',(#3305,#3306));
#684=EDGE_LOOP('',(#3307,#3308));
#685=EDGE_LOOP('',(#3309,#3310,#3311,#3312,#3313,#3314));
#686=EDGE_LOOP('',(#3315));
#687=EDGE_LOOP('',(#3316,#3317));
#688=EDGE_LOOP('',(#3318,#3319,#3320,#3321));
#689=EDGE_LOOP('',(#3322,#3323));
#690=EDGE_LOOP('',(#3324));
#691=EDGE_LOOP('',(#3325,#3326,#3327,#3328,#3329,#3330));
#692=EDGE_LOOP('',(#3331,#3332,#3333,#3334,#3335,#3336,#3337,#3338,#3339,
#3340,#3341,#3342,#3343,#3344,#3345,#3346,#3347,#3348,#3349,#3350,#3351,
#3352,#3353,#3354));
#693=EDGE_LOOP('',(#3355,#3356));
#694=EDGE_LOOP('',(#3357,#3358,#3359,#3360));
#695=EDGE_LOOP('',(#3361,#3362,#3363,#3364));
#696=EDGE_LOOP('',(#3365,#3366,#3367,#3368));
#697=EDGE_LOOP('',(#3369,#3370,#3371,#3372));
#698=EDGE_LOOP('',(#3373,#3374,#3375,#3376));
#699=EDGE_LOOP('',(#3377,#3378,#3379,#3380));
#700=EDGE_LOOP('',(#3381,#3382,#3383,#3384));
#701=EDGE_LOOP('',(#3385,#3386,#3387,#3388));
#702=EDGE_LOOP('',(#3389,#3390,#3391,#3392));
#703=EDGE_LOOP('',(#3393,#3394,#3395,#3396));
#704=EDGE_LOOP('',(#3397,#3398,#3399,#3400));
#705=EDGE_LOOP('',(#3401,#3402,#3403,#3404));
#706=EDGE_LOOP('',(#3405,#3406,#3407,#3408));
#707=EDGE_LOOP('',(#3409,#3410,#3411,#3412));
#708=EDGE_LOOP('',(#3413,#3414,#3415,#3416));
#709=EDGE_LOOP('',(#3417,#3418,#3419,#3420));
#710=EDGE_LOOP('',(#3421,#3422,#3423,#3424));
#711=EDGE_LOOP('',(#3425,#3426,#3427,#3428));
#712=EDGE_LOOP('',(#3429,#3430,#3431,#3432));
#713=EDGE_LOOP('',(#3433,#3434,#3435,#3436));
#714=EDGE_LOOP('',(#3437,#3438,#3439,#3440));
#715=EDGE_LOOP('',(#3441,#3442,#3443,#3444));
#716=EDGE_LOOP('',(#3445,#3446,#3447,#3448));
#717=EDGE_LOOP('',(#3449,#3450,#3451,#3452));
#718=EDGE_LOOP('',(#3453,#3454,#3455,#3456,#3457,#3458,#3459,#3460,#3461,
#3462,#3463,#3464,#3465,#3466,#3467,#3468,#3469,#3470,#3471,#3472));
#719=EDGE_LOOP('',(#3473,#3474,#3475,#3476,#3477,#3478));
#720=EDGE_LOOP('',(#3479,#3480,#3481));
#721=EDGE_LOOP('',(#3482,#3483,#3484,#3485,#3486,#3487));
#722=EDGE_LOOP('',(#3488,#3489,#3490,#3491,#3492,#3493));
#723=EDGE_LOOP('',(#3494,#3495,#3496));
#724=EDGE_LOOP('',(#3497,#3498,#3499,#3500,#3501,#3502));
#725=EDGE_LOOP('',(#3503,#3504,#3505));
#726=EDGE_LOOP('',(#3506,#3507,#3508,#3509,#3510,#3511));
#727=EDGE_LOOP('',(#3512,#3513,#3514));
#728=EDGE_LOOP('',(#3515,#3516,#3517,#3518,#3519,#3520,#3521));
#729=EDGE_LOOP('',(#3522,#3523,#3524));
#730=EDGE_LOOP('',(#3525,#3526,#3527,#3528,#3529,#3530));
#731=EDGE_LOOP('',(#3531,#3532,#3533));
#732=EDGE_LOOP('',(#3534,#3535,#3536,#3537,#3538,#3539));
#733=EDGE_LOOP('',(#3540,#3541,#3542));
#734=EDGE_LOOP('',(#3543,#3544,#3545));
#735=EDGE_LOOP('',(#3546,#3547,#3548,#3549,#3550,#3551,#3552,#3553,#3554,
#3555,#3556,#3557,#3558,#3559,#3560,#3561));
#736=EDGE_LOOP('',(#3562,#3563,#3564));
#737=EDGE_LOOP('',(#3565,#3566,#3567));
#738=EDGE_LOOP('',(#3568,#3569,#3570));
#739=EDGE_LOOP('',(#3571,#3572,#3573));
#740=EDGE_LOOP('',(#3574,#3575,#3576));
#741=EDGE_LOOP('',(#3577,#3578,#3579));
#742=EDGE_LOOP('',(#3580,#3581,#3582));
#743=EDGE_LOOP('',(#3583,#3584,#3585));
#744=EDGE_LOOP('',(#3586,#3587,#3588,#3589,#3590));
#745=EDGE_LOOP('',(#3591,#3592));
#746=EDGE_LOOP('',(#3593,#3594));
#747=EDGE_LOOP('',(#3595,#3596,#3597,#3598,#3599,#3600));
#748=EDGE_LOOP('',(#3601,#3602,#3603,#3604,#3605,#3606));
#749=EDGE_LOOP('',(#3607,#3608,#3609,#3610,#3611,#3612));
#750=EDGE_LOOP('',(#3613,#3614));
#751=EDGE_LOOP('',(#3615,#3616,#3617,#3618,#3619,#3620));
#752=EDGE_LOOP('',(#3621));
#753=EDGE_LOOP('',(#3622,#3623));
#754=LINE('',#5801,#1045);
#755=LINE('',#5814,#1046);
#756=LINE('',#5822,#1047);
#757=LINE('',#5834,#1048);
#758=LINE('',#5838,#1049);
#759=LINE('',#5849,#1050);
#760=LINE('',#5855,#1051);
#761=LINE('',#5863,#1052);
#762=LINE('',#5867,#1053);
#763=LINE('',#5871,#1054);
#764=LINE('',#5890,#1055);
#765=LINE('',#5891,#1056);
#766=LINE('',#5909,#1057);
#767=LINE('',#5916,#1058);
#768=LINE('',#5932,#1059);
#769=LINE('',#5939,#1060);
#770=LINE('',#5953,#1061);
#771=LINE('',#5964,#1062);
#772=LINE('',#5969,#1063);
#773=LINE('',#5985,#1064);
#774=LINE('',#5992,#1065);
#775=LINE('',#6005,#1066);
#776=LINE('',#6015,#1067);
#777=LINE('',#6036,#1068);
#778=LINE('',#6045,#1069);
#779=LINE('',#6052,#1070);
#780=LINE('',#6056,#1071);
#781=LINE('',#6060,#1072);
#782=LINE('',#6064,#1073);
#783=LINE('',#6068,#1074);
#784=LINE('',#6072,#1075);
#785=LINE('',#6076,#1076);
#786=LINE('',#6080,#1077);
#787=LINE('',#6084,#1078);
#788=LINE('',#6088,#1079);
#789=LINE('',#6092,#1080);
#790=LINE('',#6096,#1081);
#791=LINE('',#6116,#1082);
#792=LINE('',#6118,#1083);
#793=LINE('',#6119,#1084);
#794=LINE('',#6123,#1085);
#795=LINE('',#6129,#1086);
#796=LINE('',#6133,#1087);
#797=LINE('',#6137,#1088);
#798=LINE('',#6140,#1089);
#799=LINE('',#6145,#1090);
#800=LINE('',#6149,#1091);
#801=LINE('',#6153,#1092);
#802=LINE('',#6162,#1093);
#803=LINE('',#6166,#1094);
#804=LINE('',#6170,#1095);
#805=LINE('',#6173,#1096);
#806=LINE('',#6181,#1097);
#807=LINE('',#6185,#1098);
#808=LINE('',#6189,#1099);
#809=LINE('',#6192,#1100);
#810=LINE('',#6196,#1101);
#811=LINE('',#6197,#1102);
#812=LINE('',#6199,#1103);
#813=LINE('',#6201,#1104);
#814=LINE('',#6205,#1105);
#815=LINE('',#6207,#1106);
#816=LINE('',#6209,#1107);
#817=LINE('',#6210,#1108);
#818=LINE('',#6211,#1109);
#819=LINE('',#6213,#1110);
#820=LINE('',#6215,#1111);
#821=LINE('',#6216,#1112);
#822=LINE('',#6219,#1113);
#823=LINE('',#6222,#1114);
#824=LINE('',#6229,#1115);
#825=LINE('',#6230,#1116);
#826=LINE('',#6234,#1117);
#827=LINE('',#6238,#1118);
#828=LINE('',#6240,#1119);
#829=LINE('',#6244,#1120);
#830=LINE('',#6246,#1121);
#831=LINE('',#6250,#1122);
#832=LINE('',#6252,#1123);
#833=LINE('',#6256,#1124);
#834=LINE('',#6258,#1125);
#835=LINE('',#6262,#1126);
#836=LINE('',#6264,#1127);
#837=LINE('',#6268,#1128);
#838=LINE('',#6270,#1129);
#839=LINE('',#6289,#1130);
#840=LINE('',#6295,#1131);
#841=LINE('',#6304,#1132);
#842=LINE('',#6314,#1133);
#843=LINE('',#6316,#1134);
#844=LINE('',#6318,#1135);
#845=LINE('',#6320,#1136);
#846=LINE('',#6322,#1137);
#847=LINE('',#6324,#1138);
#848=LINE('',#6328,#1139);
#849=LINE('',#6329,#1140);
#850=LINE('',#6330,#1141);
#851=LINE('',#6331,#1142);
#852=LINE('',#6332,#1143);
#853=LINE('',#6333,#1144);
#854=LINE('',#6336,#1145);
#855=LINE('',#6339,#1146);
#856=LINE('',#6345,#1147);
#857=LINE('',#6347,#1148);
#858=LINE('',#6350,#1149);
#859=LINE('',#6352,#1150);
#860=LINE('',#6355,#1151);
#861=LINE('',#6357,#1152);
#862=LINE('',#6359,#1153);
#863=LINE('',#6361,#1154);
#864=LINE('',#6363,#1155);
#865=LINE('',#6367,#1156);
#866=LINE('',#6368,#1157);
#867=LINE('',#6369,#1158);
#868=LINE('',#6370,#1159);
#869=LINE('',#6371,#1160);
#870=LINE('',#6372,#1161);
#871=LINE('',#6375,#1162);
#872=LINE('',#6378,#1163);
#873=LINE('',#6384,#1164);
#874=LINE('',#6386,#1165);
#875=LINE('',#6389,#1166);
#876=LINE('',#6392,#1167);
#877=LINE('',#6394,#1168);
#878=LINE('',#6396,#1169);
#879=LINE('',#6398,#1170);
#880=LINE('',#6400,#1171);
#881=LINE('',#6404,#1172);
#882=LINE('',#6405,#1173);
#883=LINE('',#6406,#1174);
#884=LINE('',#6407,#1175);
#885=LINE('',#6408,#1176);
#886=LINE('',#6409,#1177);
#887=LINE('',#6412,#1178);
#888=LINE('',#6415,#1179);
#889=LINE('',#6421,#1180);
#890=LINE('',#6423,#1181);
#891=LINE('',#6426,#1182);
#892=LINE('',#6429,#1183);
#893=LINE('',#6433,#1184);
#894=LINE('',#6436,#1185);
#895=LINE('',#6444,#1186);
#896=LINE('',#6448,#1187);
#897=LINE('',#6452,#1188);
#898=LINE('',#6456,#1189);
#899=LINE('',#6460,#1190);
#900=LINE('',#6464,#1191);
#901=LINE('',#6468,#1192);
#902=LINE('',#6472,#1193);
#903=LINE('',#6476,#1194);
#904=LINE('',#6480,#1195);
#905=LINE('',#6484,#1196);
#906=LINE('',#6487,#1197);
#907=LINE('',#6494,#1198);
#908=LINE('',#6495,#1199);
#909=LINE('',#6498,#1200);
#910=LINE('',#6502,#1201);
#911=LINE('',#6506,#1202);
#912=LINE('',#6510,#1203);
#913=LINE('',#6514,#1204);
#914=LINE('',#6518,#1205);
#915=LINE('',#6522,#1206);
#916=LINE('',#6526,#1207);
#917=LINE('',#6530,#1208);
#918=LINE('',#6534,#1209);
#919=LINE('',#6538,#1210);
#920=LINE('',#6541,#1211);
#921=LINE('',#6545,#1212);
#922=LINE('',#6547,#1213);
#923=LINE('',#6549,#1214);
#924=LINE('',#6551,#1215);
#925=LINE('',#6553,#1216);
#926=LINE('',#6555,#1217);
#927=LINE('',#6557,#1218);
#928=LINE('',#6559,#1219);
#929=LINE('',#6561,#1220);
#930=LINE('',#6563,#1221);
#931=LINE('',#6565,#1222);
#932=LINE('',#6567,#1223);
#933=LINE('',#6569,#1224);
#934=LINE('',#6571,#1225);
#935=LINE('',#6573,#1226);
#936=LINE('',#6575,#1227);
#937=LINE('',#6577,#1228);
#938=LINE('',#6579,#1229);
#939=LINE('',#6581,#1230);
#940=LINE('',#6583,#1231);
#941=LINE('',#6585,#1232);
#942=LINE('',#6587,#1233);
#943=LINE('',#6590,#1234);
#944=LINE('',#6597,#1235);
#945=LINE('',#6601,#1236);
#946=LINE('',#6605,#1237);
#947=LINE('',#6609,#1238);
#948=LINE('',#6613,#1239);
#949=LINE('',#6617,#1240);
#950=LINE('',#6621,#1241);
#951=LINE('',#6625,#1242);
#952=LINE('',#6629,#1243);
#953=LINE('',#6633,#1244);
#954=LINE('',#6637,#1245);
#955=LINE('',#6640,#1246);
#956=LINE('',#6645,#1247);
#957=LINE('',#6654,#1248);
#958=LINE('',#6665,#1249);
#959=LINE('',#6674,#1250);
#960=LINE('',#6683,#1251);
#961=LINE('',#6692,#1252);
#962=LINE('',#6696,#1253);
#963=LINE('',#6700,#1254);
#964=LINE('',#6704,#1255);
#965=LINE('',#6708,#1256);
#966=LINE('',#6712,#1257);
#967=LINE('',#6716,#1258);
#968=LINE('',#6720,#1259);
#969=LINE('',#6724,#1260);
#970=LINE('',#6728,#1261);
#971=LINE('',#6732,#1262);
#972=LINE('',#6735,#1263);
#973=LINE('',#6737,#1264);
#974=LINE('',#6738,#1265);
#975=LINE('',#6740,#1266);
#976=LINE('',#6742,#1267);
#977=LINE('',#6744,#1268);
#978=LINE('',#6746,#1269);
#979=LINE('',#6748,#1270);
#980=LINE('',#6750,#1271);
#981=LINE('',#6752,#1272);
#982=LINE('',#6754,#1273);
#983=LINE('',#6756,#1274);
#984=LINE('',#6758,#1275);
#985=LINE('',#6760,#1276);
#986=LINE('',#6762,#1277);
#987=LINE('',#6764,#1278);
#988=LINE('',#6766,#1279);
#989=LINE('',#6768,#1280);
#990=LINE('',#6770,#1281);
#991=LINE('',#6772,#1282);
#992=LINE('',#6774,#1283);
#993=LINE('',#6776,#1284);
#994=LINE('',#6778,#1285);
#995=LINE('',#6780,#1286);
#996=LINE('',#6782,#1287);
#997=LINE('',#6861,#1288);
#998=LINE('',#6863,#1289);
#999=LINE('',#6867,#1290);
#1000=LINE('',#6868,#1291);
#1001=LINE('',#6870,#1292);
#1002=LINE('',#6873,#1293);
#1003=LINE('',#6875,#1294);
#1004=LINE('',#6877,#1295);
#1005=LINE('',#6878,#1296);
#1006=LINE('',#6880,#1297);
#1007=LINE('',#6882,#1298);
#1008=LINE('',#6886,#1299);
#1009=LINE('',#6887,#1300);
#1010=LINE('',#6889,#1301);
#1011=LINE('',#6892,#1302);
#1012=LINE('',#6894,#1303);
#1013=LINE('',#6896,#1304);
#1014=LINE('',#6897,#1305);
#1015=LINE('',#6899,#1306);
#1016=LINE('',#6902,#1307);
#1017=LINE('',#6906,#1308);
#1018=LINE('',#6907,#1309);
#1019=LINE('',#6909,#1310);
#1020=LINE('',#6912,#1311);
#1021=LINE('',#6914,#1312);
#1022=LINE('',#6916,#1313);
#1023=LINE('',#6917,#1314);
#1024=LINE('',#6919,#1315);
#1025=LINE('',#6922,#1316);
#1026=LINE('',#6926,#1317);
#1027=LINE('',#6927,#1318);
#1028=LINE('',#6929,#1319);
#1029=LINE('',#6932,#1320);
#1030=LINE('',#6934,#1321);
#1031=LINE('',#6935,#1322);
#1032=LINE('',#6936,#1323);
#1033=LINE('',#6939,#1324);
#1034=LINE('',#6941,#1325);
#1035=LINE('',#6942,#1326);
#1036=LINE('',#6943,#1327);
#1037=LINE('',#6944,#1328);
#1038=LINE('',#6945,#1329);
#1039=LINE('',#6946,#1330);
#1040=LINE('',#6947,#1331);
#1041=LINE('',#6960,#1332);
#1042=LINE('',#6978,#1333);
#1043=LINE('',#6981,#1334);
#1044=LINE('',#6992,#1335);
#1045=VECTOR('',#4537,8.5);
#1046=VECTOR('',#4552,9.925);
#1047=VECTOR('',#4563,9.5);
#1048=VECTOR('',#4576,7.5);
#1049=VECTOR('',#4581,7.249999996909);
#1050=VECTOR('',#4594,1.5);
#1051=VECTOR('',#4601,0.7963678392339);
#1052=VECTOR('',#4610,6.35);
#1053=VECTOR('',#4613,24.50000000003);
#1054=VECTOR('',#4616,24.50000030404);
#1055=VECTOR('',#4625,7.144228439797);
#1056=VECTOR('',#4626,5.161395160226);
#1057=VECTOR('',#4649,24.3);
#1058=VECTOR('',#4658,9.55);
#1059=VECTOR('',#4677,24.3);
#1060=VECTOR('',#4686,9.55);
#1061=VECTOR('',#4703,26.05);
#1062=VECTOR('',#4716,20.75);
#1063=VECTOR('',#4723,9.5);
#1064=VECTOR('',#4742,20.);
#1065=VECTOR('',#4751,8.5);
#1066=VECTOR('',#4766,7.5);
#1067=VECTOR('',#4779,16.);
#1068=VECTOR('',#4812,25.9025);
#1069=VECTOR('',#4823,39.75);
#1070=VECTOR('',#4830,3.45);
#1071=VECTOR('',#4833,48.8);
#1072=VECTOR('',#4836,3.45);
#1073=VECTOR('',#4839,3.45);
#1074=VECTOR('',#4842,48.8);
#1075=VECTOR('',#4845,3.45);
#1076=VECTOR('',#4848,3.45);
#1077=VECTOR('',#4851,48.8);
#1078=VECTOR('',#4854,3.45);
#1079=VECTOR('',#4857,3.45);
#1080=VECTOR('',#4860,48.8);
#1081=VECTOR('',#4863,3.45);
#1082=VECTOR('',#4884,10.7);
#1083=VECTOR('',#4885,3.45);
#1084=VECTOR('',#4886,10.7);
#1085=VECTOR('',#4891,10.7);
#1086=VECTOR('',#4896,3.45);
#1087=VECTOR('',#4899,13.05);
#1088=VECTOR('',#4902,13.05);
#1089=VECTOR('',#4905,3.45);
#1090=VECTOR('',#4910,3.45);
#1091=VECTOR('',#4913,13.05);
#1092=VECTOR('',#4916,13.05);
#1093=VECTOR('',#4925,3.45);
#1094=VECTOR('',#4928,13.05);
#1095=VECTOR('',#4931,13.05);
#1096=VECTOR('',#4934,3.45);
#1097=VECTOR('',#4941,3.45);
#1098=VECTOR('',#4944,13.05);
#1099=VECTOR('',#4947,13.05);
#1100=VECTOR('',#4950,3.45);
#1101=VECTOR('',#4955,10.7);
#1102=VECTOR('',#4956,10.7);
#1103=VECTOR('',#4959,10.7);
#1104=VECTOR('',#4962,10.7);
#1105=VECTOR('',#4965,9.5);
#1106=VECTOR('',#4966,3.7);
#1107=VECTOR('',#4967,57.2);
#1108=VECTOR('',#4968,8.5);
#1109=VECTOR('',#4969,10.7);
#1110=VECTOR('',#4970,8.5);
#1111=VECTOR('',#4971,8.2);
#1112=VECTOR('',#4972,3.7);
#1113=VECTOR('',#4975,4.55);
#1114=VECTOR('',#4978,4.55);
#1115=VECTOR('',#4985,3.7);
#1116=VECTOR('',#4986,4.55);
#1117=VECTOR('',#4991,4.55);
#1118=VECTOR('',#4994,57.2);
#1119=VECTOR('',#4995,4.55);
#1120=VECTOR('',#4998,4.55);
#1121=VECTOR('',#4999,8.2);
#1122=VECTOR('',#5002,57.2);
#1123=VECTOR('',#5003,4.55);
#1124=VECTOR('',#5006,4.55);
#1125=VECTOR('',#5007,8.2);
#1126=VECTOR('',#5010,57.2);
#1127=VECTOR('',#5011,4.55);
#1128=VECTOR('',#5014,4.55);
#1129=VECTOR('',#5015,8.2);
#1130=VECTOR('',#5036,36.5);
#1131=VECTOR('',#5043,9.25);
#1132=VECTOR('',#5054,17.);
#1133=VECTOR('',#5067,20.);
#1134=VECTOR('',#5070,2.75);
#1135=VECTOR('',#5073,2.75);
#1136=VECTOR('',#5076,2.75);
#1137=VECTOR('',#5079,2.75);
#1138=VECTOR('',#5082,8.5);
#1139=VECTOR('',#5085,9.5);
#1140=VECTOR('',#5086,3.7);
#1141=VECTOR('',#5087,8.5);
#1142=VECTOR('',#5088,10.7);
#1143=VECTOR('',#5089,10.7);
#1144=VECTOR('',#5090,3.7);
#1145=VECTOR('',#5093,4.55);
#1146=VECTOR('',#5096,4.55);
#1147=VECTOR('',#5103,3.7);
#1148=VECTOR('',#5106,3.7);
#1149=VECTOR('',#5111,2.25);
#1150=VECTOR('',#5114,10.7);
#1151=VECTOR('',#5119,10.7);
#1152=VECTOR('',#5122,10.7);
#1153=VECTOR('',#5125,10.7);
#1154=VECTOR('',#5128,10.7);
#1155=VECTOR('',#5131,10.7);
#1156=VECTOR('',#5134,9.5);
#1157=VECTOR('',#5135,3.7);
#1158=VECTOR('',#5136,8.5);
#1159=VECTOR('',#5137,10.7);
#1160=VECTOR('',#5138,8.5);
#1161=VECTOR('',#5139,3.7);
#1162=VECTOR('',#5142,4.55);
#1163=VECTOR('',#5145,4.55);
#1164=VECTOR('',#5152,3.7);
#1165=VECTOR('',#5155,3.7);
#1166=VECTOR('',#5160,2.25);
#1167=VECTOR('',#5165,10.7);
#1168=VECTOR('',#5168,10.7);
#1169=VECTOR('',#5171,10.7);
#1170=VECTOR('',#5174,10.7);
#1171=VECTOR('',#5177,10.7);
#1172=VECTOR('',#5180,9.5);
#1173=VECTOR('',#5181,3.7);
#1174=VECTOR('',#5182,8.5);
#1175=VECTOR('',#5183,10.7);
#1176=VECTOR('',#5184,8.5);
#1177=VECTOR('',#5185,3.7);
#1178=VECTOR('',#5188,4.55);
#1179=VECTOR('',#5191,4.55);
#1180=VECTOR('',#5198,3.7);
#1181=VECTOR('',#5201,3.7);
#1182=VECTOR('',#5206,2.25);
#1183=VECTOR('',#5211,10.7);
#1184=VECTOR('',#5218,3.7);
#1185=VECTOR('',#5223,2.25);
#1186=VECTOR('',#5232,48.8);
#1187=VECTOR('',#5235,3.5);
#1188=VECTOR('',#5238,3.5);
#1189=VECTOR('',#5241,48.8);
#1190=VECTOR('',#5244,3.5);
#1191=VECTOR('',#5247,3.5);
#1192=VECTOR('',#5250,48.8);
#1193=VECTOR('',#5253,3.5);
#1194=VECTOR('',#5256,3.5);
#1195=VECTOR('',#5259,48.8);
#1196=VECTOR('',#5262,3.5);
#1197=VECTOR('',#5265,3.5);
#1198=VECTOR('',#5272,63.);
#1199=VECTOR('',#5273,63.);
#1200=VECTOR('',#5276,10.);
#1201=VECTOR('',#5279,10.);
#1202=VECTOR('',#5282,10.);
#1203=VECTOR('',#5285,10.);
#1204=VECTOR('',#5288,10.);
#1205=VECTOR('',#5291,10.);
#1206=VECTOR('',#5294,10.);
#1207=VECTOR('',#5297,10.);
#1208=VECTOR('',#5300,10.);
#1209=VECTOR('',#5303,10.);
#1210=VECTOR('',#5306,10.);
#1211=VECTOR('',#5309,10.);
#1212=VECTOR('',#5314,63.);
#1213=VECTOR('',#5317,63.);
#1214=VECTOR('',#5320,63.);
#1215=VECTOR('',#5323,63.);
#1216=VECTOR('',#5326,63.);
#1217=VECTOR('',#5329,63.);
#1218=VECTOR('',#5332,63.);
#1219=VECTOR('',#5335,63.);
#1220=VECTOR('',#5338,63.);
#1221=VECTOR('',#5341,63.);
#1222=VECTOR('',#5344,63.);
#1223=VECTOR('',#5347,63.);
#1224=VECTOR('',#5350,63.);
#1225=VECTOR('',#5353,63.);
#1226=VECTOR('',#5356,63.);
#1227=VECTOR('',#5359,63.);
#1228=VECTOR('',#5362,63.);
#1229=VECTOR('',#5365,63.);
#1230=VECTOR('',#5368,63.);
#1231=VECTOR('',#5371,63.);
#1232=VECTOR('',#5374,63.);
#1233=VECTOR('',#5377,63.);
#1234=VECTOR('',#5382,25.86);
#1235=VECTOR('',#5389,3.4);
#1236=VECTOR('',#5392,3.4);
#1237=VECTOR('',#5395,48.9);
#1238=VECTOR('',#5398,3.4);
#1239=VECTOR('',#5401,3.4);
#1240=VECTOR('',#5404,48.9);
#1241=VECTOR('',#5407,3.4);
#1242=VECTOR('',#5410,3.4);
#1243=VECTOR('',#5413,48.9);
#1244=VECTOR('',#5416,3.4);
#1245=VECTOR('',#5419,3.4);
#1246=VECTOR('',#5422,48.9);
#1247=VECTOR('',#5427,8.5);
#1248=VECTOR('',#5438,12.5);
#1249=VECTOR('',#5451,16.);
#1250=VECTOR('',#5462,25.9025);
#1251=VECTOR('',#5473,39.75);
#1252=VECTOR('',#5482,48.9);
#1253=VECTOR('',#5485,3.4);
#1254=VECTOR('',#5488,3.4);
#1255=VECTOR('',#5491,48.9);
#1256=VECTOR('',#5494,3.4);
#1257=VECTOR('',#5497,3.4);
#1258=VECTOR('',#5500,48.9);
#1259=VECTOR('',#5503,3.4);
#1260=VECTOR('',#5506,3.4);
#1261=VECTOR('',#5509,48.9);
#1262=VECTOR('',#5512,3.4);
#1263=VECTOR('',#5515,3.4);
#1264=VECTOR('',#5518,16.2);
#1265=VECTOR('',#5519,16.2);
#1266=VECTOR('',#5522,16.2);
#1267=VECTOR('',#5525,16.2);
#1268=VECTOR('',#5528,16.2);
#1269=VECTOR('',#5531,16.2);
#1270=VECTOR('',#5534,16.2);
#1271=VECTOR('',#5537,16.2);
#1272=VECTOR('',#5540,16.2);
#1273=VECTOR('',#5543,16.2);
#1274=VECTOR('',#5546,16.2);
#1275=VECTOR('',#5549,16.2);
#1276=VECTOR('',#5552,16.2);
#1277=VECTOR('',#5555,16.2);
#1278=VECTOR('',#5558,16.2);
#1279=VECTOR('',#5561,16.2);
#1280=VECTOR('',#5564,16.2);
#1281=VECTOR('',#5567,16.2);
#1282=VECTOR('',#5570,16.2);
#1283=VECTOR('',#5573,16.2);
#1284=VECTOR('',#5576,16.2);
#1285=VECTOR('',#5579,16.2);
#1286=VECTOR('',#5582,16.2);
#1287=VECTOR('',#5585,16.2);
#1288=VECTOR('',#5624,1.513641383547);
#1289=VECTOR('',#5625,0.121154273188);
#1290=VECTOR('',#5628,0.121154273188);
#1291=VECTOR('',#5629,1.513641383547);
#1292=VECTOR('',#5632,1.56421922472995);
#1293=VECTOR('',#5635,0.139896904477095);
#1294=VECTOR('',#5636,0.6);
#1295=VECTOR('',#5637,0.139896904477095);
#1296=VECTOR('',#5638,1.56421922472995);
#1297=VECTOR('',#5641,1.513641383547);
#1298=VECTOR('',#5642,0.121154273188);
#1299=VECTOR('',#5645,0.121154273188);
#1300=VECTOR('',#5646,1.513641383547);
#1301=VECTOR('',#5649,1.56421922472995);
#1302=VECTOR('',#5652,0.139896904477095);
#1303=VECTOR('',#5653,0.6);
#1304=VECTOR('',#5654,0.139896904477095);
#1305=VECTOR('',#5655,1.56421922472995);
#1306=VECTOR('',#5658,1.513641383547);
#1307=VECTOR('',#5661,0.121154273188);
#1308=VECTOR('',#5664,0.121154273188);
#1309=VECTOR('',#5665,1.513641383547);
#1310=VECTOR('',#5668,1.56421922472995);
#1311=VECTOR('',#5671,0.139896904477095);
#1312=VECTOR('',#5672,0.6);
#1313=VECTOR('',#5673,0.139896904477095);
#1314=VECTOR('',#5674,1.56421922472995);
#1315=VECTOR('',#5677,1.513641383547);
#1316=VECTOR('',#5680,0.121154273188);
#1317=VECTOR('',#5683,0.121154273188);
#1318=VECTOR('',#5684,1.513641383547);
#1319=VECTOR('',#5687,1.56421922472995);
#1320=VECTOR('',#5690,0.139896904477095);
#1321=VECTOR('',#5691,0.6);
#1322=VECTOR('',#5692,0.139896904477095);
#1323=VECTOR('',#5693,1.56421922472995);
#1324=VECTOR('',#5698,0.06994845223857);
#1325=VECTOR('',#5701,0.06994845223857);
#1326=VECTOR('',#5702,0.06994845223857);
#1327=VECTOR('',#5703,0.06994845223857);
#1328=VECTOR('',#5704,0.06994845223857);
#1329=VECTOR('',#5705,0.06994845223857);
#1330=VECTOR('',#5706,0.06994845223857);
#1331=VECTOR('',#5707,0.06994845223857);
#1332=VECTOR('',#5728,2.8);
#1333=VECTOR('',#5751,1.5);
#1334=VECTOR('',#5754,1.399999999999);
#1335=VECTOR('',#5767,1.35);
#1336=CIRCLE('',#4041,8.5);
#1337=CIRCLE('',#4042,8.5);
#1338=CIRCLE('',#4043,8.5);
#1339=CIRCLE('',#4044,8.5);
#1340=CIRCLE('',#4046,9.925);
#1341=CIRCLE('',#4047,9.925);
#1342=CIRCLE('',#4049,9.925);
#1343=CIRCLE('',#4050,9.925);
#1344=CIRCLE('',#4052,9.5);
#1345=CIRCLE('',#4054,9.5);
#1346=CIRCLE('',#4056,7.5);
#1347=CIRCLE('',#4057,7.5);
#1348=CIRCLE('',#4059,7.5);
#1349=CIRCLE('',#4060,7.5);
#1350=CIRCLE('',#4061,7.5);
#1351=CIRCLE('',#4063,7.);
#1352=CIRCLE('',#4064,7.);
#1353=CIRCLE('',#4066,1.5);
#1354=CIRCLE('',#4067,1.5);
#1355=CIRCLE('',#4069,1.5);
#1356=CIRCLE('',#4070,1.5);
#1357=CIRCLE('',#4073,6.35);
#1358=CIRCLE('',#4074,6.35);
#1359=CIRCLE('',#4076,6.35);
#1360=CIRCLE('',#4077,6.35);
#1361=CIRCLE('',#4078,6.35);
#1362=CIRCLE('',#4080,5.85);
#1363=CIRCLE('',#4086,24.3);
#1364=CIRCLE('',#4087,24.3);
#1365=CIRCLE('',#4088,9.55);
#1366=CIRCLE('',#4089,9.55);
#1367=CIRCLE('',#4091,24.3);
#1368=CIRCLE('',#4092,24.3);
#1369=CIRCLE('',#4094,9.55);
#1370=CIRCLE('',#4095,9.55);
#1371=CIRCLE('',#4099,24.3);
#1372=CIRCLE('',#4100,24.3);
#1373=CIRCLE('',#4101,9.55);
#1374=CIRCLE('',#4102,9.55);
#1375=CIRCLE('',#4104,24.3);
#1376=CIRCLE('',#4105,24.3);
#1377=CIRCLE('',#4107,9.55);
#1378=CIRCLE('',#4108,9.55);
#1379=CIRCLE('',#4112,26.05);
#1380=CIRCLE('',#4113,26.05);
#1381=CIRCLE('',#4114,9.5);
#1382=CIRCLE('',#4116,26.05);
#1383=CIRCLE('',#4117,26.05);
#1384=CIRCLE('',#4119,20.75);
#1385=CIRCLE('',#4120,20.75);
#1386=CIRCLE('',#4122,20.75);
#1387=CIRCLE('',#4123,20.75);
#1388=CIRCLE('',#4125,9.5);
#1389=CIRCLE('',#4129,20.);
#1390=CIRCLE('',#4130,20.);
#1391=CIRCLE('',#4131,8.5);
#1392=CIRCLE('',#4132,8.5);
#1393=CIRCLE('',#4134,20.);
#1394=CIRCLE('',#4135,20.);
#1395=CIRCLE('',#4137,8.5);
#1396=CIRCLE('',#4138,8.5);
#1397=CIRCLE('',#4142,16.);
#1398=CIRCLE('',#4143,16.);
#1399=CIRCLE('',#4144,7.5);
#1400=CIRCLE('',#4145,7.5);
#1401=CIRCLE('',#4147,7.5);
#1402=CIRCLE('',#4148,7.5);
#1403=CIRCLE('',#4150,16.);
#1404=CIRCLE('',#4151,16.);
#1405=CIRCLE('',#4165,25.9025);
#1406=CIRCLE('',#4166,20.);
#1407=CIRCLE('',#4167,20.);
#1408=CIRCLE('',#4169,25.9025);
#1409=CIRCLE('',#4171,39.75);
#1410=CIRCLE('',#4172,39.75);
#1411=CIRCLE('',#4174,39.75);
#1412=CIRCLE('',#4175,39.75);
#1413=CIRCLE('',#4177,4.6);
#1414=CIRCLE('',#4178,4.6);
#1415=CIRCLE('',#4179,5.9);
#1416=CIRCLE('',#4180,4.6);
#1417=CIRCLE('',#4181,4.6);
#1418=CIRCLE('',#4182,5.9);
#1419=CIRCLE('',#4183,4.6);
#1420=CIRCLE('',#4184,4.6);
#1421=CIRCLE('',#4185,5.9);
#1422=CIRCLE('',#4186,4.6);
#1423=CIRCLE('',#4187,4.6);
#1424=CIRCLE('',#4188,5.9);
#1425=CIRCLE('',#4189,2.25);
#1426=CIRCLE('',#4190,2.25);
#1427=CIRCLE('',#4191,2.25);
#1428=CIRCLE('',#4192,2.25);
#1429=CIRCLE('',#4193,2.25);
#1430=CIRCLE('',#4194,2.25);
#1431=CIRCLE('',#4195,2.25);
#1432=CIRCLE('',#4196,2.25);
#1433=CIRCLE('',#4199,5.9);
#1434=CIRCLE('',#4201,5.9);
#1435=CIRCLE('',#4202,4.6);
#1436=CIRCLE('',#4203,5.5);
#1437=CIRCLE('',#4204,4.6);
#1438=CIRCLE('',#4205,2.75);
#1439=CIRCLE('',#4207,4.6);
#1440=CIRCLE('',#4208,5.5);
#1441=CIRCLE('',#4209,4.6);
#1442=CIRCLE('',#4210,2.75);
#1443=CIRCLE('',#4212,5.9);
#1444=CIRCLE('',#4213,4.6);
#1445=CIRCLE('',#4214,5.5);
#1446=CIRCLE('',#4215,4.6);
#1447=CIRCLE('',#4216,2.75);
#1448=CIRCLE('',#4218,5.9);
#1449=CIRCLE('',#4219,4.6);
#1450=CIRCLE('',#4220,5.5);
#1451=CIRCLE('',#4221,4.6);
#1452=CIRCLE('',#4222,2.75);
#1453=CIRCLE('',#4228,4.75);
#1454=CIRCLE('',#4229,2.25);
#1455=CIRCLE('',#4230,2.25);
#1456=CIRCLE('',#4233,4.75);
#1457=CIRCLE('',#4234,5.5);
#1458=CIRCLE('',#4235,4.75);
#1459=CIRCLE('',#4236,5.5);
#1460=CIRCLE('',#4237,4.75);
#1461=CIRCLE('',#4238,5.5);
#1462=CIRCLE('',#4239,4.75);
#1463=CIRCLE('',#4240,5.5);
#1464=CIRCLE('',#4241,2.75);
#1465=CIRCLE('',#4242,2.75);
#1466=CIRCLE('',#4243,2.75);
#1467=CIRCLE('',#4244,2.75);
#1468=CIRCLE('',#4245,36.5);
#1469=CIRCLE('',#4246,36.5);
#1470=CIRCLE('',#4248,36.5);
#1471=CIRCLE('',#4249,36.5);
#1472=CIRCLE('',#4251,9.25);
#1473=CIRCLE('',#4253,9.25);
#1474=CIRCLE('',#4255,17.);
#1475=CIRCLE('',#4256,17.);
#1476=CIRCLE('',#4258,17.);
#1477=CIRCLE('',#4259,17.);
#1478=CIRCLE('',#4261,20.);
#1479=CIRCLE('',#4262,20.);
#1480=CIRCLE('',#4271,4.75);
#1481=CIRCLE('',#4272,2.25);
#1482=CIRCLE('',#4273,2.25);
#1483=CIRCLE('',#4287,4.75);
#1484=CIRCLE('',#4288,2.25);
#1485=CIRCLE('',#4289,2.25);
#1486=CIRCLE('',#4302,4.75);
#1487=CIRCLE('',#4303,2.25);
#1488=CIRCLE('',#4304,2.25);
#1489=CIRCLE('',#4319,4.6);
#1490=CIRCLE('',#4320,4.6);
#1491=CIRCLE('',#4321,5.9);
#1492=CIRCLE('',#4322,4.6);
#1493=CIRCLE('',#4323,4.6);
#1494=CIRCLE('',#4324,5.9);
#1495=CIRCLE('',#4325,4.6);
#1496=CIRCLE('',#4326,4.6);
#1497=CIRCLE('',#4327,5.9);
#1498=CIRCLE('',#4328,4.6);
#1499=CIRCLE('',#4329,4.6);
#1500=CIRCLE('',#4330,5.9);
#1501=CIRCLE('',#4331,25.86);
#1502=CIRCLE('',#4333,4.6);
#1503=CIRCLE('',#4335,5.9);
#1504=CIRCLE('',#4336,4.6);
#1505=CIRCLE('',#4337,4.6);
#1506=CIRCLE('',#4338,5.9);
#1507=CIRCLE('',#4339,4.6);
#1508=CIRCLE('',#4340,4.6);
#1509=CIRCLE('',#4341,5.9);
#1510=CIRCLE('',#4342,4.6);
#1511=CIRCLE('',#4343,4.6);
#1512=CIRCLE('',#4344,5.9);
#1513=CIRCLE('',#4345,4.6);
#1514=CIRCLE('',#4346,25.86);
#1515=CIRCLE('',#4373,4.6);
#1516=CIRCLE('',#4374,5.9);
#1517=CIRCLE('',#4375,4.6);
#1518=CIRCLE('',#4376,4.6);
#1519=CIRCLE('',#4377,5.9);
#1520=CIRCLE('',#4378,4.6);
#1521=CIRCLE('',#4379,4.6);
#1522=CIRCLE('',#4380,5.9);
#1523=CIRCLE('',#4381,4.6);
#1524=CIRCLE('',#4382,4.6);
#1525=CIRCLE('',#4383,5.9);
#1526=CIRCLE('',#4384,4.6);
#1527=CIRCLE('',#4385,8.5);
#1528=CIRCLE('',#4387,8.5);
#1529=CIRCLE('',#4389,12.5);
#1530=CIRCLE('',#4390,12.5);
#1531=CIRCLE('',#4392,12.5);
#1532=CIRCLE('',#4393,12.5);
#1533=CIRCLE('',#4395,16.);
#1534=CIRCLE('',#4396,16.);
#1535=CIRCLE('',#4398,16.);
#1536=CIRCLE('',#4399,16.);
#1537=CIRCLE('',#4401,25.9025);
#1538=CIRCLE('',#4403,25.9025);
#1539=CIRCLE('',#4405,39.75);
#1540=CIRCLE('',#4406,39.75);
#1541=CIRCLE('',#4408,39.75);
#1542=CIRCLE('',#4409,39.75);
#1543=CIRCLE('',#4411,4.6);
#1544=CIRCLE('',#4412,4.6);
#1545=CIRCLE('',#4413,5.9);
#1546=CIRCLE('',#4414,4.6);
#1547=CIRCLE('',#4415,4.6);
#1548=CIRCLE('',#4416,5.9);
#1549=CIRCLE('',#4417,4.6);
#1550=CIRCLE('',#4418,4.6);
#1551=CIRCLE('',#4419,5.9);
#1552=CIRCLE('',#4420,4.6);
#1553=CIRCLE('',#4421,4.6);
#1554=CIRCLE('',#4422,5.9);
#1555=CIRCLE('',#4449,2.8);
#1556=CIRCLE('',#4450,5.);
#1557=CIRCLE('',#4451,4.853626533674);
#1558=CIRCLE('',#4452,4.990991885387);
#1559=CIRCLE('',#4453,4.990991885387);
#1560=CIRCLE('',#4454,4.853626533674);
#1561=CIRCLE('',#4455,4.990991885387);
#1562=CIRCLE('',#4456,4.990991885387);
#1563=CIRCLE('',#4457,4.853626533674);
#1564=CIRCLE('',#4458,4.990991885387);
#1565=CIRCLE('',#4459,4.990991885387);
#1566=CIRCLE('',#4460,4.853626533674);
#1567=CIRCLE('',#4461,4.990991885387);
#1568=CIRCLE('',#4462,4.990991885387);
#1569=CIRCLE('',#4463,4.853626533674);
#1570=CIRCLE('',#4465,0.3);
#1571=CIRCLE('',#4469,0.3);
#1572=CIRCLE('',#4474,0.3);
#1573=CIRCLE('',#4479,0.3);
#1574=CIRCLE('',#4494,2.8);
#1575=CIRCLE('',#4495,2.8);
#1576=CIRCLE('',#4497,1.8);
#1577=CIRCLE('',#4498,1.8);
#1578=CIRCLE('',#4500,1.5);
#1579=CIRCLE('',#4501,0.3);
#1580=CIRCLE('',#4502,1.5);
#1581=CIRCLE('',#4504,1.5);
#1582=CIRCLE('',#4505,1.5);
#1583=CIRCLE('',#4507,1.3);
#1584=CIRCLE('',#4508,1.3);
#1585=CIRCLE('',#4511,1.35);
#1586=CIRCLE('',#4512,1.35);
#1587=CIRCLE('',#4513,1.35);
#1588=CIRCLE('',#4514,1.35);
#1589=CIRCLE('',#4516,1.5);
#1590=VERTEX_POINT('',#5796);
#1591=VERTEX_POINT('',#5797);
#1592=VERTEX_POINT('',#5800);
#1593=VERTEX_POINT('',#5802);
#1594=VERTEX_POINT('',#5806);
#1595=VERTEX_POINT('',#5807);
#1596=VERTEX_POINT('',#5811);
#1597=VERTEX_POINT('',#5812);
#1598=VERTEX_POINT('',#5817);
#1599=VERTEX_POINT('',#5820);
#1600=VERTEX_POINT('',#5824);
#1601=VERTEX_POINT('',#5825);
#1602=VERTEX_POINT('',#5829);
#1603=VERTEX_POINT('',#5830);
#1604=VERTEX_POINT('',#5832);
#1605=VERTEX_POINT('',#5837);
#1606=VERTEX_POINT('',#5839);
#1607=VERTEX_POINT('',#5843);
#1608=VERTEX_POINT('',#5844);
#1609=VERTEX_POINT('',#5848);
#1610=VERTEX_POINT('',#5850);
#1611=VERTEX_POINT('',#5854);
#1612=VERTEX_POINT('',#5857);
#1613=VERTEX_POINT('',#5858);
#1614=VERTEX_POINT('',#5862);
#1615=VERTEX_POINT('',#5864);
#1616=VERTEX_POINT('',#5866);
#1617=VERTEX_POINT('',#5868);
#1618=VERTEX_POINT('',#5870);
#1619=VERTEX_POINT('',#5874);
#1620=VERTEX_POINT('',#5880);
#1621=VERTEX_POINT('',#5896);
#1622=VERTEX_POINT('',#5897);
#1623=VERTEX_POINT('',#5900);
#1624=VERTEX_POINT('',#5901);
#1625=VERTEX_POINT('',#5905);
#1626=VERTEX_POINT('',#5906);
#1627=VERTEX_POINT('',#5911);
#1628=VERTEX_POINT('',#5912);
#1629=VERTEX_POINT('',#5919);
#1630=VERTEX_POINT('',#5920);
#1631=VERTEX_POINT('',#5923);
#1632=VERTEX_POINT('',#5924);
#1633=VERTEX_POINT('',#5928);
#1634=VERTEX_POINT('',#5929);
#1635=VERTEX_POINT('',#5934);
#1636=VERTEX_POINT('',#5935);
#1637=VERTEX_POINT('',#5942);
#1638=VERTEX_POINT('',#5943);
#1639=VERTEX_POINT('',#5946);
#1640=VERTEX_POINT('',#5949);
#1641=VERTEX_POINT('',#5950);
#1642=VERTEX_POINT('',#5955);
#1643=VERTEX_POINT('',#5956);
#1644=VERTEX_POINT('',#5960);
#1645=VERTEX_POINT('',#5961);
#1646=VERTEX_POINT('',#5966);
#1647=VERTEX_POINT('',#5972);
#1648=VERTEX_POINT('',#5973);
#1649=VERTEX_POINT('',#5976);
#1650=VERTEX_POINT('',#5977);
#1651=VERTEX_POINT('',#5981);
#1652=VERTEX_POINT('',#5982);
#1653=VERTEX_POINT('',#5987);
#1654=VERTEX_POINT('',#5988);
#1655=VERTEX_POINT('',#5995);
#1656=VERTEX_POINT('',#5996);
#1657=VERTEX_POINT('',#5999);
#1658=VERTEX_POINT('',#6000);
#1659=VERTEX_POINT('',#6004);
#1660=VERTEX_POINT('',#6006);
#1661=VERTEX_POINT('',#6010);
#1662=VERTEX_POINT('',#6011);
#1663=VERTEX_POINT('',#6028);
#1664=VERTEX_POINT('',#6030);
#1665=VERTEX_POINT('',#6031);
#1666=VERTEX_POINT('',#6035);
#1667=VERTEX_POINT('',#6039);
#1668=VERTEX_POINT('',#6040);
#1669=VERTEX_POINT('',#6044);
#1670=VERTEX_POINT('',#6046);
#1671=VERTEX_POINT('',#6050);
#1672=VERTEX_POINT('',#6051);
#1673=VERTEX_POINT('',#6053);
#1674=VERTEX_POINT('',#6055);
#1675=VERTEX_POINT('',#6057);
#1676=VERTEX_POINT('',#6059);
#1677=VERTEX_POINT('',#6061);
#1678=VERTEX_POINT('',#6063);
#1679=VERTEX_POINT('',#6065);
#1680=VERTEX_POINT('',#6067);
#1681=VERTEX_POINT('',#6069);
#1682=VERTEX_POINT('',#6071);
#1683=VERTEX_POINT('',#6073);
#1684=VERTEX_POINT('',#6075);
#1685=VERTEX_POINT('',#6077);
#1686=VERTEX_POINT('',#6079);
#1687=VERTEX_POINT('',#6081);
#1688=VERTEX_POINT('',#6083);
#1689=VERTEX_POINT('',#6085);
#1690=VERTEX_POINT('',#6087);
#1691=VERTEX_POINT('',#6089);
#1692=VERTEX_POINT('',#6091);
#1693=VERTEX_POINT('',#6093);
#1694=VERTEX_POINT('',#6095);
#1695=VERTEX_POINT('',#6098);
#1696=VERTEX_POINT('',#6099);
#1697=VERTEX_POINT('',#6102);
#1698=VERTEX_POINT('',#6103);
#1699=VERTEX_POINT('',#6106);
#1700=VERTEX_POINT('',#6107);
#1701=VERTEX_POINT('',#6110);
#1702=VERTEX_POINT('',#6111);
#1703=VERTEX_POINT('',#6115);
#1704=VERTEX_POINT('',#6117);
#1705=VERTEX_POINT('',#6121);
#1706=VERTEX_POINT('',#6125);
#1707=VERTEX_POINT('',#6126);
#1708=VERTEX_POINT('',#6128);
#1709=VERTEX_POINT('',#6130);
#1710=VERTEX_POINT('',#6132);
#1711=VERTEX_POINT('',#6134);
#1712=VERTEX_POINT('',#6136);
#1713=VERTEX_POINT('',#6138);
#1714=VERTEX_POINT('',#6141);
#1715=VERTEX_POINT('',#6144);
#1716=VERTEX_POINT('',#6146);
#1717=VERTEX_POINT('',#6148);
#1718=VERTEX_POINT('',#6150);
#1719=VERTEX_POINT('',#6152);
#1720=VERTEX_POINT('',#6155);
#1721=VERTEX_POINT('',#6158);
#1722=VERTEX_POINT('',#6159);
#1723=VERTEX_POINT('',#6161);
#1724=VERTEX_POINT('',#6163);
#1725=VERTEX_POINT('',#6165);
#1726=VERTEX_POINT('',#6167);
#1727=VERTEX_POINT('',#6169);
#1728=VERTEX_POINT('',#6171);
#1729=VERTEX_POINT('',#6174);
#1730=VERTEX_POINT('',#6177);
#1731=VERTEX_POINT('',#6178);
#1732=VERTEX_POINT('',#6180);
#1733=VERTEX_POINT('',#6182);
#1734=VERTEX_POINT('',#6184);
#1735=VERTEX_POINT('',#6186);
#1736=VERTEX_POINT('',#6188);
#1737=VERTEX_POINT('',#6190);
#1738=VERTEX_POINT('',#6193);
#1739=VERTEX_POINT('',#6203);
#1740=VERTEX_POINT('',#6204);
#1741=VERTEX_POINT('',#6206);
#1742=VERTEX_POINT('',#6208);
#1743=VERTEX_POINT('',#6212);
#1744=VERTEX_POINT('',#6214);
#1745=VERTEX_POINT('',#6218);
#1746=VERTEX_POINT('',#6220);
#1747=VERTEX_POINT('',#6223);
#1748=VERTEX_POINT('',#6224);
#1749=VERTEX_POINT('',#6228);
#1750=VERTEX_POINT('',#6232);
#1751=VERTEX_POINT('',#6235);
#1752=VERTEX_POINT('',#6237);
#1753=VERTEX_POINT('',#6239);
#1754=VERTEX_POINT('',#6241);
#1755=VERTEX_POINT('',#6243);
#1756=VERTEX_POINT('',#6245);
#1757=VERTEX_POINT('',#6247);
#1758=VERTEX_POINT('',#6249);
#1759=VERTEX_POINT('',#6251);
#1760=VERTEX_POINT('',#6253);
#1761=VERTEX_POINT('',#6255);
#1762=VERTEX_POINT('',#6257);
#1763=VERTEX_POINT('',#6259);
#1764=VERTEX_POINT('',#6261);
#1765=VERTEX_POINT('',#6263);
#1766=VERTEX_POINT('',#6265);
#1767=VERTEX_POINT('',#6267);
#1768=VERTEX_POINT('',#6269);
#1769=VERTEX_POINT('',#6272);
#1770=VERTEX_POINT('',#6274);
#1771=VERTEX_POINT('',#6276);
#1772=VERTEX_POINT('',#6278);
#1773=VERTEX_POINT('',#6280);
#1774=VERTEX_POINT('',#6281);
#1775=VERTEX_POINT('',#6285);
#1776=VERTEX_POINT('',#6286);
#1777=VERTEX_POINT('',#6291);
#1778=VERTEX_POINT('',#6294);
#1779=VERTEX_POINT('',#6298);
#1780=VERTEX_POINT('',#6299);
#1781=VERTEX_POINT('',#6303);
#1782=VERTEX_POINT('',#6305);
#1783=VERTEX_POINT('',#6309);
#1784=VERTEX_POINT('',#6310);
#1785=VERTEX_POINT('',#6326);
#1786=VERTEX_POINT('',#6327);
#1787=VERTEX_POINT('',#6335);
#1788=VERTEX_POINT('',#6337);
#1789=VERTEX_POINT('',#6340);
#1790=VERTEX_POINT('',#6341);
#1791=VERTEX_POINT('',#6365);
#1792=VERTEX_POINT('',#6366);
#1793=VERTEX_POINT('',#6374);
#1794=VERTEX_POINT('',#6376);
#1795=VERTEX_POINT('',#6379);
#1796=VERTEX_POINT('',#6380);
#1797=VERTEX_POINT('',#6402);
#1798=VERTEX_POINT('',#6403);
#1799=VERTEX_POINT('',#6411);
#1800=VERTEX_POINT('',#6413);
#1801=VERTEX_POINT('',#6416);
#1802=VERTEX_POINT('',#6417);
#1803=VERTEX_POINT('',#6440);
#1804=VERTEX_POINT('',#6441);
#1805=VERTEX_POINT('',#6443);
#1806=VERTEX_POINT('',#6445);
#1807=VERTEX_POINT('',#6447);
#1808=VERTEX_POINT('',#6449);
#1809=VERTEX_POINT('',#6451);
#1810=VERTEX_POINT('',#6453);
#1811=VERTEX_POINT('',#6455);
#1812=VERTEX_POINT('',#6457);
#1813=VERTEX_POINT('',#6459);
#1814=VERTEX_POINT('',#6461);
#1815=VERTEX_POINT('',#6463);
#1816=VERTEX_POINT('',#6465);
#1817=VERTEX_POINT('',#6467);
#1818=VERTEX_POINT('',#6469);
#1819=VERTEX_POINT('',#6471);
#1820=VERTEX_POINT('',#6473);
#1821=VERTEX_POINT('',#6475);
#1822=VERTEX_POINT('',#6477);
#1823=VERTEX_POINT('',#6479);
#1824=VERTEX_POINT('',#6481);
#1825=VERTEX_POINT('',#6483);
#1826=VERTEX_POINT('',#6485);
#1827=VERTEX_POINT('',#6488);
#1828=VERTEX_POINT('',#6491);
#1829=VERTEX_POINT('',#6492);
#1830=VERTEX_POINT('',#6497);
#1831=VERTEX_POINT('',#6499);
#1832=VERTEX_POINT('',#6501);
#1833=VERTEX_POINT('',#6503);
#1834=VERTEX_POINT('',#6505);
#1835=VERTEX_POINT('',#6507);
#1836=VERTEX_POINT('',#6509);
#1837=VERTEX_POINT('',#6511);
#1838=VERTEX_POINT('',#6513);
#1839=VERTEX_POINT('',#6515);
#1840=VERTEX_POINT('',#6517);
#1841=VERTEX_POINT('',#6519);
#1842=VERTEX_POINT('',#6521);
#1843=VERTEX_POINT('',#6523);
#1844=VERTEX_POINT('',#6525);
#1845=VERTEX_POINT('',#6527);
#1846=VERTEX_POINT('',#6529);
#1847=VERTEX_POINT('',#6531);
#1848=VERTEX_POINT('',#6533);
#1849=VERTEX_POINT('',#6535);
#1850=VERTEX_POINT('',#6537);
#1851=VERTEX_POINT('',#6539);
#1852=VERTEX_POINT('',#6542);
#1853=VERTEX_POINT('',#6593);
#1854=VERTEX_POINT('',#6594);
#1855=VERTEX_POINT('',#6596);
#1856=VERTEX_POINT('',#6598);
#1857=VERTEX_POINT('',#6600);
#1858=VERTEX_POINT('',#6602);
#1859=VERTEX_POINT('',#6604);
#1860=VERTEX_POINT('',#6606);
#1861=VERTEX_POINT('',#6608);
#1862=VERTEX_POINT('',#6610);
#1863=VERTEX_POINT('',#6612);
#1864=VERTEX_POINT('',#6614);
#1865=VERTEX_POINT('',#6616);
#1866=VERTEX_POINT('',#6618);
#1867=VERTEX_POINT('',#6620);
#1868=VERTEX_POINT('',#6622);
#1869=VERTEX_POINT('',#6624);
#1870=VERTEX_POINT('',#6626);
#1871=VERTEX_POINT('',#6628);
#1872=VERTEX_POINT('',#6630);
#1873=VERTEX_POINT('',#6632);
#1874=VERTEX_POINT('',#6634);
#1875=VERTEX_POINT('',#6636);
#1876=VERTEX_POINT('',#6638);
#1877=VERTEX_POINT('',#6641);
#1878=VERTEX_POINT('',#6644);
#1879=VERTEX_POINT('',#6648);
#1880=VERTEX_POINT('',#6649);
#1881=VERTEX_POINT('',#6653);
#1882=VERTEX_POINT('',#6655);
#1883=VERTEX_POINT('',#6659);
#1884=VERTEX_POINT('',#6660);
#1885=VERTEX_POINT('',#6664);
#1886=VERTEX_POINT('',#6666);
#1887=VERTEX_POINT('',#6670);
#1888=VERTEX_POINT('',#6673);
#1889=VERTEX_POINT('',#6677);
#1890=VERTEX_POINT('',#6678);
#1891=VERTEX_POINT('',#6682);
#1892=VERTEX_POINT('',#6684);
#1893=VERTEX_POINT('',#6688);
#1894=VERTEX_POINT('',#6689);
#1895=VERTEX_POINT('',#6691);
#1896=VERTEX_POINT('',#6693);
#1897=VERTEX_POINT('',#6695);
#1898=VERTEX_POINT('',#6697);
#1899=VERTEX_POINT('',#6699);
#1900=VERTEX_POINT('',#6701);
#1901=VERTEX_POINT('',#6703);
#1902=VERTEX_POINT('',#6705);
#1903=VERTEX_POINT('',#6707);
#1904=VERTEX_POINT('',#6709);
#1905=VERTEX_POINT('',#6711);
#1906=VERTEX_POINT('',#6713);
#1907=VERTEX_POINT('',#6715);
#1908=VERTEX_POINT('',#6717);
#1909=VERTEX_POINT('',#6719);
#1910=VERTEX_POINT('',#6721);
#1911=VERTEX_POINT('',#6723);
#1912=VERTEX_POINT('',#6725);
#1913=VERTEX_POINT('',#6727);
#1914=VERTEX_POINT('',#6729);
#1915=VERTEX_POINT('',#6731);
#1916=VERTEX_POINT('',#6733);
#1917=VERTEX_POINT('',#6786);
#1918=VERTEX_POINT('',#6788);
#1919=VERTEX_POINT('',#6790);
#1920=VERTEX_POINT('',#6792);
#1921=VERTEX_POINT('',#6794);
#1922=VERTEX_POINT('',#6805);
#1923=VERTEX_POINT('',#6807);
#1924=VERTEX_POINT('',#6809);
#1925=VERTEX_POINT('',#6811);
#1926=VERTEX_POINT('',#6822);
#1927=VERTEX_POINT('',#6824);
#1928=VERTEX_POINT('',#6826);
#1929=VERTEX_POINT('',#6828);
#1930=VERTEX_POINT('',#6839);
#1931=VERTEX_POINT('',#6841);
#1932=VERTEX_POINT('',#6843);
#1933=VERTEX_POINT('',#6845);
#1934=VERTEX_POINT('',#6856);
#1935=VERTEX_POINT('',#6860);
#1936=VERTEX_POINT('',#6862);
#1937=VERTEX_POINT('',#6864);
#1938=VERTEX_POINT('',#6866);
#1939=VERTEX_POINT('',#6872);
#1940=VERTEX_POINT('',#6874);
#1941=VERTEX_POINT('',#6876);
#1942=VERTEX_POINT('',#6881);
#1943=VERTEX_POINT('',#6883);
#1944=VERTEX_POINT('',#6885);
#1945=VERTEX_POINT('',#6891);
#1946=VERTEX_POINT('',#6893);
#1947=VERTEX_POINT('',#6895);
#1948=VERTEX_POINT('',#6901);
#1949=VERTEX_POINT('',#6903);
#1950=VERTEX_POINT('',#6905);
#1951=VERTEX_POINT('',#6911);
#1952=VERTEX_POINT('',#6913);
#1953=VERTEX_POINT('',#6915);
#1954=VERTEX_POINT('',#6921);
#1955=VERTEX_POINT('',#6923);
#1956=VERTEX_POINT('',#6925);
#1957=VERTEX_POINT('',#6931);
#1958=VERTEX_POINT('',#6933);
#1959=VERTEX_POINT('',#6957);
#1960=VERTEX_POINT('',#6958);
#1961=VERTEX_POINT('',#6963);
#1962=VERTEX_POINT('',#6964);
#1963=VERTEX_POINT('',#6968);
#1964=VERTEX_POINT('',#6969);
#1965=VERTEX_POINT('',#6974);
#1966=VERTEX_POINT('',#6975);
#1967=VERTEX_POINT('',#6980);
#1968=VERTEX_POINT('',#6982);
#1969=VERTEX_POINT('',#6987);
#1970=VERTEX_POINT('',#6988);
#1971=VERTEX_POINT('',#6991);
#1972=VERTEX_POINT('',#6993);
#1973=VERTEX_POINT('',#6997);
#1974=EDGE_CURVE('',#1590,#1591,#1336,.T.);
#1975=EDGE_CURVE('',#1591,#1590,#1337,.T.);
#1976=EDGE_CURVE('',#1591,#1592,#754,.T.);
#1977=EDGE_CURVE('',#1592,#1593,#1338,.T.);
#1978=EDGE_CURVE('',#1593,#1592,#1339,.T.);
#1979=EDGE_CURVE('',#1594,#1595,#1340,.T.);
#1980=EDGE_CURVE('',#1595,#1594,#1341,.T.);
#1981=EDGE_CURVE('',#1596,#1597,#1342,.T.);
#1982=EDGE_CURVE('',#1597,#1595,#755,.T.);
#1983=EDGE_CURVE('',#1597,#1596,#1343,.T.);
#1984=EDGE_CURVE('',#1598,#1598,#1344,.T.);
#1985=EDGE_CURVE('',#1599,#1599,#1345,.T.);
#1986=EDGE_CURVE('',#1599,#1598,#756,.T.);
#1987=EDGE_CURVE('',#1600,#1601,#1346,.T.);
#1988=EDGE_CURVE('',#1601,#1600,#1347,.T.);
#1989=EDGE_CURVE('',#1602,#1603,#1348,.T.);
#1990=EDGE_CURVE('',#1603,#1604,#1349,.T.);
#1991=EDGE_CURVE('',#1604,#1601,#757,.T.);
#1992=EDGE_CURVE('',#1604,#1602,#1350,.T.);
#1993=EDGE_CURVE('',#1603,#1605,#758,.T.);
#1994=EDGE_CURVE('',#1605,#1606,#1351,.T.);
#1995=EDGE_CURVE('',#1606,#1605,#1352,.T.);
#1996=EDGE_CURVE('',#1607,#1608,#1353,.T.);
#1997=EDGE_CURVE('',#1608,#1607,#1354,.T.);
#1998=EDGE_CURVE('',#1608,#1609,#759,.T.);
#1999=EDGE_CURVE('',#1609,#1610,#1355,.T.);
#2000=EDGE_CURVE('',#1610,#1609,#1356,.T.);
#2001=EDGE_CURVE('',#1611,#1610,#760,.T.);
#2002=EDGE_CURVE('',#1612,#1613,#1357,.T.);
#2003=EDGE_CURVE('',#1613,#1612,#1358,.T.);
#2004=EDGE_CURVE('',#1613,#1614,#761,.T.);
#2005=EDGE_CURVE('',#1614,#1615,#1359,.T.);
#2006=EDGE_CURVE('',#1616,#1615,#762,.T.);
#2007=EDGE_CURVE('',#1617,#1616,#1360,.T.);
#2008=EDGE_CURVE('',#1617,#1618,#763,.T.);
#2009=EDGE_CURVE('',#1618,#1614,#1361,.T.);
#2010=EDGE_CURVE('',#1619,#1616,#128,.T.);
#2011=EDGE_CURVE('',#1620,#1619,#1362,.T.);
#2012=EDGE_CURVE('',#1617,#1620,#129,.T.);
#2013=EDGE_CURVE('',#1618,#1615,#764,.T.);
#2014=EDGE_CURVE('',#1620,#1619,#765,.T.);
#2015=EDGE_CURVE('',#1621,#1622,#1363,.T.);
#2016=EDGE_CURVE('',#1622,#1621,#1364,.T.);
#2017=EDGE_CURVE('',#1623,#1624,#1365,.T.);
#2018=EDGE_CURVE('',#1624,#1623,#1366,.T.);
#2019=EDGE_CURVE('',#1625,#1626,#1367,.T.);
#2020=EDGE_CURVE('',#1626,#1625,#1368,.T.);
#2021=EDGE_CURVE('',#1626,#1622,#766,.T.);
#2022=EDGE_CURVE('',#1627,#1628,#1369,.T.);
#2023=EDGE_CURVE('',#1628,#1627,#1370,.T.);
#2024=EDGE_CURVE('',#1624,#1628,#767,.T.);
#2025=EDGE_CURVE('',#1629,#1630,#1371,.T.);
#2026=EDGE_CURVE('',#1630,#1629,#1372,.T.);
#2027=EDGE_CURVE('',#1631,#1632,#1373,.T.);
#2028=EDGE_CURVE('',#1632,#1631,#1374,.T.);
#2029=EDGE_CURVE('',#1633,#1634,#1375,.T.);
#2030=EDGE_CURVE('',#1634,#1633,#1376,.T.);
#2031=EDGE_CURVE('',#1634,#1630,#768,.T.);
#2032=EDGE_CURVE('',#1635,#1636,#1377,.T.);
#2033=EDGE_CURVE('',#1636,#1635,#1378,.T.);
#2034=EDGE_CURVE('',#1632,#1636,#769,.T.);
#2035=EDGE_CURVE('',#1637,#1638,#1379,.T.);
#2036=EDGE_CURVE('',#1638,#1637,#1380,.T.);
#2037=EDGE_CURVE('',#1639,#1639,#1381,.T.);
#2038=EDGE_CURVE('',#1640,#1641,#1382,.T.);
#2039=EDGE_CURVE('',#1641,#1640,#1383,.T.);
#2040=EDGE_CURVE('',#1641,#1638,#770,.T.);
#2041=EDGE_CURVE('',#1642,#1643,#1384,.T.);
#2042=EDGE_CURVE('',#1643,#1642,#1385,.T.);
#2043=EDGE_CURVE('',#1644,#1645,#1386,.T.);
#2044=EDGE_CURVE('',#1645,#1644,#1387,.T.);
#2045=EDGE_CURVE('',#1645,#1643,#771,.T.);
#2046=EDGE_CURVE('',#1646,#1646,#1388,.T.);
#2047=EDGE_CURVE('',#1639,#1646,#772,.T.);
#2048=EDGE_CURVE('',#1647,#1648,#1389,.T.);
#2049=EDGE_CURVE('',#1648,#1647,#1390,.T.);
#2050=EDGE_CURVE('',#1649,#1650,#1391,.T.);
#2051=EDGE_CURVE('',#1650,#1649,#1392,.T.);
#2052=EDGE_CURVE('',#1651,#1652,#1393,.T.);
#2053=EDGE_CURVE('',#1652,#1651,#1394,.T.);
#2054=EDGE_CURVE('',#1652,#1648,#773,.T.);
#2055=EDGE_CURVE('',#1653,#1654,#1395,.T.);
#2056=EDGE_CURVE('',#1654,#1653,#1396,.T.);
#2057=EDGE_CURVE('',#1650,#1654,#774,.T.);
#2058=EDGE_CURVE('',#1655,#1656,#1397,.T.);
#2059=EDGE_CURVE('',#1656,#1655,#1398,.T.);
#2060=EDGE_CURVE('',#1657,#1658,#1399,.T.);
#2061=EDGE_CURVE('',#1658,#1657,#1400,.T.);
#2062=EDGE_CURVE('',#1658,#1659,#775,.T.);
#2063=EDGE_CURVE('',#1660,#1659,#1401,.T.);
#2064=EDGE_CURVE('',#1659,#1660,#1402,.T.);
#2065=EDGE_CURVE('',#1661,#1662,#1403,.T.);
#2066=EDGE_CURVE('',#1662,#1661,#1404,.T.);
#2067=EDGE_CURVE('',#1662,#1656,#776,.T.);
#2068=EDGE_CURVE('',#1663,#1663,#1405,.T.);
#2069=EDGE_CURVE('',#1664,#1665,#1406,.T.);
#2070=EDGE_CURVE('',#1665,#1664,#1407,.T.);
#2071=EDGE_CURVE('',#1663,#1666,#777,.T.);
#2072=EDGE_CURVE('',#1666,#1666,#1408,.T.);
#2073=EDGE_CURVE('',#1667,#1668,#1409,.T.);
#2074=EDGE_CURVE('',#1668,#1667,#1410,.T.);
#2075=EDGE_CURVE('',#1668,#1669,#778,.T.);
#2076=EDGE_CURVE('',#1669,#1670,#1411,.T.);
#2077=EDGE_CURVE('',#1670,#1669,#1412,.T.);
#2078=EDGE_CURVE('',#1671,#1672,#779,.T.);
#2079=EDGE_CURVE('',#1671,#1673,#1413,.T.);
#2080=EDGE_CURVE('',#1674,#1673,#780,.T.);
#2081=EDGE_CURVE('',#1674,#1675,#1414,.T.);
#2082=EDGE_CURVE('',#1675,#1676,#781,.T.);
#2083=EDGE_CURVE('',#1676,#1677,#1415,.T.);
#2084=EDGE_CURVE('',#1678,#1677,#782,.T.);
#2085=EDGE_CURVE('',#1678,#1679,#1416,.T.);
#2086=EDGE_CURVE('',#1680,#1679,#783,.T.);
#2087=EDGE_CURVE('',#1680,#1681,#1417,.T.);
#2088=EDGE_CURVE('',#1681,#1682,#784,.T.);
#2089=EDGE_CURVE('',#1682,#1683,#1418,.T.);
#2090=EDGE_CURVE('',#1684,#1683,#785,.T.);
#2091=EDGE_CURVE('',#1684,#1685,#1419,.T.);
#2092=EDGE_CURVE('',#1686,#1685,#786,.T.);
#2093=EDGE_CURVE('',#1686,#1687,#1420,.T.);
#2094=EDGE_CURVE('',#1687,#1688,#787,.T.);
#2095=EDGE_CURVE('',#1688,#1689,#1421,.T.);
#2096=EDGE_CURVE('',#1690,#1689,#788,.T.);
#2097=EDGE_CURVE('',#1690,#1691,#1422,.T.);
#2098=EDGE_CURVE('',#1692,#1691,#789,.T.);
#2099=EDGE_CURVE('',#1692,#1693,#1423,.T.);
#2100=EDGE_CURVE('',#1693,#1694,#790,.T.);
#2101=EDGE_CURVE('',#1694,#1672,#1424,.T.);
#2102=EDGE_CURVE('',#1695,#1696,#1425,.T.);
#2103=EDGE_CURVE('',#1696,#1695,#1426,.T.);
#2104=EDGE_CURVE('',#1697,#1698,#1427,.T.);
#2105=EDGE_CURVE('',#1698,#1697,#1428,.T.);
#2106=EDGE_CURVE('',#1699,#1700,#1429,.T.);
#2107=EDGE_CURVE('',#1700,#1699,#1430,.T.);
#2108=EDGE_CURVE('',#1701,#1702,#1431,.T.);
#2109=EDGE_CURVE('',#1702,#1701,#1432,.T.);
#2110=EDGE_CURVE('',#1672,#1703,#791,.T.);
#2111=EDGE_CURVE('',#1704,#1703,#792,.T.);
#2112=EDGE_CURVE('',#1671,#1704,#793,.T.);
#2113=EDGE_CURVE('',#1703,#1705,#1433,.T.);
#2114=EDGE_CURVE('',#1694,#1705,#794,.T.);
#2115=EDGE_CURVE('',#1706,#1707,#1434,.T.);
#2116=EDGE_CURVE('',#1707,#1708,#795,.T.);
#2117=EDGE_CURVE('',#1708,#1709,#1435,.T.);
#2118=EDGE_CURVE('',#1710,#1709,#796,.T.);
#2119=EDGE_CURVE('',#1710,#1711,#1436,.T.);
#2120=EDGE_CURVE('',#1712,#1711,#797,.T.);
#2121=EDGE_CURVE('',#1712,#1713,#1437,.T.);
#2122=EDGE_CURVE('',#1713,#1706,#798,.T.);
#2123=EDGE_CURVE('',#1714,#1714,#1438,.T.);
#2124=EDGE_CURVE('',#1705,#1715,#799,.T.);
#2125=EDGE_CURVE('',#1715,#1716,#1439,.T.);
#2126=EDGE_CURVE('',#1717,#1716,#800,.T.);
#2127=EDGE_CURVE('',#1717,#1718,#1440,.T.);
#2128=EDGE_CURVE('',#1719,#1718,#801,.T.);
#2129=EDGE_CURVE('',#1719,#1704,#1441,.T.);
#2130=EDGE_CURVE('',#1720,#1720,#1442,.T.);
#2131=EDGE_CURVE('',#1721,#1722,#1443,.T.);
#2132=EDGE_CURVE('',#1722,#1723,#802,.T.);
#2133=EDGE_CURVE('',#1723,#1724,#1444,.T.);
#2134=EDGE_CURVE('',#1725,#1724,#803,.T.);
#2135=EDGE_CURVE('',#1725,#1726,#1445,.T.);
#2136=EDGE_CURVE('',#1727,#1726,#804,.T.);
#2137=EDGE_CURVE('',#1727,#1728,#1446,.T.);
#2138=EDGE_CURVE('',#1728,#1721,#805,.T.);
#2139=EDGE_CURVE('',#1729,#1729,#1447,.T.);
#2140=EDGE_CURVE('',#1730,#1731,#1448,.T.);
#2141=EDGE_CURVE('',#1731,#1732,#806,.T.);
#2142=EDGE_CURVE('',#1732,#1733,#1449,.T.);
#2143=EDGE_CURVE('',#1734,#1733,#807,.T.);
#2144=EDGE_CURVE('',#1734,#1735,#1450,.T.);
#2145=EDGE_CURVE('',#1736,#1735,#808,.T.);
#2146=EDGE_CURVE('',#1736,#1737,#1451,.T.);
#2147=EDGE_CURVE('',#1737,#1730,#809,.T.);
#2148=EDGE_CURVE('',#1738,#1738,#1452,.T.);
#2149=EDGE_CURVE('',#1677,#1706,#810,.T.);
#2150=EDGE_CURVE('',#1676,#1707,#811,.T.);
#2151=EDGE_CURVE('',#1708,#1675,#812,.T.);
#2152=EDGE_CURVE('',#1709,#1674,#813,.T.);
#2153=EDGE_CURVE('',#1739,#1740,#814,.T.);
#2154=EDGE_CURVE('',#1741,#1739,#815,.T.);
#2155=EDGE_CURVE('',#1742,#1741,#816,.T.);
#2156=EDGE_CURVE('',#1742,#1710,#817,.T.);
#2157=EDGE_CURVE('',#1673,#1719,#818,.T.);
#2158=EDGE_CURVE('',#1743,#1718,#819,.T.);
#2159=EDGE_CURVE('',#1744,#1743,#820,.T.);
#2160=EDGE_CURVE('',#1744,#1740,#821,.T.);
#2161=EDGE_CURVE('',#1740,#1745,#822,.T.);
#2162=EDGE_CURVE('',#1745,#1746,#1453,.T.);
#2163=EDGE_CURVE('',#1746,#1739,#823,.T.);
#2164=EDGE_CURVE('',#1747,#1748,#1454,.T.);
#2165=EDGE_CURVE('',#1748,#1747,#1455,.T.);
#2166=EDGE_CURVE('',#1749,#1746,#824,.T.);
#2167=EDGE_CURVE('',#1741,#1749,#825,.T.);
#2168=EDGE_CURVE('',#1750,#1749,#1456,.T.);
#2169=EDGE_CURVE('',#1744,#1750,#826,.T.);
#2170=EDGE_CURVE('',#1743,#1751,#1457,.T.);
#2171=EDGE_CURVE('',#1751,#1752,#827,.T.);
#2172=EDGE_CURVE('',#1752,#1753,#828,.T.);
#2173=EDGE_CURVE('',#1754,#1753,#1458,.T.);
#2174=EDGE_CURVE('',#1755,#1754,#829,.T.);
#2175=EDGE_CURVE('',#1755,#1756,#830,.T.);
#2176=EDGE_CURVE('',#1756,#1757,#1459,.T.);
#2177=EDGE_CURVE('',#1757,#1758,#831,.T.);
#2178=EDGE_CURVE('',#1758,#1759,#832,.T.);
#2179=EDGE_CURVE('',#1760,#1759,#1460,.T.);
#2180=EDGE_CURVE('',#1761,#1760,#833,.T.);
#2181=EDGE_CURVE('',#1761,#1762,#834,.T.);
#2182=EDGE_CURVE('',#1762,#1763,#1461,.T.);
#2183=EDGE_CURVE('',#1763,#1764,#835,.T.);
#2184=EDGE_CURVE('',#1764,#1765,#836,.T.);
#2185=EDGE_CURVE('',#1766,#1765,#1462,.T.);
#2186=EDGE_CURVE('',#1767,#1766,#837,.T.);
#2187=EDGE_CURVE('',#1767,#1768,#838,.T.);
#2188=EDGE_CURVE('',#1768,#1742,#1463,.T.);
#2189=EDGE_CURVE('',#1769,#1769,#1464,.T.);
#2190=EDGE_CURVE('',#1770,#1770,#1465,.T.);
#2191=EDGE_CURVE('',#1771,#1771,#1466,.T.);
#2192=EDGE_CURVE('',#1772,#1772,#1467,.T.);
#2193=EDGE_CURVE('',#1773,#1774,#1468,.T.);
#2194=EDGE_CURVE('',#1774,#1773,#1469,.T.);
#2195=EDGE_CURVE('',#1775,#1776,#1470,.T.);
#2196=EDGE_CURVE('',#1776,#1775,#1471,.T.);
#2197=EDGE_CURVE('',#1776,#1774,#839,.T.);
#2198=EDGE_CURVE('',#1777,#1777,#1472,.T.);
#2199=EDGE_CURVE('',#1777,#1778,#840,.T.);
#2200=EDGE_CURVE('',#1778,#1778,#1473,.T.);
#2201=EDGE_CURVE('',#1779,#1780,#1474,.T.);
#2202=EDGE_CURVE('',#1780,#1779,#1475,.T.);
#2203=EDGE_CURVE('',#1780,#1781,#841,.T.);
#2204=EDGE_CURVE('',#1781,#1782,#1476,.T.);
#2205=EDGE_CURVE('',#1782,#1781,#1477,.T.);
#2206=EDGE_CURVE('',#1783,#1784,#1478,.T.);
#2207=EDGE_CURVE('',#1784,#1783,#1479,.T.);
#2208=EDGE_CURVE('',#1784,#1665,#842,.T.);
#2209=EDGE_CURVE('',#1769,#1714,#843,.T.);
#2210=EDGE_CURVE('',#1770,#1738,#844,.T.);
#2211=EDGE_CURVE('',#1771,#1729,#845,.T.);
#2212=EDGE_CURVE('',#1772,#1720,#846,.T.);
#2213=EDGE_CURVE('',#1768,#1711,#847,.T.);
#2214=EDGE_CURVE('',#1785,#1786,#848,.T.);
#2215=EDGE_CURVE('',#1764,#1785,#849,.T.);
#2216=EDGE_CURVE('',#1763,#1734,#850,.T.);
#2217=EDGE_CURVE('',#1733,#1680,#851,.T.);
#2218=EDGE_CURVE('',#1679,#1712,#852,.T.);
#2219=EDGE_CURVE('',#1767,#1786,#853,.T.);
#2220=EDGE_CURVE('',#1786,#1787,#854,.T.);
#2221=EDGE_CURVE('',#1787,#1788,#1480,.T.);
#2222=EDGE_CURVE('',#1788,#1785,#855,.T.);
#2223=EDGE_CURVE('',#1789,#1790,#1481,.T.);
#2224=EDGE_CURVE('',#1790,#1789,#1482,.T.);
#2225=EDGE_CURVE('',#1765,#1788,#856,.T.);
#2226=EDGE_CURVE('',#1766,#1787,#857,.T.);
#2227=EDGE_CURVE('',#1702,#1790,#858,.T.);
#2228=EDGE_CURVE('',#1678,#1713,#859,.T.);
#2229=EDGE_CURVE('',#1732,#1681,#860,.T.);
#2230=EDGE_CURVE('',#1682,#1731,#861,.T.);
#2231=EDGE_CURVE('',#1683,#1730,#862,.T.);
#2232=EDGE_CURVE('',#1684,#1737,#863,.T.);
#2233=EDGE_CURVE('',#1685,#1736,#864,.T.);
#2234=EDGE_CURVE('',#1791,#1792,#865,.T.);
#2235=EDGE_CURVE('',#1758,#1791,#866,.T.);
#2236=EDGE_CURVE('',#1757,#1725,#867,.T.);
#2237=EDGE_CURVE('',#1724,#1686,#868,.T.);
#2238=EDGE_CURVE('',#1762,#1735,#869,.T.);
#2239=EDGE_CURVE('',#1761,#1792,#870,.T.);
#2240=EDGE_CURVE('',#1792,#1793,#871,.T.);
#2241=EDGE_CURVE('',#1793,#1794,#1483,.T.);
#2242=EDGE_CURVE('',#1794,#1791,#872,.T.);
#2243=EDGE_CURVE('',#1795,#1796,#1484,.T.);
#2244=EDGE_CURVE('',#1796,#1795,#1485,.T.);
#2245=EDGE_CURVE('',#1759,#1794,#873,.T.);
#2246=EDGE_CURVE('',#1760,#1793,#874,.T.);
#2247=EDGE_CURVE('',#1696,#1796,#875,.T.);
#2248=EDGE_CURVE('',#1723,#1687,#876,.T.);
#2249=EDGE_CURVE('',#1688,#1722,#877,.T.);
#2250=EDGE_CURVE('',#1689,#1721,#878,.T.);
#2251=EDGE_CURVE('',#1690,#1728,#879,.T.);
#2252=EDGE_CURVE('',#1691,#1727,#880,.T.);
#2253=EDGE_CURVE('',#1797,#1798,#881,.T.);
#2254=EDGE_CURVE('',#1752,#1797,#882,.T.);
#2255=EDGE_CURVE('',#1751,#1717,#883,.T.);
#2256=EDGE_CURVE('',#1716,#1692,#884,.T.);
#2257=EDGE_CURVE('',#1756,#1726,#885,.T.);
#2258=EDGE_CURVE('',#1755,#1798,#886,.T.);
#2259=EDGE_CURVE('',#1798,#1799,#887,.T.);
#2260=EDGE_CURVE('',#1799,#1800,#1486,.T.);
#2261=EDGE_CURVE('',#1800,#1797,#888,.T.);
#2262=EDGE_CURVE('',#1801,#1802,#1487,.T.);
#2263=EDGE_CURVE('',#1802,#1801,#1488,.T.);
#2264=EDGE_CURVE('',#1753,#1800,#889,.T.);
#2265=EDGE_CURVE('',#1754,#1799,#890,.T.);
#2266=EDGE_CURVE('',#1698,#1802,#891,.T.);
#2267=EDGE_CURVE('',#1715,#1693,#892,.T.);
#2268=EDGE_CURVE('',#1750,#1745,#893,.T.);
#2269=EDGE_CURVE('',#1700,#1748,#894,.T.);
#2270=EDGE_CURVE('',#1803,#1804,#1489,.T.);
#2271=EDGE_CURVE('',#1805,#1804,#895,.T.);
#2272=EDGE_CURVE('',#1805,#1806,#1490,.T.);
#2273=EDGE_CURVE('',#1806,#1807,#896,.T.);
#2274=EDGE_CURVE('',#1807,#1808,#1491,.T.);
#2275=EDGE_CURVE('',#1809,#1808,#897,.T.);
#2276=EDGE_CURVE('',#1809,#1810,#1492,.T.);
#2277=EDGE_CURVE('',#1811,#1810,#898,.T.);
#2278=EDGE_CURVE('',#1811,#1812,#1493,.T.);
#2279=EDGE_CURVE('',#1812,#1813,#899,.T.);
#2280=EDGE_CURVE('',#1813,#1814,#1494,.T.);
#2281=EDGE_CURVE('',#1815,#1814,#900,.T.);
#2282=EDGE_CURVE('',#1815,#1816,#1495,.T.);
#2283=EDGE_CURVE('',#1817,#1816,#901,.T.);
#2284=EDGE_CURVE('',#1817,#1818,#1496,.T.);
#2285=EDGE_CURVE('',#1818,#1819,#902,.T.);
#2286=EDGE_CURVE('',#1819,#1820,#1497,.T.);
#2287=EDGE_CURVE('',#1821,#1820,#903,.T.);
#2288=EDGE_CURVE('',#1821,#1822,#1498,.T.);
#2289=EDGE_CURVE('',#1823,#1822,#904,.T.);
#2290=EDGE_CURVE('',#1823,#1824,#1499,.T.);
#2291=EDGE_CURVE('',#1824,#1825,#905,.T.);
#2292=EDGE_CURVE('',#1825,#1826,#1500,.T.);
#2293=EDGE_CURVE('',#1803,#1826,#906,.T.);
#2294=EDGE_CURVE('',#1827,#1827,#1501,.T.);
#2295=EDGE_CURVE('',#1828,#1829,#1502,.T.);
#2296=EDGE_CURVE('',#1804,#1828,#907,.T.);
#2297=EDGE_CURVE('',#1803,#1829,#908,.T.);
#2298=EDGE_CURVE('',#1829,#1830,#909,.F.);
#2299=EDGE_CURVE('',#1830,#1831,#1503,.F.);
#2300=EDGE_CURVE('',#1832,#1831,#910,.T.);
#2301=EDGE_CURVE('',#1832,#1833,#1504,.T.);
#2302=EDGE_CURVE('',#1833,#1834,#911,.T.);
#2303=EDGE_CURVE('',#1834,#1835,#1505,.T.);
#2304=EDGE_CURVE('',#1835,#1836,#912,.F.);
#2305=EDGE_CURVE('',#1836,#1837,#1506,.F.);
#2306=EDGE_CURVE('',#1838,#1837,#913,.T.);
#2307=EDGE_CURVE('',#1838,#1839,#1507,.T.);
#2308=EDGE_CURVE('',#1839,#1840,#914,.T.);
#2309=EDGE_CURVE('',#1840,#1841,#1508,.T.);
#2310=EDGE_CURVE('',#1841,#1842,#915,.F.);
#2311=EDGE_CURVE('',#1842,#1843,#1509,.F.);
#2312=EDGE_CURVE('',#1844,#1843,#916,.T.);
#2313=EDGE_CURVE('',#1844,#1845,#1510,.T.);
#2314=EDGE_CURVE('',#1845,#1846,#917,.T.);
#2315=EDGE_CURVE('',#1846,#1847,#1511,.T.);
#2316=EDGE_CURVE('',#1847,#1848,#918,.F.);
#2317=EDGE_CURVE('',#1848,#1849,#1512,.F.);
#2318=EDGE_CURVE('',#1850,#1849,#919,.T.);
#2319=EDGE_CURVE('',#1850,#1851,#1513,.T.);
#2320=EDGE_CURVE('',#1851,#1828,#920,.T.);
#2321=EDGE_CURVE('',#1852,#1852,#1514,.T.);
#2322=EDGE_CURVE('',#1851,#1805,#921,.T.);
#2323=EDGE_CURVE('',#1850,#1806,#922,.T.);
#2324=EDGE_CURVE('',#1849,#1807,#923,.T.);
#2325=EDGE_CURVE('',#1848,#1808,#924,.T.);
#2326=EDGE_CURVE('',#1809,#1847,#925,.T.);
#2327=EDGE_CURVE('',#1810,#1846,#926,.T.);
#2328=EDGE_CURVE('',#1845,#1811,#927,.T.);
#2329=EDGE_CURVE('',#1844,#1812,#928,.T.);
#2330=EDGE_CURVE('',#1843,#1813,#929,.T.);
#2331=EDGE_CURVE('',#1842,#1814,#930,.T.);
#2332=EDGE_CURVE('',#1815,#1841,#931,.T.);
#2333=EDGE_CURVE('',#1816,#1840,#932,.T.);
#2334=EDGE_CURVE('',#1839,#1817,#933,.T.);
#2335=EDGE_CURVE('',#1838,#1818,#934,.T.);
#2336=EDGE_CURVE('',#1837,#1819,#935,.T.);
#2337=EDGE_CURVE('',#1836,#1820,#936,.T.);
#2338=EDGE_CURVE('',#1821,#1835,#937,.T.);
#2339=EDGE_CURVE('',#1822,#1834,#938,.T.);
#2340=EDGE_CURVE('',#1833,#1823,#939,.T.);
#2341=EDGE_CURVE('',#1832,#1824,#940,.T.);
#2342=EDGE_CURVE('',#1831,#1825,#941,.T.);
#2343=EDGE_CURVE('',#1830,#1826,#942,.T.);
#2344=EDGE_CURVE('',#1827,#1852,#943,.T.);
#2345=EDGE_CURVE('',#1853,#1854,#1515,.T.);
#2346=EDGE_CURVE('',#1854,#1855,#944,.T.);
#2347=EDGE_CURVE('',#1855,#1856,#1516,.T.);
#2348=EDGE_CURVE('',#1857,#1856,#945,.T.);
#2349=EDGE_CURVE('',#1857,#1858,#1517,.T.);
#2350=EDGE_CURVE('',#1859,#1858,#946,.T.);
#2351=EDGE_CURVE('',#1859,#1860,#1518,.T.);
#2352=EDGE_CURVE('',#1860,#1861,#947,.T.);
#2353=EDGE_CURVE('',#1861,#1862,#1519,.T.);
#2354=EDGE_CURVE('',#1863,#1862,#948,.T.);
#2355=EDGE_CURVE('',#1863,#1864,#1520,.T.);
#2356=EDGE_CURVE('',#1865,#1864,#949,.T.);
#2357=EDGE_CURVE('',#1865,#1866,#1521,.T.);
#2358=EDGE_CURVE('',#1866,#1867,#950,.T.);
#2359=EDGE_CURVE('',#1867,#1868,#1522,.T.);
#2360=EDGE_CURVE('',#1869,#1868,#951,.T.);
#2361=EDGE_CURVE('',#1869,#1870,#1523,.T.);
#2362=EDGE_CURVE('',#1871,#1870,#952,.T.);
#2363=EDGE_CURVE('',#1871,#1872,#1524,.T.);
#2364=EDGE_CURVE('',#1872,#1873,#953,.T.);
#2365=EDGE_CURVE('',#1873,#1874,#1525,.T.);
#2366=EDGE_CURVE('',#1875,#1874,#954,.T.);
#2367=EDGE_CURVE('',#1875,#1876,#1526,.T.);
#2368=EDGE_CURVE('',#1853,#1876,#955,.T.);
#2369=EDGE_CURVE('',#1877,#1877,#1527,.T.);
#2370=EDGE_CURVE('',#1877,#1878,#956,.T.);
#2371=EDGE_CURVE('',#1878,#1878,#1528,.T.);
#2372=EDGE_CURVE('',#1879,#1880,#1529,.T.);
#2373=EDGE_CURVE('',#1880,#1879,#1530,.T.);
#2374=EDGE_CURVE('',#1880,#1881,#957,.T.);
#2375=EDGE_CURVE('',#1881,#1882,#1531,.T.);
#2376=EDGE_CURVE('',#1882,#1881,#1532,.T.);
#2377=EDGE_CURVE('',#1883,#1884,#1533,.T.);
#2378=EDGE_CURVE('',#1884,#1883,#1534,.T.);
#2379=EDGE_CURVE('',#1884,#1885,#958,.T.);
#2380=EDGE_CURVE('',#1885,#1886,#1535,.T.);
#2381=EDGE_CURVE('',#1886,#1885,#1536,.T.);
#2382=EDGE_CURVE('',#1887,#1887,#1537,.T.);
#2383=EDGE_CURVE('',#1887,#1888,#959,.T.);
#2384=EDGE_CURVE('',#1888,#1888,#1538,.T.);
#2385=EDGE_CURVE('',#1889,#1890,#1539,.T.);
#2386=EDGE_CURVE('',#1890,#1889,#1540,.T.);
#2387=EDGE_CURVE('',#1890,#1891,#960,.T.);
#2388=EDGE_CURVE('',#1891,#1892,#1541,.T.);
#2389=EDGE_CURVE('',#1892,#1891,#1542,.T.);
#2390=EDGE_CURVE('',#1893,#1894,#1543,.T.);
#2391=EDGE_CURVE('',#1894,#1895,#961,.T.);
#2392=EDGE_CURVE('',#1895,#1896,#1544,.T.);
#2393=EDGE_CURVE('',#1896,#1897,#962,.T.);
#2394=EDGE_CURVE('',#1897,#1898,#1545,.T.);
#2395=EDGE_CURVE('',#1899,#1898,#963,.T.);
#2396=EDGE_CURVE('',#1899,#1900,#1546,.T.);
#2397=EDGE_CURVE('',#1900,#1901,#964,.T.);
#2398=EDGE_CURVE('',#1901,#1902,#1547,.T.);
#2399=EDGE_CURVE('',#1902,#1903,#965,.T.);
#2400=EDGE_CURVE('',#1903,#1904,#1548,.T.);
#2401=EDGE_CURVE('',#1905,#1904,#966,.T.);
#2402=EDGE_CURVE('',#1905,#1906,#1549,.T.);
#2403=EDGE_CURVE('',#1906,#1907,#967,.T.);
#2404=EDGE_CURVE('',#1907,#1908,#1550,.T.);
#2405=EDGE_CURVE('',#1908,#1909,#968,.T.);
#2406=EDGE_CURVE('',#1909,#1910,#1551,.T.);
#2407=EDGE_CURVE('',#1911,#1910,#969,.T.);
#2408=EDGE_CURVE('',#1911,#1912,#1552,.T.);
#2409=EDGE_CURVE('',#1912,#1913,#970,.T.);
#2410=EDGE_CURVE('',#1913,#1914,#1553,.T.);
#2411=EDGE_CURVE('',#1914,#1915,#971,.T.);
#2412=EDGE_CURVE('',#1915,#1916,#1554,.T.);
#2413=EDGE_CURVE('',#1893,#1916,#972,.T.);
#2414=EDGE_CURVE('',#1894,#1853,#973,.T.);
#2415=EDGE_CURVE('',#1893,#1854,#974,.T.);
#2416=EDGE_CURVE('',#1916,#1855,#975,.T.);
#2417=EDGE_CURVE('',#1915,#1856,#976,.T.);
#2418=EDGE_CURVE('',#1857,#1914,#977,.T.);
#2419=EDGE_CURVE('',#1858,#1913,#978,.T.);
#2420=EDGE_CURVE('',#1912,#1859,#979,.T.);
#2421=EDGE_CURVE('',#1911,#1860,#980,.T.);
#2422=EDGE_CURVE('',#1910,#1861,#981,.T.);
#2423=EDGE_CURVE('',#1909,#1862,#982,.T.);
#2424=EDGE_CURVE('',#1863,#1908,#983,.T.);
#2425=EDGE_CURVE('',#1864,#1907,#984,.T.);
#2426=EDGE_CURVE('',#1906,#1865,#985,.T.);
#2427=EDGE_CURVE('',#1905,#1866,#986,.T.);
#2428=EDGE_CURVE('',#1904,#1867,#987,.T.);
#2429=EDGE_CURVE('',#1903,#1868,#988,.T.);
#2430=EDGE_CURVE('',#1869,#1902,#989,.T.);
#2431=EDGE_CURVE('',#1870,#1901,#990,.T.);
#2432=EDGE_CURVE('',#1900,#1871,#991,.T.);
#2433=EDGE_CURVE('',#1899,#1872,#992,.T.);
#2434=EDGE_CURVE('',#1898,#1873,#993,.T.);
#2435=EDGE_CURVE('',#1897,#1874,#994,.T.);
#2436=EDGE_CURVE('',#1875,#1896,#995,.T.);
#2437=EDGE_CURVE('',#1876,#1895,#996,.T.);
#2438=EDGE_CURVE('',#1917,#1917,#1555,.T.);
#2439=EDGE_CURVE('',#1917,#1918,#1556,.T.);
#2440=EDGE_CURVE('',#1918,#1919,#1557,.T.);
#2441=EDGE_CURVE('',#1919,#1920,#1558,.T.);
#2442=EDGE_CURVE('',#1920,#1921,#130,.T.);
#2443=EDGE_CURVE('',#1921,#1922,#1559,.T.);
#2444=EDGE_CURVE('',#1922,#1923,#1560,.T.);
#2445=EDGE_CURVE('',#1923,#1924,#1561,.T.);
#2446=EDGE_CURVE('',#1924,#1925,#131,.T.);
#2447=EDGE_CURVE('',#1925,#1926,#1562,.T.);
#2448=EDGE_CURVE('',#1926,#1927,#1563,.T.);
#2449=EDGE_CURVE('',#1927,#1928,#1564,.T.);
#2450=EDGE_CURVE('',#1928,#1929,#132,.T.);
#2451=EDGE_CURVE('',#1929,#1930,#1565,.T.);
#2452=EDGE_CURVE('',#1930,#1931,#1566,.T.);
#2453=EDGE_CURVE('',#1931,#1932,#1567,.T.);
#2454=EDGE_CURVE('',#1932,#1933,#133,.T.);
#2455=EDGE_CURVE('',#1933,#1934,#1568,.T.);
#2456=EDGE_CURVE('',#1934,#1918,#1569,.T.);
#2457=EDGE_CURVE('',#1935,#1924,#997,.T.);
#2458=EDGE_CURVE('',#1936,#1935,#998,.T.);
#2459=EDGE_CURVE('',#1937,#1936,#1570,.T.);
#2460=EDGE_CURVE('',#1937,#1938,#999,.T.);
#2461=EDGE_CURVE('',#1938,#1925,#1000,.T.);
#2462=EDGE_CURVE('',#1938,#1926,#1001,.T.);
#2463=EDGE_CURVE('',#1939,#1938,#1002,.T.);
#2464=EDGE_CURVE('',#1939,#1940,#1003,.T.);
#2465=EDGE_CURVE('',#1940,#1941,#1004,.T.);
#2466=EDGE_CURVE('',#1941,#1927,#1005,.T.);
#2467=EDGE_CURVE('',#1941,#1928,#1006,.T.);
#2468=EDGE_CURVE('',#1942,#1941,#1007,.T.);
#2469=EDGE_CURVE('',#1943,#1942,#1571,.T.);
#2470=EDGE_CURVE('',#1943,#1944,#1008,.T.);
#2471=EDGE_CURVE('',#1944,#1929,#1009,.T.);
#2472=EDGE_CURVE('',#1944,#1930,#1010,.T.);
#2473=EDGE_CURVE('',#1945,#1944,#1011,.T.);
#2474=EDGE_CURVE('',#1945,#1946,#1012,.T.);
#2475=EDGE_CURVE('',#1946,#1947,#1013,.T.);
#2476=EDGE_CURVE('',#1947,#1931,#1014,.T.);
#2477=EDGE_CURVE('',#1947,#1932,#1015,.T.);
#2478=EDGE_CURVE('',#1948,#1947,#1016,.T.);
#2479=EDGE_CURVE('',#1949,#1948,#1572,.T.);
#2480=EDGE_CURVE('',#1949,#1950,#1017,.T.);
#2481=EDGE_CURVE('',#1950,#1933,#1018,.T.);
#2482=EDGE_CURVE('',#1950,#1934,#1019,.T.);
#2483=EDGE_CURVE('',#1951,#1950,#1020,.T.);
#2484=EDGE_CURVE('',#1951,#1952,#1021,.T.);
#2485=EDGE_CURVE('',#1952,#1953,#1022,.T.);
#2486=EDGE_CURVE('',#1953,#1919,#1023,.T.);
#2487=EDGE_CURVE('',#1953,#1920,#1024,.T.);
#2488=EDGE_CURVE('',#1954,#1953,#1025,.T.);
#2489=EDGE_CURVE('',#1955,#1954,#1573,.T.);
#2490=EDGE_CURVE('',#1955,#1956,#1026,.T.);
#2491=EDGE_CURVE('',#1956,#1921,#1027,.T.);
#2492=EDGE_CURVE('',#1956,#1922,#1028,.T.);
#2493=EDGE_CURVE('',#1957,#1956,#1029,.T.);
#2494=EDGE_CURVE('',#1957,#1958,#1030,.T.);
#2495=EDGE_CURVE('',#1958,#1935,#1031,.T.);
#2496=EDGE_CURVE('',#1935,#1923,#1032,.T.);
#2497=EDGE_CURVE('',#1958,#1936,#1033,.T.);
#2498=EDGE_CURVE('',#1940,#1942,#1034,.T.);
#2499=EDGE_CURVE('',#1937,#1939,#1035,.T.);
#2500=EDGE_CURVE('',#1955,#1957,#1036,.T.);
#2501=EDGE_CURVE('',#1952,#1954,#1037,.T.);
#2502=EDGE_CURVE('',#1949,#1951,#1038,.T.);
#2503=EDGE_CURVE('',#1946,#1948,#1039,.T.);
#2504=EDGE_CURVE('',#1943,#1945,#1040,.T.);
#2505=EDGE_CURVE('',#1959,#1960,#1574,.T.);
#2506=EDGE_CURVE('',#1960,#1917,#1041,.T.);
#2507=EDGE_CURVE('',#1960,#1959,#1575,.T.);
#2508=EDGE_CURVE('',#1961,#1962,#1576,.T.);
#2509=EDGE_CURVE('',#1962,#1961,#1577,.T.);
#2510=EDGE_CURVE('',#1963,#1964,#1578,.T.);
#2511=EDGE_CURVE('',#1964,#1962,#1579,.T.);
#2512=EDGE_CURVE('',#1964,#1963,#1580,.T.);
#2513=EDGE_CURVE('',#1965,#1966,#1581,.T.);
#2514=EDGE_CURVE('',#1966,#1965,#1582,.T.);
#2515=EDGE_CURVE('',#1965,#1964,#1042,.T.);
#2516=EDGE_CURVE('',#1966,#1967,#1043,.T.);
#2517=EDGE_CURVE('',#1967,#1968,#1583,.T.);
#2518=EDGE_CURVE('',#1968,#1967,#1584,.T.);
#2519=EDGE_CURVE('',#1969,#1970,#1585,.T.);
#2520=EDGE_CURVE('',#1970,#1969,#1586,.T.);
#2521=EDGE_CURVE('',#1970,#1971,#1044,.T.);
#2522=EDGE_CURVE('',#1971,#1972,#1587,.T.);
#2523=EDGE_CURVE('',#1972,#1971,#1588,.T.);
#2524=EDGE_CURVE('',#1973,#1973,#1589,.T.);
#2525=ORIENTED_EDGE('',*,*,#1974,.F.);
#2526=ORIENTED_EDGE('',*,*,#1975,.F.);
#2527=ORIENTED_EDGE('',*,*,#1976,.T.);
#2528=ORIENTED_EDGE('',*,*,#1977,.T.);
#2529=ORIENTED_EDGE('',*,*,#1978,.T.);
#2530=ORIENTED_EDGE('',*,*,#1976,.F.);
#2531=ORIENTED_EDGE('',*,*,#1979,.T.);
#2532=ORIENTED_EDGE('',*,*,#1980,.T.);
#2533=ORIENTED_EDGE('',*,*,#1974,.T.);
#2534=ORIENTED_EDGE('',*,*,#1975,.T.);
#2535=ORIENTED_EDGE('',*,*,#1981,.T.);
#2536=ORIENTED_EDGE('',*,*,#1982,.T.);
#2537=ORIENTED_EDGE('',*,*,#1979,.F.);
#2538=ORIENTED_EDGE('',*,*,#1980,.F.);
#2539=ORIENTED_EDGE('',*,*,#1982,.F.);
#2540=ORIENTED_EDGE('',*,*,#1983,.T.);
#2541=ORIENTED_EDGE('',*,*,#1981,.F.);
#2542=ORIENTED_EDGE('',*,*,#1983,.F.);
#2543=ORIENTED_EDGE('',*,*,#1984,.F.);
#2544=ORIENTED_EDGE('',*,*,#1985,.F.);
#2545=ORIENTED_EDGE('',*,*,#1986,.T.);
#2546=ORIENTED_EDGE('',*,*,#1984,.T.);
#2547=ORIENTED_EDGE('',*,*,#1986,.F.);
#2548=ORIENTED_EDGE('',*,*,#1985,.T.);
#2549=ORIENTED_EDGE('',*,*,#1987,.F.);
#2550=ORIENTED_EDGE('',*,*,#1988,.F.);
#2551=ORIENTED_EDGE('',*,*,#1989,.T.);
#2552=ORIENTED_EDGE('',*,*,#1990,.T.);
#2553=ORIENTED_EDGE('',*,*,#1991,.T.);
#2554=ORIENTED_EDGE('',*,*,#1988,.T.);
#2555=ORIENTED_EDGE('',*,*,#1987,.T.);
#2556=ORIENTED_EDGE('',*,*,#1991,.F.);
#2557=ORIENTED_EDGE('',*,*,#1992,.T.);
#2558=ORIENTED_EDGE('',*,*,#1989,.F.);
#2559=ORIENTED_EDGE('',*,*,#1992,.F.);
#2560=ORIENTED_EDGE('',*,*,#1990,.F.);
#2561=ORIENTED_EDGE('',*,*,#1993,.T.);
#2562=ORIENTED_EDGE('',*,*,#1994,.T.);
#2563=ORIENTED_EDGE('',*,*,#1995,.T.);
#2564=ORIENTED_EDGE('',*,*,#1993,.F.);
#2565=ORIENTED_EDGE('',*,*,#1995,.F.);
#2566=ORIENTED_EDGE('',*,*,#1994,.F.);
#2567=ORIENTED_EDGE('',*,*,#1996,.T.);
#2568=ORIENTED_EDGE('',*,*,#1997,.T.);
#2569=ORIENTED_EDGE('',*,*,#1996,.F.);
#2570=ORIENTED_EDGE('',*,*,#1997,.F.);
#2571=ORIENTED_EDGE('',*,*,#1998,.T.);
#2572=ORIENTED_EDGE('',*,*,#1999,.T.);
#2573=ORIENTED_EDGE('',*,*,#2000,.T.);
#2574=ORIENTED_EDGE('',*,*,#1998,.F.);
#2575=ORIENTED_EDGE('',*,*,#2001,.T.);
#2576=ORIENTED_EDGE('',*,*,#1999,.F.);
#2577=ORIENTED_EDGE('',*,*,#2000,.F.);
#2578=ORIENTED_EDGE('',*,*,#2001,.F.);
#2579=ORIENTED_EDGE('',*,*,#1978,.F.);
#2580=ORIENTED_EDGE('',*,*,#1977,.F.);
#2581=ORIENTED_EDGE('',*,*,#2002,.F.);
#2582=ORIENTED_EDGE('',*,*,#2003,.F.);
#2583=ORIENTED_EDGE('',*,*,#2002,.T.);
#2584=ORIENTED_EDGE('',*,*,#2004,.T.);
#2585=ORIENTED_EDGE('',*,*,#2005,.T.);
#2586=ORIENTED_EDGE('',*,*,#2006,.F.);
#2587=ORIENTED_EDGE('',*,*,#2007,.F.);
#2588=ORIENTED_EDGE('',*,*,#2008,.T.);
#2589=ORIENTED_EDGE('',*,*,#2009,.T.);
#2590=ORIENTED_EDGE('',*,*,#2004,.F.);
#2591=ORIENTED_EDGE('',*,*,#2003,.T.);
#2592=ORIENTED_EDGE('',*,*,#2007,.T.);
#2593=ORIENTED_EDGE('',*,*,#2010,.F.);
#2594=ORIENTED_EDGE('',*,*,#2011,.F.);
#2595=ORIENTED_EDGE('',*,*,#2012,.F.);
#2596=ORIENTED_EDGE('',*,*,#2010,.T.);
#2597=ORIENTED_EDGE('',*,*,#2006,.T.);
#2598=ORIENTED_EDGE('',*,*,#2013,.F.);
#2599=ORIENTED_EDGE('',*,*,#2008,.F.);
#2600=ORIENTED_EDGE('',*,*,#2012,.T.);
#2601=ORIENTED_EDGE('',*,*,#2014,.T.);
#2602=ORIENTED_EDGE('',*,*,#2011,.T.);
#2603=ORIENTED_EDGE('',*,*,#2014,.F.);
#2604=ORIENTED_EDGE('',*,*,#2009,.F.);
#2605=ORIENTED_EDGE('',*,*,#2013,.T.);
#2606=ORIENTED_EDGE('',*,*,#2005,.F.);
#2607=ORIENTED_EDGE('',*,*,#2015,.F.);
#2608=ORIENTED_EDGE('',*,*,#2016,.F.);
#2609=ORIENTED_EDGE('',*,*,#2017,.F.);
#2610=ORIENTED_EDGE('',*,*,#2018,.F.);
#2611=ORIENTED_EDGE('',*,*,#2019,.F.);
#2612=ORIENTED_EDGE('',*,*,#2020,.F.);
#2613=ORIENTED_EDGE('',*,*,#2021,.T.);
#2614=ORIENTED_EDGE('',*,*,#2016,.T.);
#2615=ORIENTED_EDGE('',*,*,#2015,.T.);
#2616=ORIENTED_EDGE('',*,*,#2021,.F.);
#2617=ORIENTED_EDGE('',*,*,#2019,.T.);
#2618=ORIENTED_EDGE('',*,*,#2020,.T.);
#2619=ORIENTED_EDGE('',*,*,#2022,.T.);
#2620=ORIENTED_EDGE('',*,*,#2023,.T.);
#2621=ORIENTED_EDGE('',*,*,#2017,.T.);
#2622=ORIENTED_EDGE('',*,*,#2024,.T.);
#2623=ORIENTED_EDGE('',*,*,#2022,.F.);
#2624=ORIENTED_EDGE('',*,*,#2023,.F.);
#2625=ORIENTED_EDGE('',*,*,#2024,.F.);
#2626=ORIENTED_EDGE('',*,*,#2018,.T.);
#2627=ORIENTED_EDGE('',*,*,#2025,.F.);
#2628=ORIENTED_EDGE('',*,*,#2026,.F.);
#2629=ORIENTED_EDGE('',*,*,#2027,.F.);
#2630=ORIENTED_EDGE('',*,*,#2028,.F.);
#2631=ORIENTED_EDGE('',*,*,#2029,.F.);
#2632=ORIENTED_EDGE('',*,*,#2030,.F.);
#2633=ORIENTED_EDGE('',*,*,#2031,.T.);
#2634=ORIENTED_EDGE('',*,*,#2026,.T.);
#2635=ORIENTED_EDGE('',*,*,#2025,.T.);
#2636=ORIENTED_EDGE('',*,*,#2031,.F.);
#2637=ORIENTED_EDGE('',*,*,#2029,.T.);
#2638=ORIENTED_EDGE('',*,*,#2030,.T.);
#2639=ORIENTED_EDGE('',*,*,#2032,.T.);
#2640=ORIENTED_EDGE('',*,*,#2033,.T.);
#2641=ORIENTED_EDGE('',*,*,#2027,.T.);
#2642=ORIENTED_EDGE('',*,*,#2034,.T.);
#2643=ORIENTED_EDGE('',*,*,#2032,.F.);
#2644=ORIENTED_EDGE('',*,*,#2033,.F.);
#2645=ORIENTED_EDGE('',*,*,#2034,.F.);
#2646=ORIENTED_EDGE('',*,*,#2028,.T.);
#2647=ORIENTED_EDGE('',*,*,#2035,.F.);
#2648=ORIENTED_EDGE('',*,*,#2036,.F.);
#2649=ORIENTED_EDGE('',*,*,#2037,.F.);
#2650=ORIENTED_EDGE('',*,*,#2038,.F.);
#2651=ORIENTED_EDGE('',*,*,#2039,.F.);
#2652=ORIENTED_EDGE('',*,*,#2040,.T.);
#2653=ORIENTED_EDGE('',*,*,#2036,.T.);
#2654=ORIENTED_EDGE('',*,*,#2035,.T.);
#2655=ORIENTED_EDGE('',*,*,#2040,.F.);
#2656=ORIENTED_EDGE('',*,*,#2038,.T.);
#2657=ORIENTED_EDGE('',*,*,#2039,.T.);
#2658=ORIENTED_EDGE('',*,*,#2041,.F.);
#2659=ORIENTED_EDGE('',*,*,#2042,.F.);
#2660=ORIENTED_EDGE('',*,*,#2043,.F.);
#2661=ORIENTED_EDGE('',*,*,#2044,.F.);
#2662=ORIENTED_EDGE('',*,*,#2045,.T.);
#2663=ORIENTED_EDGE('',*,*,#2042,.T.);
#2664=ORIENTED_EDGE('',*,*,#2041,.T.);
#2665=ORIENTED_EDGE('',*,*,#2045,.F.);
#2666=ORIENTED_EDGE('',*,*,#2043,.T.);
#2667=ORIENTED_EDGE('',*,*,#2044,.T.);
#2668=ORIENTED_EDGE('',*,*,#2046,.F.);
#2669=ORIENTED_EDGE('',*,*,#2037,.T.);
#2670=ORIENTED_EDGE('',*,*,#2047,.T.);
#2671=ORIENTED_EDGE('',*,*,#2046,.T.);
#2672=ORIENTED_EDGE('',*,*,#2047,.F.);
#2673=ORIENTED_EDGE('',*,*,#2048,.F.);
#2674=ORIENTED_EDGE('',*,*,#2049,.F.);
#2675=ORIENTED_EDGE('',*,*,#2050,.F.);
#2676=ORIENTED_EDGE('',*,*,#2051,.F.);
#2677=ORIENTED_EDGE('',*,*,#2052,.F.);
#2678=ORIENTED_EDGE('',*,*,#2053,.F.);
#2679=ORIENTED_EDGE('',*,*,#2054,.T.);
#2680=ORIENTED_EDGE('',*,*,#2049,.T.);
#2681=ORIENTED_EDGE('',*,*,#2048,.T.);
#2682=ORIENTED_EDGE('',*,*,#2054,.F.);
#2683=ORIENTED_EDGE('',*,*,#2052,.T.);
#2684=ORIENTED_EDGE('',*,*,#2053,.T.);
#2685=ORIENTED_EDGE('',*,*,#2055,.T.);
#2686=ORIENTED_EDGE('',*,*,#2056,.T.);
#2687=ORIENTED_EDGE('',*,*,#2050,.T.);
#2688=ORIENTED_EDGE('',*,*,#2057,.T.);
#2689=ORIENTED_EDGE('',*,*,#2055,.F.);
#2690=ORIENTED_EDGE('',*,*,#2056,.F.);
#2691=ORIENTED_EDGE('',*,*,#2057,.F.);
#2692=ORIENTED_EDGE('',*,*,#2051,.T.);
#2693=ORIENTED_EDGE('',*,*,#2058,.F.);
#2694=ORIENTED_EDGE('',*,*,#2059,.F.);
#2695=ORIENTED_EDGE('',*,*,#2060,.F.);
#2696=ORIENTED_EDGE('',*,*,#2061,.F.);
#2697=ORIENTED_EDGE('',*,*,#2060,.T.);
#2698=ORIENTED_EDGE('',*,*,#2062,.T.);
#2699=ORIENTED_EDGE('',*,*,#2063,.F.);
#2700=ORIENTED_EDGE('',*,*,#2064,.F.);
#2701=ORIENTED_EDGE('',*,*,#2062,.F.);
#2702=ORIENTED_EDGE('',*,*,#2061,.T.);
#2703=ORIENTED_EDGE('',*,*,#2065,.T.);
#2704=ORIENTED_EDGE('',*,*,#2066,.T.);
#2705=ORIENTED_EDGE('',*,*,#2063,.T.);
#2706=ORIENTED_EDGE('',*,*,#2064,.T.);
#2707=ORIENTED_EDGE('',*,*,#2065,.F.);
#2708=ORIENTED_EDGE('',*,*,#2066,.F.);
#2709=ORIENTED_EDGE('',*,*,#2067,.T.);
#2710=ORIENTED_EDGE('',*,*,#2059,.T.);
#2711=ORIENTED_EDGE('',*,*,#2058,.T.);
#2712=ORIENTED_EDGE('',*,*,#2067,.F.);
#2713=ORIENTED_EDGE('',*,*,#2068,.T.);
#2714=ORIENTED_EDGE('',*,*,#2069,.F.);
#2715=ORIENTED_EDGE('',*,*,#2070,.F.);
#2716=ORIENTED_EDGE('',*,*,#2068,.F.);
#2717=ORIENTED_EDGE('',*,*,#2071,.T.);
#2718=ORIENTED_EDGE('',*,*,#2072,.F.);
#2719=ORIENTED_EDGE('',*,*,#2071,.F.);
#2720=ORIENTED_EDGE('',*,*,#2073,.T.);
#2721=ORIENTED_EDGE('',*,*,#2074,.T.);
#2722=ORIENTED_EDGE('',*,*,#2072,.T.);
#2723=ORIENTED_EDGE('',*,*,#2073,.F.);
#2724=ORIENTED_EDGE('',*,*,#2074,.F.);
#2725=ORIENTED_EDGE('',*,*,#2075,.T.);
#2726=ORIENTED_EDGE('',*,*,#2076,.T.);
#2727=ORIENTED_EDGE('',*,*,#2077,.T.);
#2728=ORIENTED_EDGE('',*,*,#2075,.F.);
#2729=ORIENTED_EDGE('',*,*,#2078,.F.);
#2730=ORIENTED_EDGE('',*,*,#2079,.T.);
#2731=ORIENTED_EDGE('',*,*,#2080,.F.);
#2732=ORIENTED_EDGE('',*,*,#2081,.T.);
#2733=ORIENTED_EDGE('',*,*,#2082,.T.);
#2734=ORIENTED_EDGE('',*,*,#2083,.T.);
#2735=ORIENTED_EDGE('',*,*,#2084,.F.);
#2736=ORIENTED_EDGE('',*,*,#2085,.T.);
#2737=ORIENTED_EDGE('',*,*,#2086,.F.);
#2738=ORIENTED_EDGE('',*,*,#2087,.T.);
#2739=ORIENTED_EDGE('',*,*,#2088,.T.);
#2740=ORIENTED_EDGE('',*,*,#2089,.T.);
#2741=ORIENTED_EDGE('',*,*,#2090,.F.);
#2742=ORIENTED_EDGE('',*,*,#2091,.T.);
#2743=ORIENTED_EDGE('',*,*,#2092,.F.);
#2744=ORIENTED_EDGE('',*,*,#2093,.T.);
#2745=ORIENTED_EDGE('',*,*,#2094,.T.);
#2746=ORIENTED_EDGE('',*,*,#2095,.T.);
#2747=ORIENTED_EDGE('',*,*,#2096,.F.);
#2748=ORIENTED_EDGE('',*,*,#2097,.T.);
#2749=ORIENTED_EDGE('',*,*,#2098,.F.);
#2750=ORIENTED_EDGE('',*,*,#2099,.T.);
#2751=ORIENTED_EDGE('',*,*,#2100,.T.);
#2752=ORIENTED_EDGE('',*,*,#2101,.T.);
#2753=ORIENTED_EDGE('',*,*,#2077,.F.);
#2754=ORIENTED_EDGE('',*,*,#2076,.F.);
#2755=ORIENTED_EDGE('',*,*,#2102,.T.);
#2756=ORIENTED_EDGE('',*,*,#2103,.T.);
#2757=ORIENTED_EDGE('',*,*,#2104,.T.);
#2758=ORIENTED_EDGE('',*,*,#2105,.T.);
#2759=ORIENTED_EDGE('',*,*,#2106,.T.);
#2760=ORIENTED_EDGE('',*,*,#2107,.T.);
#2761=ORIENTED_EDGE('',*,*,#2108,.T.);
#2762=ORIENTED_EDGE('',*,*,#2109,.T.);
#2763=ORIENTED_EDGE('',*,*,#2110,.T.);
#2764=ORIENTED_EDGE('',*,*,#2111,.F.);
#2765=ORIENTED_EDGE('',*,*,#2112,.F.);
#2766=ORIENTED_EDGE('',*,*,#2078,.T.);
#2767=ORIENTED_EDGE('',*,*,#2113,.F.);
#2768=ORIENTED_EDGE('',*,*,#2110,.F.);
#2769=ORIENTED_EDGE('',*,*,#2101,.F.);
#2770=ORIENTED_EDGE('',*,*,#2114,.T.);
#2771=ORIENTED_EDGE('',*,*,#2115,.T.);
#2772=ORIENTED_EDGE('',*,*,#2116,.T.);
#2773=ORIENTED_EDGE('',*,*,#2117,.T.);
#2774=ORIENTED_EDGE('',*,*,#2118,.F.);
#2775=ORIENTED_EDGE('',*,*,#2119,.T.);
#2776=ORIENTED_EDGE('',*,*,#2120,.F.);
#2777=ORIENTED_EDGE('',*,*,#2121,.T.);
#2778=ORIENTED_EDGE('',*,*,#2122,.T.);
#2779=ORIENTED_EDGE('',*,*,#2123,.F.);
#2780=ORIENTED_EDGE('',*,*,#2113,.T.);
#2781=ORIENTED_EDGE('',*,*,#2124,.T.);
#2782=ORIENTED_EDGE('',*,*,#2125,.T.);
#2783=ORIENTED_EDGE('',*,*,#2126,.F.);
#2784=ORIENTED_EDGE('',*,*,#2127,.T.);
#2785=ORIENTED_EDGE('',*,*,#2128,.F.);
#2786=ORIENTED_EDGE('',*,*,#2129,.T.);
#2787=ORIENTED_EDGE('',*,*,#2111,.T.);
#2788=ORIENTED_EDGE('',*,*,#2130,.F.);
#2789=ORIENTED_EDGE('',*,*,#2131,.T.);
#2790=ORIENTED_EDGE('',*,*,#2132,.T.);
#2791=ORIENTED_EDGE('',*,*,#2133,.T.);
#2792=ORIENTED_EDGE('',*,*,#2134,.F.);
#2793=ORIENTED_EDGE('',*,*,#2135,.T.);
#2794=ORIENTED_EDGE('',*,*,#2136,.F.);
#2795=ORIENTED_EDGE('',*,*,#2137,.T.);
#2796=ORIENTED_EDGE('',*,*,#2138,.T.);
#2797=ORIENTED_EDGE('',*,*,#2139,.F.);
#2798=ORIENTED_EDGE('',*,*,#2140,.T.);
#2799=ORIENTED_EDGE('',*,*,#2141,.T.);
#2800=ORIENTED_EDGE('',*,*,#2142,.T.);
#2801=ORIENTED_EDGE('',*,*,#2143,.F.);
#2802=ORIENTED_EDGE('',*,*,#2144,.T.);
#2803=ORIENTED_EDGE('',*,*,#2145,.F.);
#2804=ORIENTED_EDGE('',*,*,#2146,.T.);
#2805=ORIENTED_EDGE('',*,*,#2147,.T.);
#2806=ORIENTED_EDGE('',*,*,#2148,.F.);
#2807=ORIENTED_EDGE('',*,*,#2115,.F.);
#2808=ORIENTED_EDGE('',*,*,#2149,.F.);
#2809=ORIENTED_EDGE('',*,*,#2083,.F.);
#2810=ORIENTED_EDGE('',*,*,#2150,.T.);
#2811=ORIENTED_EDGE('',*,*,#2150,.F.);
#2812=ORIENTED_EDGE('',*,*,#2082,.F.);
#2813=ORIENTED_EDGE('',*,*,#2151,.F.);
#2814=ORIENTED_EDGE('',*,*,#2116,.F.);
#2815=ORIENTED_EDGE('',*,*,#2081,.F.);
#2816=ORIENTED_EDGE('',*,*,#2152,.F.);
#2817=ORIENTED_EDGE('',*,*,#2117,.F.);
#2818=ORIENTED_EDGE('',*,*,#2151,.T.);
#2819=ORIENTED_EDGE('',*,*,#2153,.F.);
#2820=ORIENTED_EDGE('',*,*,#2154,.F.);
#2821=ORIENTED_EDGE('',*,*,#2155,.F.);
#2822=ORIENTED_EDGE('',*,*,#2156,.T.);
#2823=ORIENTED_EDGE('',*,*,#2118,.T.);
#2824=ORIENTED_EDGE('',*,*,#2152,.T.);
#2825=ORIENTED_EDGE('',*,*,#2080,.T.);
#2826=ORIENTED_EDGE('',*,*,#2157,.T.);
#2827=ORIENTED_EDGE('',*,*,#2128,.T.);
#2828=ORIENTED_EDGE('',*,*,#2158,.F.);
#2829=ORIENTED_EDGE('',*,*,#2159,.F.);
#2830=ORIENTED_EDGE('',*,*,#2160,.T.);
#2831=ORIENTED_EDGE('',*,*,#2153,.T.);
#2832=ORIENTED_EDGE('',*,*,#2161,.T.);
#2833=ORIENTED_EDGE('',*,*,#2162,.T.);
#2834=ORIENTED_EDGE('',*,*,#2163,.T.);
#2835=ORIENTED_EDGE('',*,*,#2164,.F.);
#2836=ORIENTED_EDGE('',*,*,#2165,.F.);
#2837=ORIENTED_EDGE('',*,*,#2154,.T.);
#2838=ORIENTED_EDGE('',*,*,#2163,.F.);
#2839=ORIENTED_EDGE('',*,*,#2166,.F.);
#2840=ORIENTED_EDGE('',*,*,#2167,.F.);
#2841=ORIENTED_EDGE('',*,*,#2167,.T.);
#2842=ORIENTED_EDGE('',*,*,#2168,.F.);
#2843=ORIENTED_EDGE('',*,*,#2169,.F.);
#2844=ORIENTED_EDGE('',*,*,#2159,.T.);
#2845=ORIENTED_EDGE('',*,*,#2170,.T.);
#2846=ORIENTED_EDGE('',*,*,#2171,.T.);
#2847=ORIENTED_EDGE('',*,*,#2172,.T.);
#2848=ORIENTED_EDGE('',*,*,#2173,.F.);
#2849=ORIENTED_EDGE('',*,*,#2174,.F.);
#2850=ORIENTED_EDGE('',*,*,#2175,.T.);
#2851=ORIENTED_EDGE('',*,*,#2176,.T.);
#2852=ORIENTED_EDGE('',*,*,#2177,.T.);
#2853=ORIENTED_EDGE('',*,*,#2178,.T.);
#2854=ORIENTED_EDGE('',*,*,#2179,.F.);
#2855=ORIENTED_EDGE('',*,*,#2180,.F.);
#2856=ORIENTED_EDGE('',*,*,#2181,.T.);
#2857=ORIENTED_EDGE('',*,*,#2182,.T.);
#2858=ORIENTED_EDGE('',*,*,#2183,.T.);
#2859=ORIENTED_EDGE('',*,*,#2184,.T.);
#2860=ORIENTED_EDGE('',*,*,#2185,.F.);
#2861=ORIENTED_EDGE('',*,*,#2186,.F.);
#2862=ORIENTED_EDGE('',*,*,#2187,.T.);
#2863=ORIENTED_EDGE('',*,*,#2188,.T.);
#2864=ORIENTED_EDGE('',*,*,#2155,.T.);
#2865=ORIENTED_EDGE('',*,*,#2189,.T.);
#2866=ORIENTED_EDGE('',*,*,#2190,.T.);
#2867=ORIENTED_EDGE('',*,*,#2191,.T.);
#2868=ORIENTED_EDGE('',*,*,#2192,.T.);
#2869=ORIENTED_EDGE('',*,*,#2193,.T.);
#2870=ORIENTED_EDGE('',*,*,#2194,.T.);
#2871=ORIENTED_EDGE('',*,*,#2195,.F.);
#2872=ORIENTED_EDGE('',*,*,#2196,.F.);
#2873=ORIENTED_EDGE('',*,*,#2197,.T.);
#2874=ORIENTED_EDGE('',*,*,#2193,.F.);
#2875=ORIENTED_EDGE('',*,*,#2194,.F.);
#2876=ORIENTED_EDGE('',*,*,#2197,.F.);
#2877=ORIENTED_EDGE('',*,*,#2195,.T.);
#2878=ORIENTED_EDGE('',*,*,#2196,.T.);
#2879=ORIENTED_EDGE('',*,*,#2198,.T.);
#2880=ORIENTED_EDGE('',*,*,#2198,.F.);
#2881=ORIENTED_EDGE('',*,*,#2199,.T.);
#2882=ORIENTED_EDGE('',*,*,#2200,.T.);
#2883=ORIENTED_EDGE('',*,*,#2199,.F.);
#2884=ORIENTED_EDGE('',*,*,#2201,.T.);
#2885=ORIENTED_EDGE('',*,*,#2202,.T.);
#2886=ORIENTED_EDGE('',*,*,#2200,.F.);
#2887=ORIENTED_EDGE('',*,*,#2201,.F.);
#2888=ORIENTED_EDGE('',*,*,#2202,.F.);
#2889=ORIENTED_EDGE('',*,*,#2203,.T.);
#2890=ORIENTED_EDGE('',*,*,#2204,.T.);
#2891=ORIENTED_EDGE('',*,*,#2205,.T.);
#2892=ORIENTED_EDGE('',*,*,#2203,.F.);
#2893=ORIENTED_EDGE('',*,*,#2206,.T.);
#2894=ORIENTED_EDGE('',*,*,#2207,.T.);
#2895=ORIENTED_EDGE('',*,*,#2205,.F.);
#2896=ORIENTED_EDGE('',*,*,#2204,.F.);
#2897=ORIENTED_EDGE('',*,*,#2206,.F.);
#2898=ORIENTED_EDGE('',*,*,#2207,.F.);
#2899=ORIENTED_EDGE('',*,*,#2208,.T.);
#2900=ORIENTED_EDGE('',*,*,#2070,.T.);
#2901=ORIENTED_EDGE('',*,*,#2069,.T.);
#2902=ORIENTED_EDGE('',*,*,#2208,.F.);
#2903=ORIENTED_EDGE('',*,*,#2189,.F.);
#2904=ORIENTED_EDGE('',*,*,#2209,.T.);
#2905=ORIENTED_EDGE('',*,*,#2123,.T.);
#2906=ORIENTED_EDGE('',*,*,#2209,.F.);
#2907=ORIENTED_EDGE('',*,*,#2190,.F.);
#2908=ORIENTED_EDGE('',*,*,#2210,.T.);
#2909=ORIENTED_EDGE('',*,*,#2148,.T.);
#2910=ORIENTED_EDGE('',*,*,#2210,.F.);
#2911=ORIENTED_EDGE('',*,*,#2191,.F.);
#2912=ORIENTED_EDGE('',*,*,#2211,.T.);
#2913=ORIENTED_EDGE('',*,*,#2139,.T.);
#2914=ORIENTED_EDGE('',*,*,#2211,.F.);
#2915=ORIENTED_EDGE('',*,*,#2192,.F.);
#2916=ORIENTED_EDGE('',*,*,#2212,.T.);
#2917=ORIENTED_EDGE('',*,*,#2130,.T.);
#2918=ORIENTED_EDGE('',*,*,#2212,.F.);
#2919=ORIENTED_EDGE('',*,*,#2119,.F.);
#2920=ORIENTED_EDGE('',*,*,#2156,.F.);
#2921=ORIENTED_EDGE('',*,*,#2188,.F.);
#2922=ORIENTED_EDGE('',*,*,#2213,.T.);
#2923=ORIENTED_EDGE('',*,*,#2214,.F.);
#2924=ORIENTED_EDGE('',*,*,#2215,.F.);
#2925=ORIENTED_EDGE('',*,*,#2183,.F.);
#2926=ORIENTED_EDGE('',*,*,#2216,.T.);
#2927=ORIENTED_EDGE('',*,*,#2143,.T.);
#2928=ORIENTED_EDGE('',*,*,#2217,.T.);
#2929=ORIENTED_EDGE('',*,*,#2086,.T.);
#2930=ORIENTED_EDGE('',*,*,#2218,.T.);
#2931=ORIENTED_EDGE('',*,*,#2120,.T.);
#2932=ORIENTED_EDGE('',*,*,#2213,.F.);
#2933=ORIENTED_EDGE('',*,*,#2187,.F.);
#2934=ORIENTED_EDGE('',*,*,#2219,.T.);
#2935=ORIENTED_EDGE('',*,*,#2214,.T.);
#2936=ORIENTED_EDGE('',*,*,#2220,.T.);
#2937=ORIENTED_EDGE('',*,*,#2221,.T.);
#2938=ORIENTED_EDGE('',*,*,#2222,.T.);
#2939=ORIENTED_EDGE('',*,*,#2223,.F.);
#2940=ORIENTED_EDGE('',*,*,#2224,.F.);
#2941=ORIENTED_EDGE('',*,*,#2215,.T.);
#2942=ORIENTED_EDGE('',*,*,#2222,.F.);
#2943=ORIENTED_EDGE('',*,*,#2225,.F.);
#2944=ORIENTED_EDGE('',*,*,#2184,.F.);
#2945=ORIENTED_EDGE('',*,*,#2185,.T.);
#2946=ORIENTED_EDGE('',*,*,#2225,.T.);
#2947=ORIENTED_EDGE('',*,*,#2221,.F.);
#2948=ORIENTED_EDGE('',*,*,#2226,.F.);
#2949=ORIENTED_EDGE('',*,*,#2219,.F.);
#2950=ORIENTED_EDGE('',*,*,#2186,.T.);
#2951=ORIENTED_EDGE('',*,*,#2226,.T.);
#2952=ORIENTED_EDGE('',*,*,#2220,.F.);
#2953=ORIENTED_EDGE('',*,*,#2108,.F.);
#2954=ORIENTED_EDGE('',*,*,#2109,.F.);
#2955=ORIENTED_EDGE('',*,*,#2227,.T.);
#2956=ORIENTED_EDGE('',*,*,#2224,.T.);
#2957=ORIENTED_EDGE('',*,*,#2223,.T.);
#2958=ORIENTED_EDGE('',*,*,#2227,.F.);
#2959=ORIENTED_EDGE('',*,*,#2228,.T.);
#2960=ORIENTED_EDGE('',*,*,#2121,.F.);
#2961=ORIENTED_EDGE('',*,*,#2218,.F.);
#2962=ORIENTED_EDGE('',*,*,#2085,.F.);
#2963=ORIENTED_EDGE('',*,*,#2149,.T.);
#2964=ORIENTED_EDGE('',*,*,#2122,.F.);
#2965=ORIENTED_EDGE('',*,*,#2228,.F.);
#2966=ORIENTED_EDGE('',*,*,#2084,.T.);
#2967=ORIENTED_EDGE('',*,*,#2087,.F.);
#2968=ORIENTED_EDGE('',*,*,#2217,.F.);
#2969=ORIENTED_EDGE('',*,*,#2142,.F.);
#2970=ORIENTED_EDGE('',*,*,#2229,.T.);
#2971=ORIENTED_EDGE('',*,*,#2230,.F.);
#2972=ORIENTED_EDGE('',*,*,#2088,.F.);
#2973=ORIENTED_EDGE('',*,*,#2229,.F.);
#2974=ORIENTED_EDGE('',*,*,#2141,.F.);
#2975=ORIENTED_EDGE('',*,*,#2140,.F.);
#2976=ORIENTED_EDGE('',*,*,#2231,.F.);
#2977=ORIENTED_EDGE('',*,*,#2089,.F.);
#2978=ORIENTED_EDGE('',*,*,#2230,.T.);
#2979=ORIENTED_EDGE('',*,*,#2231,.T.);
#2980=ORIENTED_EDGE('',*,*,#2147,.F.);
#2981=ORIENTED_EDGE('',*,*,#2232,.F.);
#2982=ORIENTED_EDGE('',*,*,#2090,.T.);
#2983=ORIENTED_EDGE('',*,*,#2232,.T.);
#2984=ORIENTED_EDGE('',*,*,#2146,.F.);
#2985=ORIENTED_EDGE('',*,*,#2233,.F.);
#2986=ORIENTED_EDGE('',*,*,#2091,.F.);
#2987=ORIENTED_EDGE('',*,*,#2234,.F.);
#2988=ORIENTED_EDGE('',*,*,#2235,.F.);
#2989=ORIENTED_EDGE('',*,*,#2177,.F.);
#2990=ORIENTED_EDGE('',*,*,#2236,.T.);
#2991=ORIENTED_EDGE('',*,*,#2134,.T.);
#2992=ORIENTED_EDGE('',*,*,#2237,.T.);
#2993=ORIENTED_EDGE('',*,*,#2092,.T.);
#2994=ORIENTED_EDGE('',*,*,#2233,.T.);
#2995=ORIENTED_EDGE('',*,*,#2145,.T.);
#2996=ORIENTED_EDGE('',*,*,#2238,.F.);
#2997=ORIENTED_EDGE('',*,*,#2181,.F.);
#2998=ORIENTED_EDGE('',*,*,#2239,.T.);
#2999=ORIENTED_EDGE('',*,*,#2234,.T.);
#3000=ORIENTED_EDGE('',*,*,#2240,.T.);
#3001=ORIENTED_EDGE('',*,*,#2241,.T.);
#3002=ORIENTED_EDGE('',*,*,#2242,.T.);
#3003=ORIENTED_EDGE('',*,*,#2243,.F.);
#3004=ORIENTED_EDGE('',*,*,#2244,.F.);
#3005=ORIENTED_EDGE('',*,*,#2235,.T.);
#3006=ORIENTED_EDGE('',*,*,#2242,.F.);
#3007=ORIENTED_EDGE('',*,*,#2245,.F.);
#3008=ORIENTED_EDGE('',*,*,#2178,.F.);
#3009=ORIENTED_EDGE('',*,*,#2179,.T.);
#3010=ORIENTED_EDGE('',*,*,#2245,.T.);
#3011=ORIENTED_EDGE('',*,*,#2241,.F.);
#3012=ORIENTED_EDGE('',*,*,#2246,.F.);
#3013=ORIENTED_EDGE('',*,*,#2239,.F.);
#3014=ORIENTED_EDGE('',*,*,#2180,.T.);
#3015=ORIENTED_EDGE('',*,*,#2246,.T.);
#3016=ORIENTED_EDGE('',*,*,#2240,.F.);
#3017=ORIENTED_EDGE('',*,*,#2102,.F.);
#3018=ORIENTED_EDGE('',*,*,#2103,.F.);
#3019=ORIENTED_EDGE('',*,*,#2247,.T.);
#3020=ORIENTED_EDGE('',*,*,#2244,.T.);
#3021=ORIENTED_EDGE('',*,*,#2243,.T.);
#3022=ORIENTED_EDGE('',*,*,#2247,.F.);
#3023=ORIENTED_EDGE('',*,*,#2144,.F.);
#3024=ORIENTED_EDGE('',*,*,#2216,.F.);
#3025=ORIENTED_EDGE('',*,*,#2182,.F.);
#3026=ORIENTED_EDGE('',*,*,#2238,.T.);
#3027=ORIENTED_EDGE('',*,*,#2093,.F.);
#3028=ORIENTED_EDGE('',*,*,#2237,.F.);
#3029=ORIENTED_EDGE('',*,*,#2133,.F.);
#3030=ORIENTED_EDGE('',*,*,#2248,.T.);
#3031=ORIENTED_EDGE('',*,*,#2249,.F.);
#3032=ORIENTED_EDGE('',*,*,#2094,.F.);
#3033=ORIENTED_EDGE('',*,*,#2248,.F.);
#3034=ORIENTED_EDGE('',*,*,#2132,.F.);
#3035=ORIENTED_EDGE('',*,*,#2131,.F.);
#3036=ORIENTED_EDGE('',*,*,#2250,.F.);
#3037=ORIENTED_EDGE('',*,*,#2095,.F.);
#3038=ORIENTED_EDGE('',*,*,#2249,.T.);
#3039=ORIENTED_EDGE('',*,*,#2250,.T.);
#3040=ORIENTED_EDGE('',*,*,#2138,.F.);
#3041=ORIENTED_EDGE('',*,*,#2251,.F.);
#3042=ORIENTED_EDGE('',*,*,#2096,.T.);
#3043=ORIENTED_EDGE('',*,*,#2251,.T.);
#3044=ORIENTED_EDGE('',*,*,#2137,.F.);
#3045=ORIENTED_EDGE('',*,*,#2252,.F.);
#3046=ORIENTED_EDGE('',*,*,#2097,.F.);
#3047=ORIENTED_EDGE('',*,*,#2253,.F.);
#3048=ORIENTED_EDGE('',*,*,#2254,.F.);
#3049=ORIENTED_EDGE('',*,*,#2171,.F.);
#3050=ORIENTED_EDGE('',*,*,#2255,.T.);
#3051=ORIENTED_EDGE('',*,*,#2126,.T.);
#3052=ORIENTED_EDGE('',*,*,#2256,.T.);
#3053=ORIENTED_EDGE('',*,*,#2098,.T.);
#3054=ORIENTED_EDGE('',*,*,#2252,.T.);
#3055=ORIENTED_EDGE('',*,*,#2136,.T.);
#3056=ORIENTED_EDGE('',*,*,#2257,.F.);
#3057=ORIENTED_EDGE('',*,*,#2175,.F.);
#3058=ORIENTED_EDGE('',*,*,#2258,.T.);
#3059=ORIENTED_EDGE('',*,*,#2253,.T.);
#3060=ORIENTED_EDGE('',*,*,#2259,.T.);
#3061=ORIENTED_EDGE('',*,*,#2260,.T.);
#3062=ORIENTED_EDGE('',*,*,#2261,.T.);
#3063=ORIENTED_EDGE('',*,*,#2262,.F.);
#3064=ORIENTED_EDGE('',*,*,#2263,.F.);
#3065=ORIENTED_EDGE('',*,*,#2254,.T.);
#3066=ORIENTED_EDGE('',*,*,#2261,.F.);
#3067=ORIENTED_EDGE('',*,*,#2264,.F.);
#3068=ORIENTED_EDGE('',*,*,#2172,.F.);
#3069=ORIENTED_EDGE('',*,*,#2173,.T.);
#3070=ORIENTED_EDGE('',*,*,#2264,.T.);
#3071=ORIENTED_EDGE('',*,*,#2260,.F.);
#3072=ORIENTED_EDGE('',*,*,#2265,.F.);
#3073=ORIENTED_EDGE('',*,*,#2258,.F.);
#3074=ORIENTED_EDGE('',*,*,#2174,.T.);
#3075=ORIENTED_EDGE('',*,*,#2265,.T.);
#3076=ORIENTED_EDGE('',*,*,#2259,.F.);
#3077=ORIENTED_EDGE('',*,*,#2104,.F.);
#3078=ORIENTED_EDGE('',*,*,#2105,.F.);
#3079=ORIENTED_EDGE('',*,*,#2266,.T.);
#3080=ORIENTED_EDGE('',*,*,#2263,.T.);
#3081=ORIENTED_EDGE('',*,*,#2262,.T.);
#3082=ORIENTED_EDGE('',*,*,#2266,.F.);
#3083=ORIENTED_EDGE('',*,*,#2135,.F.);
#3084=ORIENTED_EDGE('',*,*,#2236,.F.);
#3085=ORIENTED_EDGE('',*,*,#2176,.F.);
#3086=ORIENTED_EDGE('',*,*,#2257,.T.);
#3087=ORIENTED_EDGE('',*,*,#2099,.F.);
#3088=ORIENTED_EDGE('',*,*,#2256,.F.);
#3089=ORIENTED_EDGE('',*,*,#2125,.F.);
#3090=ORIENTED_EDGE('',*,*,#2267,.T.);
#3091=ORIENTED_EDGE('',*,*,#2114,.F.);
#3092=ORIENTED_EDGE('',*,*,#2100,.F.);
#3093=ORIENTED_EDGE('',*,*,#2267,.F.);
#3094=ORIENTED_EDGE('',*,*,#2124,.F.);
#3095=ORIENTED_EDGE('',*,*,#2127,.F.);
#3096=ORIENTED_EDGE('',*,*,#2255,.F.);
#3097=ORIENTED_EDGE('',*,*,#2170,.F.);
#3098=ORIENTED_EDGE('',*,*,#2158,.T.);
#3099=ORIENTED_EDGE('',*,*,#2160,.F.);
#3100=ORIENTED_EDGE('',*,*,#2169,.T.);
#3101=ORIENTED_EDGE('',*,*,#2268,.T.);
#3102=ORIENTED_EDGE('',*,*,#2161,.F.);
#3103=ORIENTED_EDGE('',*,*,#2168,.T.);
#3104=ORIENTED_EDGE('',*,*,#2166,.T.);
#3105=ORIENTED_EDGE('',*,*,#2162,.F.);
#3106=ORIENTED_EDGE('',*,*,#2268,.F.);
#3107=ORIENTED_EDGE('',*,*,#2106,.F.);
#3108=ORIENTED_EDGE('',*,*,#2107,.F.);
#3109=ORIENTED_EDGE('',*,*,#2269,.T.);
#3110=ORIENTED_EDGE('',*,*,#2165,.T.);
#3111=ORIENTED_EDGE('',*,*,#2164,.T.);
#3112=ORIENTED_EDGE('',*,*,#2269,.F.);
#3113=ORIENTED_EDGE('',*,*,#2112,.T.);
#3114=ORIENTED_EDGE('',*,*,#2129,.F.);
#3115=ORIENTED_EDGE('',*,*,#2157,.F.);
#3116=ORIENTED_EDGE('',*,*,#2079,.F.);
#3117=ORIENTED_EDGE('',*,*,#2270,.T.);
#3118=ORIENTED_EDGE('',*,*,#2271,.F.);
#3119=ORIENTED_EDGE('',*,*,#2272,.T.);
#3120=ORIENTED_EDGE('',*,*,#2273,.T.);
#3121=ORIENTED_EDGE('',*,*,#2274,.T.);
#3122=ORIENTED_EDGE('',*,*,#2275,.F.);
#3123=ORIENTED_EDGE('',*,*,#2276,.T.);
#3124=ORIENTED_EDGE('',*,*,#2277,.F.);
#3125=ORIENTED_EDGE('',*,*,#2278,.T.);
#3126=ORIENTED_EDGE('',*,*,#2279,.T.);
#3127=ORIENTED_EDGE('',*,*,#2280,.T.);
#3128=ORIENTED_EDGE('',*,*,#2281,.F.);
#3129=ORIENTED_EDGE('',*,*,#2282,.T.);
#3130=ORIENTED_EDGE('',*,*,#2283,.F.);
#3131=ORIENTED_EDGE('',*,*,#2284,.T.);
#3132=ORIENTED_EDGE('',*,*,#2285,.T.);
#3133=ORIENTED_EDGE('',*,*,#2286,.T.);
#3134=ORIENTED_EDGE('',*,*,#2287,.F.);
#3135=ORIENTED_EDGE('',*,*,#2288,.T.);
#3136=ORIENTED_EDGE('',*,*,#2289,.F.);
#3137=ORIENTED_EDGE('',*,*,#2290,.T.);
#3138=ORIENTED_EDGE('',*,*,#2291,.T.);
#3139=ORIENTED_EDGE('',*,*,#2292,.T.);
#3140=ORIENTED_EDGE('',*,*,#2293,.F.);
#3141=ORIENTED_EDGE('',*,*,#2294,.T.);
#3142=ORIENTED_EDGE('',*,*,#2295,.F.);
#3143=ORIENTED_EDGE('',*,*,#2296,.F.);
#3144=ORIENTED_EDGE('',*,*,#2270,.F.);
#3145=ORIENTED_EDGE('',*,*,#2297,.T.);
#3146=ORIENTED_EDGE('',*,*,#2295,.T.);
#3147=ORIENTED_EDGE('',*,*,#2298,.T.);
#3148=ORIENTED_EDGE('',*,*,#2299,.T.);
#3149=ORIENTED_EDGE('',*,*,#2300,.F.);
#3150=ORIENTED_EDGE('',*,*,#2301,.T.);
#3151=ORIENTED_EDGE('',*,*,#2302,.T.);
#3152=ORIENTED_EDGE('',*,*,#2303,.T.);
#3153=ORIENTED_EDGE('',*,*,#2304,.T.);
#3154=ORIENTED_EDGE('',*,*,#2305,.T.);
#3155=ORIENTED_EDGE('',*,*,#2306,.F.);
#3156=ORIENTED_EDGE('',*,*,#2307,.T.);
#3157=ORIENTED_EDGE('',*,*,#2308,.T.);
#3158=ORIENTED_EDGE('',*,*,#2309,.T.);
#3159=ORIENTED_EDGE('',*,*,#2310,.T.);
#3160=ORIENTED_EDGE('',*,*,#2311,.T.);
#3161=ORIENTED_EDGE('',*,*,#2312,.F.);
#3162=ORIENTED_EDGE('',*,*,#2313,.T.);
#3163=ORIENTED_EDGE('',*,*,#2314,.T.);
#3164=ORIENTED_EDGE('',*,*,#2315,.T.);
#3165=ORIENTED_EDGE('',*,*,#2316,.T.);
#3166=ORIENTED_EDGE('',*,*,#2317,.T.);
#3167=ORIENTED_EDGE('',*,*,#2318,.F.);
#3168=ORIENTED_EDGE('',*,*,#2319,.T.);
#3169=ORIENTED_EDGE('',*,*,#2320,.T.);
#3170=ORIENTED_EDGE('',*,*,#2321,.F.);
#3171=ORIENTED_EDGE('',*,*,#2296,.T.);
#3172=ORIENTED_EDGE('',*,*,#2320,.F.);
#3173=ORIENTED_EDGE('',*,*,#2322,.T.);
#3174=ORIENTED_EDGE('',*,*,#2271,.T.);
#3175=ORIENTED_EDGE('',*,*,#2272,.F.);
#3176=ORIENTED_EDGE('',*,*,#2322,.F.);
#3177=ORIENTED_EDGE('',*,*,#2319,.F.);
#3178=ORIENTED_EDGE('',*,*,#2323,.T.);
#3179=ORIENTED_EDGE('',*,*,#2323,.F.);
#3180=ORIENTED_EDGE('',*,*,#2318,.T.);
#3181=ORIENTED_EDGE('',*,*,#2324,.T.);
#3182=ORIENTED_EDGE('',*,*,#2273,.F.);
#3183=ORIENTED_EDGE('',*,*,#2325,.T.);
#3184=ORIENTED_EDGE('',*,*,#2274,.F.);
#3185=ORIENTED_EDGE('',*,*,#2324,.F.);
#3186=ORIENTED_EDGE('',*,*,#2317,.F.);
#3187=ORIENTED_EDGE('',*,*,#2326,.F.);
#3188=ORIENTED_EDGE('',*,*,#2275,.T.);
#3189=ORIENTED_EDGE('',*,*,#2325,.F.);
#3190=ORIENTED_EDGE('',*,*,#2316,.F.);
#3191=ORIENTED_EDGE('',*,*,#2315,.F.);
#3192=ORIENTED_EDGE('',*,*,#2327,.F.);
#3193=ORIENTED_EDGE('',*,*,#2276,.F.);
#3194=ORIENTED_EDGE('',*,*,#2326,.T.);
#3195=ORIENTED_EDGE('',*,*,#2328,.T.);
#3196=ORIENTED_EDGE('',*,*,#2277,.T.);
#3197=ORIENTED_EDGE('',*,*,#2327,.T.);
#3198=ORIENTED_EDGE('',*,*,#2314,.F.);
#3199=ORIENTED_EDGE('',*,*,#2278,.F.);
#3200=ORIENTED_EDGE('',*,*,#2328,.F.);
#3201=ORIENTED_EDGE('',*,*,#2313,.F.);
#3202=ORIENTED_EDGE('',*,*,#2329,.T.);
#3203=ORIENTED_EDGE('',*,*,#2329,.F.);
#3204=ORIENTED_EDGE('',*,*,#2312,.T.);
#3205=ORIENTED_EDGE('',*,*,#2330,.T.);
#3206=ORIENTED_EDGE('',*,*,#2279,.F.);
#3207=ORIENTED_EDGE('',*,*,#2331,.T.);
#3208=ORIENTED_EDGE('',*,*,#2280,.F.);
#3209=ORIENTED_EDGE('',*,*,#2330,.F.);
#3210=ORIENTED_EDGE('',*,*,#2311,.F.);
#3211=ORIENTED_EDGE('',*,*,#2332,.F.);
#3212=ORIENTED_EDGE('',*,*,#2281,.T.);
#3213=ORIENTED_EDGE('',*,*,#2331,.F.);
#3214=ORIENTED_EDGE('',*,*,#2310,.F.);
#3215=ORIENTED_EDGE('',*,*,#2309,.F.);
#3216=ORIENTED_EDGE('',*,*,#2333,.F.);
#3217=ORIENTED_EDGE('',*,*,#2282,.F.);
#3218=ORIENTED_EDGE('',*,*,#2332,.T.);
#3219=ORIENTED_EDGE('',*,*,#2334,.T.);
#3220=ORIENTED_EDGE('',*,*,#2283,.T.);
#3221=ORIENTED_EDGE('',*,*,#2333,.T.);
#3222=ORIENTED_EDGE('',*,*,#2308,.F.);
#3223=ORIENTED_EDGE('',*,*,#2284,.F.);
#3224=ORIENTED_EDGE('',*,*,#2334,.F.);
#3225=ORIENTED_EDGE('',*,*,#2307,.F.);
#3226=ORIENTED_EDGE('',*,*,#2335,.T.);
#3227=ORIENTED_EDGE('',*,*,#2335,.F.);
#3228=ORIENTED_EDGE('',*,*,#2306,.T.);
#3229=ORIENTED_EDGE('',*,*,#2336,.T.);
#3230=ORIENTED_EDGE('',*,*,#2285,.F.);
#3231=ORIENTED_EDGE('',*,*,#2337,.T.);
#3232=ORIENTED_EDGE('',*,*,#2286,.F.);
#3233=ORIENTED_EDGE('',*,*,#2336,.F.);
#3234=ORIENTED_EDGE('',*,*,#2305,.F.);
#3235=ORIENTED_EDGE('',*,*,#2338,.F.);
#3236=ORIENTED_EDGE('',*,*,#2287,.T.);
#3237=ORIENTED_EDGE('',*,*,#2337,.F.);
#3238=ORIENTED_EDGE('',*,*,#2304,.F.);
#3239=ORIENTED_EDGE('',*,*,#2303,.F.);
#3240=ORIENTED_EDGE('',*,*,#2339,.F.);
#3241=ORIENTED_EDGE('',*,*,#2288,.F.);
#3242=ORIENTED_EDGE('',*,*,#2338,.T.);
#3243=ORIENTED_EDGE('',*,*,#2340,.T.);
#3244=ORIENTED_EDGE('',*,*,#2289,.T.);
#3245=ORIENTED_EDGE('',*,*,#2339,.T.);
#3246=ORIENTED_EDGE('',*,*,#2302,.F.);
#3247=ORIENTED_EDGE('',*,*,#2290,.F.);
#3248=ORIENTED_EDGE('',*,*,#2340,.F.);
#3249=ORIENTED_EDGE('',*,*,#2301,.F.);
#3250=ORIENTED_EDGE('',*,*,#2341,.T.);
#3251=ORIENTED_EDGE('',*,*,#2341,.F.);
#3252=ORIENTED_EDGE('',*,*,#2300,.T.);
#3253=ORIENTED_EDGE('',*,*,#2342,.T.);
#3254=ORIENTED_EDGE('',*,*,#2291,.F.);
#3255=ORIENTED_EDGE('',*,*,#2343,.T.);
#3256=ORIENTED_EDGE('',*,*,#2292,.F.);
#3257=ORIENTED_EDGE('',*,*,#2342,.F.);
#3258=ORIENTED_EDGE('',*,*,#2299,.F.);
#3259=ORIENTED_EDGE('',*,*,#2297,.F.);
#3260=ORIENTED_EDGE('',*,*,#2293,.T.);
#3261=ORIENTED_EDGE('',*,*,#2343,.F.);
#3262=ORIENTED_EDGE('',*,*,#2298,.F.);
#3263=ORIENTED_EDGE('',*,*,#2294,.F.);
#3264=ORIENTED_EDGE('',*,*,#2344,.T.);
#3265=ORIENTED_EDGE('',*,*,#2321,.T.);
#3266=ORIENTED_EDGE('',*,*,#2344,.F.);
#3267=ORIENTED_EDGE('',*,*,#2345,.T.);
#3268=ORIENTED_EDGE('',*,*,#2346,.T.);
#3269=ORIENTED_EDGE('',*,*,#2347,.T.);
#3270=ORIENTED_EDGE('',*,*,#2348,.F.);
#3271=ORIENTED_EDGE('',*,*,#2349,.T.);
#3272=ORIENTED_EDGE('',*,*,#2350,.F.);
#3273=ORIENTED_EDGE('',*,*,#2351,.T.);
#3274=ORIENTED_EDGE('',*,*,#2352,.T.);
#3275=ORIENTED_EDGE('',*,*,#2353,.T.);
#3276=ORIENTED_EDGE('',*,*,#2354,.F.);
#3277=ORIENTED_EDGE('',*,*,#2355,.T.);
#3278=ORIENTED_EDGE('',*,*,#2356,.F.);
#3279=ORIENTED_EDGE('',*,*,#2357,.T.);
#3280=ORIENTED_EDGE('',*,*,#2358,.T.);
#3281=ORIENTED_EDGE('',*,*,#2359,.T.);
#3282=ORIENTED_EDGE('',*,*,#2360,.F.);
#3283=ORIENTED_EDGE('',*,*,#2361,.T.);
#3284=ORIENTED_EDGE('',*,*,#2362,.F.);
#3285=ORIENTED_EDGE('',*,*,#2363,.T.);
#3286=ORIENTED_EDGE('',*,*,#2364,.T.);
#3287=ORIENTED_EDGE('',*,*,#2365,.T.);
#3288=ORIENTED_EDGE('',*,*,#2366,.F.);
#3289=ORIENTED_EDGE('',*,*,#2367,.T.);
#3290=ORIENTED_EDGE('',*,*,#2368,.F.);
#3291=ORIENTED_EDGE('',*,*,#2369,.T.);
#3292=ORIENTED_EDGE('',*,*,#2369,.F.);
#3293=ORIENTED_EDGE('',*,*,#2370,.T.);
#3294=ORIENTED_EDGE('',*,*,#2371,.T.);
#3295=ORIENTED_EDGE('',*,*,#2370,.F.);
#3296=ORIENTED_EDGE('',*,*,#2372,.T.);
#3297=ORIENTED_EDGE('',*,*,#2373,.T.);
#3298=ORIENTED_EDGE('',*,*,#2371,.F.);
#3299=ORIENTED_EDGE('',*,*,#2372,.F.);
#3300=ORIENTED_EDGE('',*,*,#2373,.F.);
#3301=ORIENTED_EDGE('',*,*,#2374,.T.);
#3302=ORIENTED_EDGE('',*,*,#2375,.T.);
#3303=ORIENTED_EDGE('',*,*,#2376,.T.);
#3304=ORIENTED_EDGE('',*,*,#2374,.F.);
#3305=ORIENTED_EDGE('',*,*,#2377,.T.);
#3306=ORIENTED_EDGE('',*,*,#2378,.T.);
#3307=ORIENTED_EDGE('',*,*,#2376,.F.);
#3308=ORIENTED_EDGE('',*,*,#2375,.F.);
#3309=ORIENTED_EDGE('',*,*,#2377,.F.);
#3310=ORIENTED_EDGE('',*,*,#2378,.F.);
#3311=ORIENTED_EDGE('',*,*,#2379,.T.);
#3312=ORIENTED_EDGE('',*,*,#2380,.T.);
#3313=ORIENTED_EDGE('',*,*,#2381,.T.);
#3314=ORIENTED_EDGE('',*,*,#2379,.F.);
#3315=ORIENTED_EDGE('',*,*,#2382,.T.);
#3316=ORIENTED_EDGE('',*,*,#2381,.F.);
#3317=ORIENTED_EDGE('',*,*,#2380,.F.);
#3318=ORIENTED_EDGE('',*,*,#2382,.F.);
#3319=ORIENTED_EDGE('',*,*,#2383,.T.);
#3320=ORIENTED_EDGE('',*,*,#2384,.F.);
#3321=ORIENTED_EDGE('',*,*,#2383,.F.);
#3322=ORIENTED_EDGE('',*,*,#2385,.T.);
#3323=ORIENTED_EDGE('',*,*,#2386,.T.);
#3324=ORIENTED_EDGE('',*,*,#2384,.T.);
#3325=ORIENTED_EDGE('',*,*,#2385,.F.);
#3326=ORIENTED_EDGE('',*,*,#2386,.F.);
#3327=ORIENTED_EDGE('',*,*,#2387,.T.);
#3328=ORIENTED_EDGE('',*,*,#2388,.T.);
#3329=ORIENTED_EDGE('',*,*,#2389,.T.);
#3330=ORIENTED_EDGE('',*,*,#2387,.F.);
#3331=ORIENTED_EDGE('',*,*,#2390,.T.);
#3332=ORIENTED_EDGE('',*,*,#2391,.T.);
#3333=ORIENTED_EDGE('',*,*,#2392,.T.);
#3334=ORIENTED_EDGE('',*,*,#2393,.T.);
#3335=ORIENTED_EDGE('',*,*,#2394,.T.);
#3336=ORIENTED_EDGE('',*,*,#2395,.F.);
#3337=ORIENTED_EDGE('',*,*,#2396,.T.);
#3338=ORIENTED_EDGE('',*,*,#2397,.T.);
#3339=ORIENTED_EDGE('',*,*,#2398,.T.);
#3340=ORIENTED_EDGE('',*,*,#2399,.T.);
#3341=ORIENTED_EDGE('',*,*,#2400,.T.);
#3342=ORIENTED_EDGE('',*,*,#2401,.F.);
#3343=ORIENTED_EDGE('',*,*,#2402,.T.);
#3344=ORIENTED_EDGE('',*,*,#2403,.T.);
#3345=ORIENTED_EDGE('',*,*,#2404,.T.);
#3346=ORIENTED_EDGE('',*,*,#2405,.T.);
#3347=ORIENTED_EDGE('',*,*,#2406,.T.);
#3348=ORIENTED_EDGE('',*,*,#2407,.F.);
#3349=ORIENTED_EDGE('',*,*,#2408,.T.);
#3350=ORIENTED_EDGE('',*,*,#2409,.T.);
#3351=ORIENTED_EDGE('',*,*,#2410,.T.);
#3352=ORIENTED_EDGE('',*,*,#2411,.T.);
#3353=ORIENTED_EDGE('',*,*,#2412,.T.);
#3354=ORIENTED_EDGE('',*,*,#2413,.F.);
#3355=ORIENTED_EDGE('',*,*,#2389,.F.);
#3356=ORIENTED_EDGE('',*,*,#2388,.F.);
#3357=ORIENTED_EDGE('',*,*,#2345,.F.);
#3358=ORIENTED_EDGE('',*,*,#2414,.F.);
#3359=ORIENTED_EDGE('',*,*,#2390,.F.);
#3360=ORIENTED_EDGE('',*,*,#2415,.T.);
#3361=ORIENTED_EDGE('',*,*,#2415,.F.);
#3362=ORIENTED_EDGE('',*,*,#2413,.T.);
#3363=ORIENTED_EDGE('',*,*,#2416,.T.);
#3364=ORIENTED_EDGE('',*,*,#2346,.F.);
#3365=ORIENTED_EDGE('',*,*,#2417,.T.);
#3366=ORIENTED_EDGE('',*,*,#2347,.F.);
#3367=ORIENTED_EDGE('',*,*,#2416,.F.);
#3368=ORIENTED_EDGE('',*,*,#2412,.F.);
#3369=ORIENTED_EDGE('',*,*,#2418,.F.);
#3370=ORIENTED_EDGE('',*,*,#2348,.T.);
#3371=ORIENTED_EDGE('',*,*,#2417,.F.);
#3372=ORIENTED_EDGE('',*,*,#2411,.F.);
#3373=ORIENTED_EDGE('',*,*,#2410,.F.);
#3374=ORIENTED_EDGE('',*,*,#2419,.F.);
#3375=ORIENTED_EDGE('',*,*,#2349,.F.);
#3376=ORIENTED_EDGE('',*,*,#2418,.T.);
#3377=ORIENTED_EDGE('',*,*,#2419,.T.);
#3378=ORIENTED_EDGE('',*,*,#2409,.F.);
#3379=ORIENTED_EDGE('',*,*,#2420,.T.);
#3380=ORIENTED_EDGE('',*,*,#2350,.T.);
#3381=ORIENTED_EDGE('',*,*,#2351,.F.);
#3382=ORIENTED_EDGE('',*,*,#2420,.F.);
#3383=ORIENTED_EDGE('',*,*,#2408,.F.);
#3384=ORIENTED_EDGE('',*,*,#2421,.T.);
#3385=ORIENTED_EDGE('',*,*,#2421,.F.);
#3386=ORIENTED_EDGE('',*,*,#2407,.T.);
#3387=ORIENTED_EDGE('',*,*,#2422,.T.);
#3388=ORIENTED_EDGE('',*,*,#2352,.F.);
#3389=ORIENTED_EDGE('',*,*,#2423,.T.);
#3390=ORIENTED_EDGE('',*,*,#2353,.F.);
#3391=ORIENTED_EDGE('',*,*,#2422,.F.);
#3392=ORIENTED_EDGE('',*,*,#2406,.F.);
#3393=ORIENTED_EDGE('',*,*,#2424,.F.);
#3394=ORIENTED_EDGE('',*,*,#2354,.T.);
#3395=ORIENTED_EDGE('',*,*,#2423,.F.);
#3396=ORIENTED_EDGE('',*,*,#2405,.F.);
#3397=ORIENTED_EDGE('',*,*,#2404,.F.);
#3398=ORIENTED_EDGE('',*,*,#2425,.F.);
#3399=ORIENTED_EDGE('',*,*,#2355,.F.);
#3400=ORIENTED_EDGE('',*,*,#2424,.T.);
#3401=ORIENTED_EDGE('',*,*,#2425,.T.);
#3402=ORIENTED_EDGE('',*,*,#2403,.F.);
#3403=ORIENTED_EDGE('',*,*,#2426,.T.);
#3404=ORIENTED_EDGE('',*,*,#2356,.T.);
#3405=ORIENTED_EDGE('',*,*,#2357,.F.);
#3406=ORIENTED_EDGE('',*,*,#2426,.F.);
#3407=ORIENTED_EDGE('',*,*,#2402,.F.);
#3408=ORIENTED_EDGE('',*,*,#2427,.T.);
#3409=ORIENTED_EDGE('',*,*,#2427,.F.);
#3410=ORIENTED_EDGE('',*,*,#2401,.T.);
#3411=ORIENTED_EDGE('',*,*,#2428,.T.);
#3412=ORIENTED_EDGE('',*,*,#2358,.F.);
#3413=ORIENTED_EDGE('',*,*,#2429,.T.);
#3414=ORIENTED_EDGE('',*,*,#2359,.F.);
#3415=ORIENTED_EDGE('',*,*,#2428,.F.);
#3416=ORIENTED_EDGE('',*,*,#2400,.F.);
#3417=ORIENTED_EDGE('',*,*,#2430,.F.);
#3418=ORIENTED_EDGE('',*,*,#2360,.T.);
#3419=ORIENTED_EDGE('',*,*,#2429,.F.);
#3420=ORIENTED_EDGE('',*,*,#2399,.F.);
#3421=ORIENTED_EDGE('',*,*,#2398,.F.);
#3422=ORIENTED_EDGE('',*,*,#2431,.F.);
#3423=ORIENTED_EDGE('',*,*,#2361,.F.);
#3424=ORIENTED_EDGE('',*,*,#2430,.T.);
#3425=ORIENTED_EDGE('',*,*,#2431,.T.);
#3426=ORIENTED_EDGE('',*,*,#2397,.F.);
#3427=ORIENTED_EDGE('',*,*,#2432,.T.);
#3428=ORIENTED_EDGE('',*,*,#2362,.T.);
#3429=ORIENTED_EDGE('',*,*,#2363,.F.);
#3430=ORIENTED_EDGE('',*,*,#2432,.F.);
#3431=ORIENTED_EDGE('',*,*,#2396,.F.);
#3432=ORIENTED_EDGE('',*,*,#2433,.T.);
#3433=ORIENTED_EDGE('',*,*,#2433,.F.);
#3434=ORIENTED_EDGE('',*,*,#2395,.T.);
#3435=ORIENTED_EDGE('',*,*,#2434,.T.);
#3436=ORIENTED_EDGE('',*,*,#2364,.F.);
#3437=ORIENTED_EDGE('',*,*,#2435,.T.);
#3438=ORIENTED_EDGE('',*,*,#2365,.F.);
#3439=ORIENTED_EDGE('',*,*,#2434,.F.);
#3440=ORIENTED_EDGE('',*,*,#2394,.F.);
#3441=ORIENTED_EDGE('',*,*,#2436,.F.);
#3442=ORIENTED_EDGE('',*,*,#2366,.T.);
#3443=ORIENTED_EDGE('',*,*,#2435,.F.);
#3444=ORIENTED_EDGE('',*,*,#2393,.F.);
#3445=ORIENTED_EDGE('',*,*,#2392,.F.);
#3446=ORIENTED_EDGE('',*,*,#2437,.F.);
#3447=ORIENTED_EDGE('',*,*,#2367,.F.);
#3448=ORIENTED_EDGE('',*,*,#2436,.T.);
#3449=ORIENTED_EDGE('',*,*,#2414,.T.);
#3450=ORIENTED_EDGE('',*,*,#2368,.T.);
#3451=ORIENTED_EDGE('',*,*,#2437,.T.);
#3452=ORIENTED_EDGE('',*,*,#2391,.F.);
#3453=ORIENTED_EDGE('',*,*,#2438,.F.);
#3454=ORIENTED_EDGE('',*,*,#2439,.T.);
#3455=ORIENTED_EDGE('',*,*,#2440,.T.);
#3456=ORIENTED_EDGE('',*,*,#2441,.T.);
#3457=ORIENTED_EDGE('',*,*,#2442,.T.);
#3458=ORIENTED_EDGE('',*,*,#2443,.T.);
#3459=ORIENTED_EDGE('',*,*,#2444,.T.);
#3460=ORIENTED_EDGE('',*,*,#2445,.T.);
#3461=ORIENTED_EDGE('',*,*,#2446,.T.);
#3462=ORIENTED_EDGE('',*,*,#2447,.T.);
#3463=ORIENTED_EDGE('',*,*,#2448,.T.);
#3464=ORIENTED_EDGE('',*,*,#2449,.T.);
#3465=ORIENTED_EDGE('',*,*,#2450,.T.);
#3466=ORIENTED_EDGE('',*,*,#2451,.T.);
#3467=ORIENTED_EDGE('',*,*,#2452,.T.);
#3468=ORIENTED_EDGE('',*,*,#2453,.T.);
#3469=ORIENTED_EDGE('',*,*,#2454,.T.);
#3470=ORIENTED_EDGE('',*,*,#2455,.T.);
#3471=ORIENTED_EDGE('',*,*,#2456,.T.);
#3472=ORIENTED_EDGE('',*,*,#2439,.F.);
#3473=ORIENTED_EDGE('',*,*,#2446,.F.);
#3474=ORIENTED_EDGE('',*,*,#2457,.F.);
#3475=ORIENTED_EDGE('',*,*,#2458,.F.);
#3476=ORIENTED_EDGE('',*,*,#2459,.F.);
#3477=ORIENTED_EDGE('',*,*,#2460,.T.);
#3478=ORIENTED_EDGE('',*,*,#2461,.T.);
#3479=ORIENTED_EDGE('',*,*,#2447,.F.);
#3480=ORIENTED_EDGE('',*,*,#2461,.F.);
#3481=ORIENTED_EDGE('',*,*,#2462,.T.);
#3482=ORIENTED_EDGE('',*,*,#2448,.F.);
#3483=ORIENTED_EDGE('',*,*,#2462,.F.);
#3484=ORIENTED_EDGE('',*,*,#2463,.F.);
#3485=ORIENTED_EDGE('',*,*,#2464,.T.);
#3486=ORIENTED_EDGE('',*,*,#2465,.T.);
#3487=ORIENTED_EDGE('',*,*,#2466,.T.);
#3488=ORIENTED_EDGE('',*,*,#2450,.F.);
#3489=ORIENTED_EDGE('',*,*,#2467,.F.);
#3490=ORIENTED_EDGE('',*,*,#2468,.F.);
#3491=ORIENTED_EDGE('',*,*,#2469,.F.);
#3492=ORIENTED_EDGE('',*,*,#2470,.T.);
#3493=ORIENTED_EDGE('',*,*,#2471,.T.);
#3494=ORIENTED_EDGE('',*,*,#2451,.F.);
#3495=ORIENTED_EDGE('',*,*,#2471,.F.);
#3496=ORIENTED_EDGE('',*,*,#2472,.T.);
#3497=ORIENTED_EDGE('',*,*,#2452,.F.);
#3498=ORIENTED_EDGE('',*,*,#2472,.F.);
#3499=ORIENTED_EDGE('',*,*,#2473,.F.);
#3500=ORIENTED_EDGE('',*,*,#2474,.T.);
#3501=ORIENTED_EDGE('',*,*,#2475,.T.);
#3502=ORIENTED_EDGE('',*,*,#2476,.T.);
#3503=ORIENTED_EDGE('',*,*,#2453,.F.);
#3504=ORIENTED_EDGE('',*,*,#2476,.F.);
#3505=ORIENTED_EDGE('',*,*,#2477,.T.);
#3506=ORIENTED_EDGE('',*,*,#2454,.F.);
#3507=ORIENTED_EDGE('',*,*,#2477,.F.);
#3508=ORIENTED_EDGE('',*,*,#2478,.F.);
#3509=ORIENTED_EDGE('',*,*,#2479,.F.);
#3510=ORIENTED_EDGE('',*,*,#2480,.T.);
#3511=ORIENTED_EDGE('',*,*,#2481,.T.);
#3512=ORIENTED_EDGE('',*,*,#2455,.F.);
#3513=ORIENTED_EDGE('',*,*,#2481,.F.);
#3514=ORIENTED_EDGE('',*,*,#2482,.T.);
#3515=ORIENTED_EDGE('',*,*,#2456,.F.);
#3516=ORIENTED_EDGE('',*,*,#2482,.F.);
#3517=ORIENTED_EDGE('',*,*,#2483,.F.);
#3518=ORIENTED_EDGE('',*,*,#2484,.T.);
#3519=ORIENTED_EDGE('',*,*,#2485,.T.);
#3520=ORIENTED_EDGE('',*,*,#2486,.T.);
#3521=ORIENTED_EDGE('',*,*,#2440,.F.);
#3522=ORIENTED_EDGE('',*,*,#2441,.F.);
#3523=ORIENTED_EDGE('',*,*,#2486,.F.);
#3524=ORIENTED_EDGE('',*,*,#2487,.T.);
#3525=ORIENTED_EDGE('',*,*,#2442,.F.);
#3526=ORIENTED_EDGE('',*,*,#2487,.F.);
#3527=ORIENTED_EDGE('',*,*,#2488,.F.);
#3528=ORIENTED_EDGE('',*,*,#2489,.F.);
#3529=ORIENTED_EDGE('',*,*,#2490,.T.);
#3530=ORIENTED_EDGE('',*,*,#2491,.T.);
#3531=ORIENTED_EDGE('',*,*,#2443,.F.);
#3532=ORIENTED_EDGE('',*,*,#2491,.F.);
#3533=ORIENTED_EDGE('',*,*,#2492,.T.);
#3534=ORIENTED_EDGE('',*,*,#2444,.F.);
#3535=ORIENTED_EDGE('',*,*,#2492,.F.);
#3536=ORIENTED_EDGE('',*,*,#2493,.F.);
#3537=ORIENTED_EDGE('',*,*,#2494,.T.);
#3538=ORIENTED_EDGE('',*,*,#2495,.T.);
#3539=ORIENTED_EDGE('',*,*,#2496,.T.);
#3540=ORIENTED_EDGE('',*,*,#2445,.F.);
#3541=ORIENTED_EDGE('',*,*,#2496,.F.);
#3542=ORIENTED_EDGE('',*,*,#2457,.T.);
#3543=ORIENTED_EDGE('',*,*,#2458,.T.);
#3544=ORIENTED_EDGE('',*,*,#2495,.F.);
#3545=ORIENTED_EDGE('',*,*,#2497,.T.);
#3546=ORIENTED_EDGE('',*,*,#2498,.F.);
#3547=ORIENTED_EDGE('',*,*,#2464,.F.);
#3548=ORIENTED_EDGE('',*,*,#2499,.F.);
#3549=ORIENTED_EDGE('',*,*,#2459,.T.);
#3550=ORIENTED_EDGE('',*,*,#2497,.F.);
#3551=ORIENTED_EDGE('',*,*,#2494,.F.);
#3552=ORIENTED_EDGE('',*,*,#2500,.F.);
#3553=ORIENTED_EDGE('',*,*,#2489,.T.);
#3554=ORIENTED_EDGE('',*,*,#2501,.F.);
#3555=ORIENTED_EDGE('',*,*,#2484,.F.);
#3556=ORIENTED_EDGE('',*,*,#2502,.F.);
#3557=ORIENTED_EDGE('',*,*,#2479,.T.);
#3558=ORIENTED_EDGE('',*,*,#2503,.F.);
#3559=ORIENTED_EDGE('',*,*,#2474,.F.);
#3560=ORIENTED_EDGE('',*,*,#2504,.F.);
#3561=ORIENTED_EDGE('',*,*,#2469,.T.);
#3562=ORIENTED_EDGE('',*,*,#2468,.T.);
#3563=ORIENTED_EDGE('',*,*,#2465,.F.);
#3564=ORIENTED_EDGE('',*,*,#2498,.T.);
#3565=ORIENTED_EDGE('',*,*,#2470,.F.);
#3566=ORIENTED_EDGE('',*,*,#2504,.T.);
#3567=ORIENTED_EDGE('',*,*,#2473,.T.);
#3568=ORIENTED_EDGE('',*,*,#2478,.T.);
#3569=ORIENTED_EDGE('',*,*,#2475,.F.);
#3570=ORIENTED_EDGE('',*,*,#2503,.T.);
#3571=ORIENTED_EDGE('',*,*,#2480,.F.);
#3572=ORIENTED_EDGE('',*,*,#2502,.T.);
#3573=ORIENTED_EDGE('',*,*,#2483,.T.);
#3574=ORIENTED_EDGE('',*,*,#2488,.T.);
#3575=ORIENTED_EDGE('',*,*,#2485,.F.);
#3576=ORIENTED_EDGE('',*,*,#2501,.T.);
#3577=ORIENTED_EDGE('',*,*,#2490,.F.);
#3578=ORIENTED_EDGE('',*,*,#2500,.T.);
#3579=ORIENTED_EDGE('',*,*,#2493,.T.);
#3580=ORIENTED_EDGE('',*,*,#2460,.F.);
#3581=ORIENTED_EDGE('',*,*,#2499,.T.);
#3582=ORIENTED_EDGE('',*,*,#2463,.T.);
#3583=ORIENTED_EDGE('',*,*,#2449,.F.);
#3584=ORIENTED_EDGE('',*,*,#2466,.F.);
#3585=ORIENTED_EDGE('',*,*,#2467,.T.);
#3586=ORIENTED_EDGE('',*,*,#2505,.T.);
#3587=ORIENTED_EDGE('',*,*,#2506,.T.);
#3588=ORIENTED_EDGE('',*,*,#2438,.T.);
#3589=ORIENTED_EDGE('',*,*,#2506,.F.);
#3590=ORIENTED_EDGE('',*,*,#2507,.T.);
#3591=ORIENTED_EDGE('',*,*,#2505,.F.);
#3592=ORIENTED_EDGE('',*,*,#2507,.F.);
#3593=ORIENTED_EDGE('',*,*,#2508,.F.);
#3594=ORIENTED_EDGE('',*,*,#2509,.F.);
#3595=ORIENTED_EDGE('',*,*,#2510,.T.);
#3596=ORIENTED_EDGE('',*,*,#2511,.T.);
#3597=ORIENTED_EDGE('',*,*,#2509,.T.);
#3598=ORIENTED_EDGE('',*,*,#2508,.T.);
#3599=ORIENTED_EDGE('',*,*,#2511,.F.);
#3600=ORIENTED_EDGE('',*,*,#2512,.T.);
#3601=ORIENTED_EDGE('',*,*,#2513,.T.);
#3602=ORIENTED_EDGE('',*,*,#2514,.T.);
#3603=ORIENTED_EDGE('',*,*,#2515,.T.);
#3604=ORIENTED_EDGE('',*,*,#2510,.F.);
#3605=ORIENTED_EDGE('',*,*,#2512,.F.);
#3606=ORIENTED_EDGE('',*,*,#2515,.F.);
#3607=ORIENTED_EDGE('',*,*,#2513,.F.);
#3608=ORIENTED_EDGE('',*,*,#2514,.F.);
#3609=ORIENTED_EDGE('',*,*,#2516,.T.);
#3610=ORIENTED_EDGE('',*,*,#2517,.T.);
#3611=ORIENTED_EDGE('',*,*,#2518,.T.);
#3612=ORIENTED_EDGE('',*,*,#2516,.F.);
#3613=ORIENTED_EDGE('',*,*,#2518,.F.);
#3614=ORIENTED_EDGE('',*,*,#2517,.F.);
#3615=ORIENTED_EDGE('',*,*,#2519,.F.);
#3616=ORIENTED_EDGE('',*,*,#2520,.F.);
#3617=ORIENTED_EDGE('',*,*,#2521,.T.);
#3618=ORIENTED_EDGE('',*,*,#2522,.T.);
#3619=ORIENTED_EDGE('',*,*,#2523,.T.);
#3620=ORIENTED_EDGE('',*,*,#2521,.F.);
#3621=ORIENTED_EDGE('',*,*,#2524,.F.);
#3622=ORIENTED_EDGE('',*,*,#2523,.F.);
#3623=ORIENTED_EDGE('',*,*,#2522,.F.);
#3624=CYLINDRICAL_SURFACE('',#4040,8.5);
#3625=CYLINDRICAL_SURFACE('',#4048,9.925);
#3626=CYLINDRICAL_SURFACE('',#4053,9.5);
#3627=CYLINDRICAL_SURFACE('',#4058,7.5);
#3628=CYLINDRICAL_SURFACE('',#4068,1.5);
#3629=CYLINDRICAL_SURFACE('',#4075,6.35);
#3630=CYLINDRICAL_SURFACE('',#4090,24.3);
#3631=CYLINDRICAL_SURFACE('',#4096,9.55);
#3632=CYLINDRICAL_SURFACE('',#4103,24.3);
#3633=CYLINDRICAL_SURFACE('',#4109,9.55);
#3634=CYLINDRICAL_SURFACE('',#4115,26.05);
#3635=CYLINDRICAL_SURFACE('',#4121,20.75);
#3636=CYLINDRICAL_SURFACE('',#4126,9.5);
#3637=CYLINDRICAL_SURFACE('',#4133,20.);
#3638=CYLINDRICAL_SURFACE('',#4139,8.5);
#3639=CYLINDRICAL_SURFACE('',#4146,7.5);
#3640=CYLINDRICAL_SURFACE('',#4152,16.);
#3641=CYLINDRICAL_SURFACE('',#4168,25.9025);
#3642=CYLINDRICAL_SURFACE('',#4173,39.75);
#3643=CYLINDRICAL_SURFACE('',#4198,5.9);
#3644=CYLINDRICAL_SURFACE('',#4223,5.9);
#3645=CYLINDRICAL_SURFACE('',#4225,4.6);
#3646=CYLINDRICAL_SURFACE('',#4247,36.5);
#3647=CYLINDRICAL_SURFACE('',#4252,9.25);
#3648=CYLINDRICAL_SURFACE('',#4257,17.);
#3649=CYLINDRICAL_SURFACE('',#4263,20.);
#3650=CYLINDRICAL_SURFACE('',#4264,2.75);
#3651=CYLINDRICAL_SURFACE('',#4265,2.75);
#3652=CYLINDRICAL_SURFACE('',#4266,2.75);
#3653=CYLINDRICAL_SURFACE('',#4267,2.75);
#3654=CYLINDRICAL_SURFACE('',#4268,5.5);
#3655=CYLINDRICAL_SURFACE('',#4275,4.75);
#3656=CYLINDRICAL_SURFACE('',#4277,2.25);
#3657=CYLINDRICAL_SURFACE('',#4278,4.6);
#3658=CYLINDRICAL_SURFACE('',#4280,4.6);
#3659=CYLINDRICAL_SURFACE('',#4282,5.9);
#3660=CYLINDRICAL_SURFACE('',#4284,4.6);
#3661=CYLINDRICAL_SURFACE('',#4291,4.75);
#3662=CYLINDRICAL_SURFACE('',#4293,2.25);
#3663=CYLINDRICAL_SURFACE('',#4294,5.5);
#3664=CYLINDRICAL_SURFACE('',#4295,4.6);
#3665=CYLINDRICAL_SURFACE('',#4297,5.9);
#3666=CYLINDRICAL_SURFACE('',#4299,4.6);
#3667=CYLINDRICAL_SURFACE('',#4306,4.75);
#3668=CYLINDRICAL_SURFACE('',#4308,2.25);
#3669=CYLINDRICAL_SURFACE('',#4309,5.5);
#3670=CYLINDRICAL_SURFACE('',#4310,4.6);
#3671=CYLINDRICAL_SURFACE('',#4312,5.5);
#3672=CYLINDRICAL_SURFACE('',#4314,4.75);
#3673=CYLINDRICAL_SURFACE('',#4315,2.25);
#3674=CYLINDRICAL_SURFACE('',#4316,4.6);
#3675=CYLINDRICAL_SURFACE('',#4332,4.6);
#3676=CYLINDRICAL_SURFACE('',#4348,4.6);
#3677=CYLINDRICAL_SURFACE('',#4350,5.9);
#3678=CYLINDRICAL_SURFACE('',#4352,4.6);
#3679=CYLINDRICAL_SURFACE('',#4354,4.6);
#3680=CYLINDRICAL_SURFACE('',#4356,5.9);
#3681=CYLINDRICAL_SURFACE('',#4358,4.6);
#3682=CYLINDRICAL_SURFACE('',#4360,4.6);
#3683=CYLINDRICAL_SURFACE('',#4362,5.9);
#3684=CYLINDRICAL_SURFACE('',#4364,4.6);
#3685=CYLINDRICAL_SURFACE('',#4366,4.6);
#3686=CYLINDRICAL_SURFACE('',#4368,5.9);
#3687=CYLINDRICAL_SURFACE('',#4370,25.86);
#3688=CYLINDRICAL_SURFACE('',#4386,8.5);
#3689=CYLINDRICAL_SURFACE('',#4391,12.5);
#3690=CYLINDRICAL_SURFACE('',#4397,16.);
#3691=CYLINDRICAL_SURFACE('',#4402,25.9025);
#3692=CYLINDRICAL_SURFACE('',#4407,39.75);
#3693=CYLINDRICAL_SURFACE('',#4423,4.6);
#3694=CYLINDRICAL_SURFACE('',#4425,5.9);
#3695=CYLINDRICAL_SURFACE('',#4427,4.6);
#3696=CYLINDRICAL_SURFACE('',#4429,4.6);
#3697=CYLINDRICAL_SURFACE('',#4431,5.9);
#3698=CYLINDRICAL_SURFACE('',#4433,4.6);
#3699=CYLINDRICAL_SURFACE('',#4435,4.6);
#3700=CYLINDRICAL_SURFACE('',#4437,5.9);
#3701=CYLINDRICAL_SURFACE('',#4439,4.6);
#3702=CYLINDRICAL_SURFACE('',#4441,4.6);
#3703=CYLINDRICAL_SURFACE('',#4443,5.9);
#3704=CYLINDRICAL_SURFACE('',#4445,4.6);
#3705=CYLINDRICAL_SURFACE('',#4464,0.3);
#3706=CYLINDRICAL_SURFACE('',#4468,0.3);
#3707=CYLINDRICAL_SURFACE('',#4473,0.3);
#3708=CYLINDRICAL_SURFACE('',#4478,0.3);
#3709=CYLINDRICAL_SURFACE('',#4493,2.8);
#3710=CYLINDRICAL_SURFACE('',#4503,1.5);
#3711=CYLINDRICAL_SURFACE('',#4510,1.35);
#3712=ADVANCED_FACE('',(#297),#3624,.T.);
#3713=ADVANCED_FACE('',(#298,#138),#187,.F.);
#3714=ADVANCED_FACE('',(#299),#3625,.T.);
#3715=ADVANCED_FACE('',(#300,#139),#188,.T.);
#3716=ADVANCED_FACE('',(#301),#3626,.T.);
#3717=ADVANCED_FACE('',(#302,#140),#189,.T.);
#3718=ADVANCED_FACE('',(#303),#3627,.T.);
#3719=ADVANCED_FACE('',(#304),#134,.T.);
#3720=ADVANCED_FACE('',(#305,#141),#190,.T.);
#3721=ADVANCED_FACE('',(#306),#3628,.F.);
#3722=ADVANCED_FACE('',(#307),#135,.F.);
#3723=ADVANCED_FACE('',(#308,#142),#191,.F.);
#3724=ADVANCED_FACE('',(#309),#3629,.T.);
#3725=ADVANCED_FACE('',(#310),#136,.T.);
#3726=ADVANCED_FACE('',(#311),#192,.F.);
#3727=ADVANCED_FACE('',(#312),#193,.F.);
#3728=ADVANCED_FACE('',(#313),#194,.T.);
#3729=ADVANCED_FACE('',(#314,#143),#195,.F.);
#3730=ADVANCED_FACE('',(#315),#3630,.T.);
#3731=ADVANCED_FACE('',(#316,#144),#196,.T.);
#3732=ADVANCED_FACE('',(#317),#3631,.F.);
#3733=ADVANCED_FACE('',(#318,#145),#197,.F.);
#3734=ADVANCED_FACE('',(#319),#3632,.T.);
#3735=ADVANCED_FACE('',(#320,#146),#198,.T.);
#3736=ADVANCED_FACE('',(#321),#3633,.F.);
#3737=ADVANCED_FACE('',(#322,#147),#199,.F.);
#3738=ADVANCED_FACE('',(#323),#3634,.T.);
#3739=ADVANCED_FACE('',(#324,#148),#200,.T.);
#3740=ADVANCED_FACE('',(#325),#3635,.F.);
#3741=ADVANCED_FACE('',(#326,#149),#201,.T.);
#3742=ADVANCED_FACE('',(#327),#3636,.F.);
#3743=ADVANCED_FACE('',(#328,#150),#202,.F.);
#3744=ADVANCED_FACE('',(#329),#3637,.T.);
#3745=ADVANCED_FACE('',(#330,#151),#203,.T.);
#3746=ADVANCED_FACE('',(#331),#3638,.F.);
#3747=ADVANCED_FACE('',(#332,#152),#204,.F.);
#3748=ADVANCED_FACE('',(#333),#3639,.F.);
#3749=ADVANCED_FACE('',(#334,#153),#205,.T.);
#3750=ADVANCED_FACE('',(#335),#3640,.T.);
#3751=ADVANCED_FACE('',(#336,#154),#206,.F.);
#3752=ADVANCED_FACE('',(#337),#3641,.T.);
#3753=ADVANCED_FACE('',(#338,#155),#207,.T.);
#3754=ADVANCED_FACE('',(#339),#3642,.F.);
#3755=ADVANCED_FACE('',(#340,#156,#157,#158,#159,#160),#208,.T.);
#3756=ADVANCED_FACE('',(#341),#209,.F.);
#3757=ADVANCED_FACE('',(#342),#3643,.F.);
#3758=ADVANCED_FACE('',(#343,#161),#210,.T.);
#3759=ADVANCED_FACE('',(#344,#162),#211,.T.);
#3760=ADVANCED_FACE('',(#345,#163),#212,.T.);
#3761=ADVANCED_FACE('',(#346,#164),#213,.T.);
#3762=ADVANCED_FACE('',(#347),#3644,.F.);
#3763=ADVANCED_FACE('',(#348),#214,.F.);
#3764=ADVANCED_FACE('',(#349),#3645,.T.);
#3765=ADVANCED_FACE('',(#350),#215,.T.);
#3766=ADVANCED_FACE('',(#351,#165),#216,.T.);
#3767=ADVANCED_FACE('',(#352),#217,.F.);
#3768=ADVANCED_FACE('',(#353,#166,#167,#168,#169,#170),#218,.T.);
#3769=ADVANCED_FACE('',(#354),#3646,.T.);
#3770=ADVANCED_FACE('',(#355,#171),#219,.T.);
#3771=ADVANCED_FACE('',(#356),#3647,.F.);
#3772=ADVANCED_FACE('',(#357,#172),#220,.T.);
#3773=ADVANCED_FACE('',(#358),#3648,.F.);
#3774=ADVANCED_FACE('',(#359,#173),#221,.T.);
#3775=ADVANCED_FACE('',(#360),#3649,.F.);
#3776=ADVANCED_FACE('',(#361),#3650,.F.);
#3777=ADVANCED_FACE('',(#362),#3651,.F.);
#3778=ADVANCED_FACE('',(#363),#3652,.F.);
#3779=ADVANCED_FACE('',(#364),#3653,.F.);
#3780=ADVANCED_FACE('',(#365),#3654,.T.);
#3781=ADVANCED_FACE('',(#366),#222,.T.);
#3782=ADVANCED_FACE('',(#367,#174),#223,.T.);
#3783=ADVANCED_FACE('',(#368),#224,.F.);
#3784=ADVANCED_FACE('',(#369),#3655,.F.);
#3785=ADVANCED_FACE('',(#370),#225,.F.);
#3786=ADVANCED_FACE('',(#371),#3656,.F.);
#3787=ADVANCED_FACE('',(#372),#3657,.T.);
#3788=ADVANCED_FACE('',(#373),#226,.F.);
#3789=ADVANCED_FACE('',(#374),#3658,.T.);
#3790=ADVANCED_FACE('',(#375),#227,.F.);
#3791=ADVANCED_FACE('',(#376),#3659,.F.);
#3792=ADVANCED_FACE('',(#377),#228,.F.);
#3793=ADVANCED_FACE('',(#378),#3660,.T.);
#3794=ADVANCED_FACE('',(#379),#229,.T.);
#3795=ADVANCED_FACE('',(#380,#175),#230,.T.);
#3796=ADVANCED_FACE('',(#381),#231,.F.);
#3797=ADVANCED_FACE('',(#382),#3661,.F.);
#3798=ADVANCED_FACE('',(#383),#232,.F.);
#3799=ADVANCED_FACE('',(#384),#3662,.F.);
#3800=ADVANCED_FACE('',(#385),#3663,.T.);
#3801=ADVANCED_FACE('',(#386),#3664,.T.);
#3802=ADVANCED_FACE('',(#387),#233,.F.);
#3803=ADVANCED_FACE('',(#388),#3665,.F.);
#3804=ADVANCED_FACE('',(#389),#234,.F.);
#3805=ADVANCED_FACE('',(#390),#3666,.T.);
#3806=ADVANCED_FACE('',(#391),#235,.T.);
#3807=ADVANCED_FACE('',(#392,#176),#236,.T.);
#3808=ADVANCED_FACE('',(#393),#237,.F.);
#3809=ADVANCED_FACE('',(#394),#3667,.F.);
#3810=ADVANCED_FACE('',(#395),#238,.F.);
#3811=ADVANCED_FACE('',(#396),#3668,.F.);
#3812=ADVANCED_FACE('',(#397),#3669,.T.);
#3813=ADVANCED_FACE('',(#398),#3670,.T.);
#3814=ADVANCED_FACE('',(#399),#239,.F.);
#3815=ADVANCED_FACE('',(#400),#3671,.T.);
#3816=ADVANCED_FACE('',(#401),#240,.F.);
#3817=ADVANCED_FACE('',(#402),#3672,.F.);
#3818=ADVANCED_FACE('',(#403),#3673,.F.);
#3819=ADVANCED_FACE('',(#404),#3674,.T.);
#3820=ADVANCED_FACE('',(#405,#177),#241,.F.);
#3821=ADVANCED_FACE('',(#406),#3675,.T.);
#3822=ADVANCED_FACE('',(#407,#178),#242,.T.);
#3823=ADVANCED_FACE('',(#408),#243,.T.);
#3824=ADVANCED_FACE('',(#409),#3676,.T.);
#3825=ADVANCED_FACE('',(#410),#244,.F.);
#3826=ADVANCED_FACE('',(#411),#3677,.F.);
#3827=ADVANCED_FACE('',(#412),#245,.F.);
#3828=ADVANCED_FACE('',(#413),#3678,.T.);
#3829=ADVANCED_FACE('',(#414),#246,.T.);
#3830=ADVANCED_FACE('',(#415),#3679,.T.);
#3831=ADVANCED_FACE('',(#416),#247,.F.);
#3832=ADVANCED_FACE('',(#417),#3680,.F.);
#3833=ADVANCED_FACE('',(#418),#248,.F.);
#3834=ADVANCED_FACE('',(#419),#3681,.T.);
#3835=ADVANCED_FACE('',(#420),#249,.T.);
#3836=ADVANCED_FACE('',(#421),#3682,.T.);
#3837=ADVANCED_FACE('',(#422),#250,.F.);
#3838=ADVANCED_FACE('',(#423),#3683,.F.);
#3839=ADVANCED_FACE('',(#424),#251,.F.);
#3840=ADVANCED_FACE('',(#425),#3684,.T.);
#3841=ADVANCED_FACE('',(#426),#252,.T.);
#3842=ADVANCED_FACE('',(#427),#3685,.T.);
#3843=ADVANCED_FACE('',(#428),#253,.F.);
#3844=ADVANCED_FACE('',(#429),#3686,.F.);
#3845=ADVANCED_FACE('',(#430),#254,.F.);
#3846=ADVANCED_FACE('',(#431),#3687,.F.);
#3847=ADVANCED_FACE('',(#432,#179),#255,.F.);
#3848=ADVANCED_FACE('',(#433),#3688,.F.);
#3849=ADVANCED_FACE('',(#434,#180),#256,.T.);
#3850=ADVANCED_FACE('',(#435),#3689,.F.);
#3851=ADVANCED_FACE('',(#436,#181),#257,.T.);
#3852=ADVANCED_FACE('',(#437),#3690,.F.);
#3853=ADVANCED_FACE('',(#438,#182),#258,.T.);
#3854=ADVANCED_FACE('',(#439),#3691,.T.);
#3855=ADVANCED_FACE('',(#440,#183),#259,.T.);
#3856=ADVANCED_FACE('',(#441),#3692,.F.);
#3857=ADVANCED_FACE('',(#442,#184),#260,.T.);
#3858=ADVANCED_FACE('',(#443),#3693,.T.);
#3859=ADVANCED_FACE('',(#444),#261,.F.);
#3860=ADVANCED_FACE('',(#445),#3694,.F.);
#3861=ADVANCED_FACE('',(#446),#262,.F.);
#3862=ADVANCED_FACE('',(#447),#3695,.T.);
#3863=ADVANCED_FACE('',(#448),#263,.T.);
#3864=ADVANCED_FACE('',(#449),#3696,.T.);
#3865=ADVANCED_FACE('',(#450),#264,.F.);
#3866=ADVANCED_FACE('',(#451),#3697,.F.);
#3867=ADVANCED_FACE('',(#452),#265,.F.);
#3868=ADVANCED_FACE('',(#453),#3698,.T.);
#3869=ADVANCED_FACE('',(#454),#266,.T.);
#3870=ADVANCED_FACE('',(#455),#3699,.T.);
#3871=ADVANCED_FACE('',(#456),#267,.F.);
#3872=ADVANCED_FACE('',(#457),#3700,.F.);
#3873=ADVANCED_FACE('',(#458),#268,.F.);
#3874=ADVANCED_FACE('',(#459),#3701,.T.);
#3875=ADVANCED_FACE('',(#460),#269,.T.);
#3876=ADVANCED_FACE('',(#461),#3702,.T.);
#3877=ADVANCED_FACE('',(#462),#270,.F.);
#3878=ADVANCED_FACE('',(#463),#3703,.F.);
#3879=ADVANCED_FACE('',(#464),#271,.F.);
#3880=ADVANCED_FACE('',(#465),#3704,.T.);
#3881=ADVANCED_FACE('',(#466),#272,.T.);
#3882=ADVANCED_FACE('',(#467),#14,.T.);
#3883=ADVANCED_FACE('',(#468),#3705,.T.);
#3884=ADVANCED_FACE('',(#469),#273,.F.);
#3885=ADVANCED_FACE('',(#470),#274,.F.);
#3886=ADVANCED_FACE('',(#471),#3706,.T.);
#3887=ADVANCED_FACE('',(#472),#275,.F.);
#3888=ADVANCED_FACE('',(#473),#276,.F.);
#3889=ADVANCED_FACE('',(#474),#277,.F.);
#3890=ADVANCED_FACE('',(#475),#3707,.T.);
#3891=ADVANCED_FACE('',(#476),#278,.F.);
#3892=ADVANCED_FACE('',(#477),#279,.F.);
#3893=ADVANCED_FACE('',(#478),#280,.F.);
#3894=ADVANCED_FACE('',(#479),#3708,.T.);
#3895=ADVANCED_FACE('',(#480),#281,.F.);
#3896=ADVANCED_FACE('',(#481),#282,.F.);
#3897=ADVANCED_FACE('',(#482),#283,.F.);
#3898=ADVANCED_FACE('',(#483),#284,.T.);
#3899=ADVANCED_FACE('',(#484),#285,.T.);
#3900=ADVANCED_FACE('',(#485),#286,.T.);
#3901=ADVANCED_FACE('',(#486),#287,.T.);
#3902=ADVANCED_FACE('',(#487),#288,.T.);
#3903=ADVANCED_FACE('',(#488),#289,.T.);
#3904=ADVANCED_FACE('',(#489),#290,.T.);
#3905=ADVANCED_FACE('',(#490),#291,.T.);
#3906=ADVANCED_FACE('',(#491),#292,.T.);
#3907=ADVANCED_FACE('',(#492),#293,.F.);
#3908=ADVANCED_FACE('',(#493),#3709,.T.);
#3909=ADVANCED_FACE('',(#494,#185),#294,.T.);
#3910=ADVANCED_FACE('',(#495),#13,.F.);
#3911=ADVANCED_FACE('',(#496),#3710,.T.);
#3912=ADVANCED_FACE('',(#497),#137,.T.);
#3913=ADVANCED_FACE('',(#498),#295,.T.);
#3914=ADVANCED_FACE('',(#499),#3711,.T.);
#3915=ADVANCED_FACE('',(#500,#186),#296,.T.);
#3916=CLOSED_SHELL('',(#3712,#3713,#3714,#3715,#3716,#3717,#3718,#3719,
#3720,#3721,#3722,#3723,#3724,#3725,#3726,#3727,#3728));
#3917=CLOSED_SHELL('',(#3729,#3730,#3731,#3732));
#3918=CLOSED_SHELL('',(#3733,#3734,#3735,#3736));
#3919=CLOSED_SHELL('',(#3737,#3738,#3739,#3740,#3741,#3742));
#3920=CLOSED_SHELL('',(#3743,#3744,#3745,#3746));
#3921=CLOSED_SHELL('',(#3747,#3748,#3749,#3750));
#3922=CLOSED_SHELL('',(#3751,#3752,#3753,#3754,#3755,#3756,#3757,#3758,
#3759,#3760,#3761,#3762,#3763,#3764,#3765,#3766,#3767,#3768,#3769,#3770,
#3771,#3772,#3773,#3774,#3775,#3776,#3777,#3778,#3779,#3780,#3781,#3782,
#3783,#3784,#3785,#3786,#3787,#3788,#3789,#3790,#3791,#3792,#3793,#3794,
#3795,#3796,#3797,#3798,#3799,#3800,#3801,#3802,#3803,#3804,#3805,#3806,
#3807,#3808,#3809,#3810,#3811,#3812,#3813,#3814,#3815,#3816,#3817,#3818,
#3819));
#3923=CLOSED_SHELL('',(#3820,#3821,#3822,#3823,#3824,#3825,#3826,#3827,
#3828,#3829,#3830,#3831,#3832,#3833,#3834,#3835,#3836,#3837,#3838,#3839,
#3840,#3841,#3842,#3843,#3844,#3845,#3846));
#3924=CLOSED_SHELL('',(#3847,#3848,#3849,#3850,#3851,#3852,#3853,#3854,
#3855,#3856,#3857,#3858,#3859,#3860,#3861,#3862,#3863,#3864,#3865,#3866,
#3867,#3868,#3869,#3870,#3871,#3872,#3873,#3874,#3875,#3876,#3877,#3878,
#3879,#3880,#3881));
#3925=CLOSED_SHELL('',(#3882,#3883,#3884,#3885,#3886,#3887,#3888,#3889,
#3890,#3891,#3892,#3893,#3894,#3895,#3896,#3897,#3898,#3899,#3900,#3901,
#3902,#3903,#3904,#3905,#3906,#3907,#3908,#3909,#3910,#3911,#3912,#3913));
#3926=DERIVED_UNIT_ELEMENT(#3946,1.);
#3927=DERIVED_UNIT_ELEMENT(#7034,3.);
#3928=DERIVED_UNIT_ELEMENT(#3946,1.);
#3929=DERIVED_UNIT_ELEMENT(#7034,3.);
#3930=DERIVED_UNIT_ELEMENT(#3946,1.);
#3931=DERIVED_UNIT_ELEMENT(#7034,3.);
#3932=DERIVED_UNIT_ELEMENT(#3946,1.);
#3933=DERIVED_UNIT_ELEMENT(#7034,3.);
#3934=DERIVED_UNIT_ELEMENT(#3946,1.);
#3935=DERIVED_UNIT_ELEMENT(#7034,3.);
#3936=DERIVED_UNIT_ELEMENT(#3946,1.);
#3937=DERIVED_UNIT_ELEMENT(#7034,3.);
#3938=DERIVED_UNIT_ELEMENT(#3946,1.);
#3939=DERIVED_UNIT_ELEMENT(#7034,3.);
#3940=DERIVED_UNIT_ELEMENT(#3946,1.);
#3941=DERIVED_UNIT_ELEMENT(#7034,3.);
#3942=DERIVED_UNIT_ELEMENT(#3946,1.);
#3943=DERIVED_UNIT_ELEMENT(#7034,3.);
#3944=DERIVED_UNIT_ELEMENT(#3946,1.);
#3945=DERIVED_UNIT_ELEMENT(#7034,3.);
#3946=(
MASS_UNIT()
NAMED_UNIT(*)
SI_UNIT(.KILO.,.GRAM.)
);
#3947=DERIVED_UNIT((#3926,#3927));
#3948=DERIVED_UNIT((#3928,#3929));
#3949=DERIVED_UNIT((#3930,#3931));
#3950=DERIVED_UNIT((#3932,#3933));
#3951=DERIVED_UNIT((#3934,#3935));
#3952=DERIVED_UNIT((#3936,#3937));
#3953=DERIVED_UNIT((#3938,#3939));
#3954=DERIVED_UNIT((#3940,#3941));
#3955=DERIVED_UNIT((#3942,#3943));
#3956=DERIVED_UNIT((#3944,#3945));
#3957=MEASURE_REPRESENTATION_ITEM('density measure',
POSITIVE_RATIO_MEASURE(7850.),#3947);
#3958=MEASURE_REPRESENTATION_ITEM('density measure',
POSITIVE_RATIO_MEASURE(7850.),#3948);
#3959=MEASURE_REPRESENTATION_ITEM('density measure',
POSITIVE_RATIO_MEASURE(7850.),#3949);
#3960=MEASURE_REPRESENTATION_ITEM('density measure',
POSITIVE_RATIO_MEASURE(7850.),#3950);
#3961=MEASURE_REPRESENTATION_ITEM('density measure',
POSITIVE_RATIO_MEASURE(7850.),#3951);
#3962=MEASURE_REPRESENTATION_ITEM('density measure',
POSITIVE_RATIO_MEASURE(7850.),#3952);
#3963=MEASURE_REPRESENTATION_ITEM('density measure',
POSITIVE_RATIO_MEASURE(7850.),#3953);
#3964=MEASURE_REPRESENTATION_ITEM('density measure',
POSITIVE_RATIO_MEASURE(7850.),#3954);
#3965=MEASURE_REPRESENTATION_ITEM('density measure',
POSITIVE_RATIO_MEASURE(7850.),#3955);
#3966=MEASURE_REPRESENTATION_ITEM('density measure',
POSITIVE_RATIO_MEASURE(7850.),#3956);
#3967=PROPERTY_DEFINITION_REPRESENTATION(#4017,#3987);
#3968=PROPERTY_DEFINITION_REPRESENTATION(#4018,#3988);
#3969=PROPERTY_DEFINITION_REPRESENTATION(#4019,#3989);
#3970=PROPERTY_DEFINITION_REPRESENTATION(#4020,#3990);
#3971=PROPERTY_DEFINITION_REPRESENTATION(#4021,#3991);
#3972=PROPERTY_DEFINITION_REPRESENTATION(#4022,#3992);
#3973=PROPERTY_DEFINITION_REPRESENTATION(#4023,#3993);
#3974=PROPERTY_DEFINITION_REPRESENTATION(#4024,#3994);
#3975=PROPERTY_DEFINITION_REPRESENTATION(#4025,#3995);
#3976=PROPERTY_DEFINITION_REPRESENTATION(#4026,#3996);
#3977=PROPERTY_DEFINITION_REPRESENTATION(#4027,#3997);
#3978=PROPERTY_DEFINITION_REPRESENTATION(#4028,#3998);
#3979=PROPERTY_DEFINITION_REPRESENTATION(#4029,#3999);
#3980=PROPERTY_DEFINITION_REPRESENTATION(#4030,#4000);
#3981=PROPERTY_DEFINITION_REPRESENTATION(#4031,#4001);
#3982=PROPERTY_DEFINITION_REPRESENTATION(#4032,#4002);
#3983=PROPERTY_DEFINITION_REPRESENTATION(#4033,#4003);
#3984=PROPERTY_DEFINITION_REPRESENTATION(#4034,#4004);
#3985=PROPERTY_DEFINITION_REPRESENTATION(#4035,#4005);
#3986=PROPERTY_DEFINITION_REPRESENTATION(#4036,#4006);
#3987=REPRESENTATION('material name',(#4007),#7022);
#3988=REPRESENTATION('density',(#3957),#7022);
#3989=REPRESENTATION('material name',(#4008),#7023);
#3990=REPRESENTATION('density',(#3958),#7023);
#3991=REPRESENTATION('material name',(#4009),#7024);
#3992=REPRESENTATION('density',(#3959),#7024);
#3993=REPRESENTATION('material name',(#4010),#7025);
#3994=REPRESENTATION('density',(#3960),#7025);
#3995=REPRESENTATION('material name',(#4011),#7026);
#3996=REPRESENTATION('density',(#3961),#7026);
#3997=REPRESENTATION('material name',(#4012),#7027);
#3998=REPRESENTATION('density',(#3962),#7027);
#3999=REPRESENTATION('material name',(#4013),#7028);
#4000=REPRESENTATION('density',(#3963),#7028);
#4001=REPRESENTATION('material name',(#4014),#7029);
#4002=REPRESENTATION('density',(#3964),#7029);
#4003=REPRESENTATION('material name',(#4015),#7030);
#4004=REPRESENTATION('density',(#3965),#7030);
#4005=REPRESENTATION('material name',(#4016),#7031);
#4006=REPRESENTATION('density',(#3966),#7031);
#4007=DESCRIPTIVE_REPRESENTATION_ITEM('Stahl','Stahl');
#4008=DESCRIPTIVE_REPRESENTATION_ITEM('Stahl','Stahl');
#4009=DESCRIPTIVE_REPRESENTATION_ITEM('Stahl','Stahl');
#4010=DESCRIPTIVE_REPRESENTATION_ITEM('Stahl','Stahl');
#4011=DESCRIPTIVE_REPRESENTATION_ITEM('Stahl','Stahl');
#4012=DESCRIPTIVE_REPRESENTATION_ITEM('Stahl','Stahl');
#4013=DESCRIPTIVE_REPRESENTATION_ITEM('Stahl','Stahl');
#4014=DESCRIPTIVE_REPRESENTATION_ITEM('Stahl','Stahl');
#4015=DESCRIPTIVE_REPRESENTATION_ITEM('Stahl','Stahl');
#4016=DESCRIPTIVE_REPRESENTATION_ITEM('Stahl','Stahl');
#4017=PROPERTY_DEFINITION('material property','material name',#7094);
#4018=PROPERTY_DEFINITION('material property','density of part',#7094);
#4019=PROPERTY_DEFINITION('material property','material name',#7095);
#4020=PROPERTY_DEFINITION('material property','density of part',#7095);
#4021=PROPERTY_DEFINITION('material property','material name',#7096);
#4022=PROPERTY_DEFINITION('material property','density of part',#7096);
#4023=PROPERTY_DEFINITION('material property','material name',#7097);
#4024=PROPERTY_DEFINITION('material property','density of part',#7097);
#4025=PROPERTY_DEFINITION('material property','material name',#7098);
#4026=PROPERTY_DEFINITION('material property','density of part',#7098);
#4027=PROPERTY_DEFINITION('material property','material name',#7099);
#4028=PROPERTY_DEFINITION('material property','density of part',#7099);
#4029=PROPERTY_DEFINITION('material property','material name',#7100);
#4030=PROPERTY_DEFINITION('material property','density of part',#7100);
#4031=PROPERTY_DEFINITION('material property','material name',#7101);
#4032=PROPERTY_DEFINITION('material property','density of part',#7101);
#4033=PROPERTY_DEFINITION('material property','material name',#7102);
#4034=PROPERTY_DEFINITION('material property','density of part',#7102);
#4035=PROPERTY_DEFINITION('material property','material name',#7103);
#4036=PROPERTY_DEFINITION('material property','density of part',#7103);
#4037=AXIS2_PLACEMENT_3D('placement',#5792,#4525,#4526);
#4038=AXIS2_PLACEMENT_3D('placement',#5793,#4527,#4528);
#4039=AXIS2_PLACEMENT_3D('placement',#5794,#4529,#4530);
#4040=AXIS2_PLACEMENT_3D('',#5795,#4531,#4532);
#4041=AXIS2_PLACEMENT_3D('',#5798,#4533,#4534);
#4042=AXIS2_PLACEMENT_3D('',#5799,#4535,#4536);
#4043=AXIS2_PLACEMENT_3D('',#5803,#4538,#4539);
#4044=AXIS2_PLACEMENT_3D('',#5804,#4540,#4541);
#4045=AXIS2_PLACEMENT_3D('',#5805,#4542,#4543);
#4046=AXIS2_PLACEMENT_3D('',#5808,#4544,#4545);
#4047=AXIS2_PLACEMENT_3D('',#5809,#4546,#4547);
#4048=AXIS2_PLACEMENT_3D('',#5810,#4548,#4549);
#4049=AXIS2_PLACEMENT_3D('',#5813,#4550,#4551);
#4050=AXIS2_PLACEMENT_3D('',#5815,#4553,#4554);
#4051=AXIS2_PLACEMENT_3D('',#5816,#4555,#4556);
#4052=AXIS2_PLACEMENT_3D('',#5818,#4557,#4558);
#4053=AXIS2_PLACEMENT_3D('',#5819,#4559,#4560);
#4054=AXIS2_PLACEMENT_3D('',#5821,#4561,#4562);
#4055=AXIS2_PLACEMENT_3D('',#5823,#4564,#4565);
#4056=AXIS2_PLACEMENT_3D('',#5826,#4566,#4567);
#4057=AXIS2_PLACEMENT_3D('',#5827,#4568,#4569);
#4058=AXIS2_PLACEMENT_3D('',#5828,#4570,#4571);
#4059=AXIS2_PLACEMENT_3D('',#5831,#4572,#4573);
#4060=AXIS2_PLACEMENT_3D('',#5833,#4574,#4575);
#4061=AXIS2_PLACEMENT_3D('',#5835,#4577,#4578);
#4062=AXIS2_PLACEMENT_3D('',#5836,#4579,#4580);
#4063=AXIS2_PLACEMENT_3D('',#5840,#4582,#4583);
#4064=AXIS2_PLACEMENT_3D('',#5841,#4584,#4585);
#4065=AXIS2_PLACEMENT_3D('',#5842,#4586,#4587);
#4066=AXIS2_PLACEMENT_3D('',#5845,#4588,#4589);
#4067=AXIS2_PLACEMENT_3D('',#5846,#4590,#4591);
#4068=AXIS2_PLACEMENT_3D('',#5847,#4592,#4593);
#4069=AXIS2_PLACEMENT_3D('',#5851,#4595,#4596);
#4070=AXIS2_PLACEMENT_3D('',#5852,#4597,#4598);
#4071=AXIS2_PLACEMENT_3D('',#5853,#4599,#4600);
#4072=AXIS2_PLACEMENT_3D('',#5856,#4602,#4603);
#4073=AXIS2_PLACEMENT_3D('',#5859,#4604,#4605);
#4074=AXIS2_PLACEMENT_3D('',#5860,#4606,#4607);
#4075=AXIS2_PLACEMENT_3D('',#5861,#4608,#4609);
#4076=AXIS2_PLACEMENT_3D('',#5865,#4611,#4612);
#4077=AXIS2_PLACEMENT_3D('',#5869,#4614,#4615);
#4078=AXIS2_PLACEMENT_3D('',#5872,#4617,#4618);
#4079=AXIS2_PLACEMENT_3D('',#5873,#4619,#4620);
#4080=AXIS2_PLACEMENT_3D('',#5881,#4621,#4622);
#4081=AXIS2_PLACEMENT_3D('',#5889,#4623,#4624);
#4082=AXIS2_PLACEMENT_3D('',#5892,#4627,#4628);
#4083=AXIS2_PLACEMENT_3D('',#5893,#4629,#4630);
#4084=AXIS2_PLACEMENT_3D('placement',#5894,#4631,#4632);
#4085=AXIS2_PLACEMENT_3D('',#5895,#4633,#4634);
#4086=AXIS2_PLACEMENT_3D('',#5898,#4635,#4636);
#4087=AXIS2_PLACEMENT_3D('',#5899,#4637,#4638);
#4088=AXIS2_PLACEMENT_3D('',#5902,#4639,#4640);
#4089=AXIS2_PLACEMENT_3D('',#5903,#4641,#4642);
#4090=AXIS2_PLACEMENT_3D('',#5904,#4643,#4644);
#4091=AXIS2_PLACEMENT_3D('',#5907,#4645,#4646);
#4092=AXIS2_PLACEMENT_3D('',#5908,#4647,#4648);
#4093=AXIS2_PLACEMENT_3D('',#5910,#4650,#4651);
#4094=AXIS2_PLACEMENT_3D('',#5913,#4652,#4653);
#4095=AXIS2_PLACEMENT_3D('',#5914,#4654,#4655);
#4096=AXIS2_PLACEMENT_3D('',#5915,#4656,#4657);
#4097=AXIS2_PLACEMENT_3D('placement',#5917,#4659,#4660);
#4098=AXIS2_PLACEMENT_3D('',#5918,#4661,#4662);
#4099=AXIS2_PLACEMENT_3D('',#5921,#4663,#4664);
#4100=AXIS2_PLACEMENT_3D('',#5922,#4665,#4666);
#4101=AXIS2_PLACEMENT_3D('',#5925,#4667,#4668);
#4102=AXIS2_PLACEMENT_3D('',#5926,#4669,#4670);
#4103=AXIS2_PLACEMENT_3D('',#5927,#4671,#4672);
#4104=AXIS2_PLACEMENT_3D('',#5930,#4673,#4674);
#4105=AXIS2_PLACEMENT_3D('',#5931,#4675,#4676);
#4106=AXIS2_PLACEMENT_3D('',#5933,#4678,#4679);
#4107=AXIS2_PLACEMENT_3D('',#5936,#4680,#4681);
#4108=AXIS2_PLACEMENT_3D('',#5937,#4682,#4683);
#4109=AXIS2_PLACEMENT_3D('',#5938,#4684,#4685);
#4110=AXIS2_PLACEMENT_3D('placement',#5940,#4687,#4688);
#4111=AXIS2_PLACEMENT_3D('',#5941,#4689,#4690);
#4112=AXIS2_PLACEMENT_3D('',#5944,#4691,#4692);
#4113=AXIS2_PLACEMENT_3D('',#5945,#4693,#4694);
#4114=AXIS2_PLACEMENT_3D('',#5947,#4695,#4696);
#4115=AXIS2_PLACEMENT_3D('',#5948,#4697,#4698);
#4116=AXIS2_PLACEMENT_3D('',#5951,#4699,#4700);
#4117=AXIS2_PLACEMENT_3D('',#5952,#4701,#4702);
#4118=AXIS2_PLACEMENT_3D('',#5954,#4704,#4705);
#4119=AXIS2_PLACEMENT_3D('',#5957,#4706,#4707);
#4120=AXIS2_PLACEMENT_3D('',#5958,#4708,#4709);
#4121=AXIS2_PLACEMENT_3D('',#5959,#4710,#4711);
#4122=AXIS2_PLACEMENT_3D('',#5962,#4712,#4713);
#4123=AXIS2_PLACEMENT_3D('',#5963,#4714,#4715);
#4124=AXIS2_PLACEMENT_3D('',#5965,#4717,#4718);
#4125=AXIS2_PLACEMENT_3D('',#5967,#4719,#4720);
#4126=AXIS2_PLACEMENT_3D('',#5968,#4721,#4722);
#4127=AXIS2_PLACEMENT_3D('placement',#5970,#4724,#4725);
#4128=AXIS2_PLACEMENT_3D('',#5971,#4726,#4727);
#4129=AXIS2_PLACEMENT_3D('',#5974,#4728,#4729);
#4130=AXIS2_PLACEMENT_3D('',#5975,#4730,#4731);
#4131=AXIS2_PLACEMENT_3D('',#5978,#4732,#4733);
#4132=AXIS2_PLACEMENT_3D('',#5979,#4734,#4735);
#4133=AXIS2_PLACEMENT_3D('',#5980,#4736,#4737);
#4134=AXIS2_PLACEMENT_3D('',#5983,#4738,#4739);
#4135=AXIS2_PLACEMENT_3D('',#5984,#4740,#4741);
#4136=AXIS2_PLACEMENT_3D('',#5986,#4743,#4744);
#4137=AXIS2_PLACEMENT_3D('',#5989,#4745,#4746);
#4138=AXIS2_PLACEMENT_3D('',#5990,#4747,#4748);
#4139=AXIS2_PLACEMENT_3D('',#5991,#4749,#4750);
#4140=AXIS2_PLACEMENT_3D('placement',#5993,#4752,#4753);
#4141=AXIS2_PLACEMENT_3D('',#5994,#4754,#4755);
#4142=AXIS2_PLACEMENT_3D('',#5997,#4756,#4757);
#4143=AXIS2_PLACEMENT_3D('',#5998,#4758,#4759);
#4144=AXIS2_PLACEMENT_3D('',#6001,#4760,#4761);
#4145=AXIS2_PLACEMENT_3D('',#6002,#4762,#4763);
#4146=AXIS2_PLACEMENT_3D('',#6003,#4764,#4765);
#4147=AXIS2_PLACEMENT_3D('',#6007,#4767,#4768);
#4148=AXIS2_PLACEMENT_3D('',#6008,#4769,#4770);
#4149=AXIS2_PLACEMENT_3D('',#6009,#4771,#4772);
#4150=AXIS2_PLACEMENT_3D('',#6012,#4773,#4774);
#4151=AXIS2_PLACEMENT_3D('',#6013,#4775,#4776);
#4152=AXIS2_PLACEMENT_3D('',#6014,#4777,#4778);
#4153=AXIS2_PLACEMENT_3D('',#6016,#4780,#4781);
#4154=AXIS2_PLACEMENT_3D('',#6017,#4782,#4783);
#4155=AXIS2_PLACEMENT_3D('',#6018,#4784,#4785);
#4156=AXIS2_PLACEMENT_3D('',#6019,#4786,#4787);
#4157=AXIS2_PLACEMENT_3D('',#6020,#4788,#4789);
#4158=AXIS2_PLACEMENT_3D('',#6021,#4790,#4791);
#4159=AXIS2_PLACEMENT_3D('',#6022,#4792,#4793);
#4160=AXIS2_PLACEMENT_3D('',#6023,#4794,#4795);
#4161=AXIS2_PLACEMENT_3D('',#6024,#4796,#4797);
#4162=AXIS2_PLACEMENT_3D('',#6025,#4798,#4799);
#4163=AXIS2_PLACEMENT_3D('placement',#6026,#4800,#4801);
#4164=AXIS2_PLACEMENT_3D('',#6027,#4802,#4803);
#4165=AXIS2_PLACEMENT_3D('',#6029,#4804,#4805);
#4166=AXIS2_PLACEMENT_3D('',#6032,#4806,#4807);
#4167=AXIS2_PLACEMENT_3D('',#6033,#4808,#4809);
#4168=AXIS2_PLACEMENT_3D('',#6034,#4810,#4811);
#4169=AXIS2_PLACEMENT_3D('',#6037,#4813,#4814);
#4170=AXIS2_PLACEMENT_3D('',#6038,#4815,#4816);
#4171=AXIS2_PLACEMENT_3D('',#6041,#4817,#4818);
#4172=AXIS2_PLACEMENT_3D('',#6042,#4819,#4820);
#4173=AXIS2_PLACEMENT_3D('',#6043,#4821,#4822);
#4174=AXIS2_PLACEMENT_3D('',#6047,#4824,#4825);
#4175=AXIS2_PLACEMENT_3D('',#6048,#4826,#4827);
#4176=AXIS2_PLACEMENT_3D('',#6049,#4828,#4829);
#4177=AXIS2_PLACEMENT_3D('',#6054,#4831,#4832);
#4178=AXIS2_PLACEMENT_3D('',#6058,#4834,#4835);
#4179=AXIS2_PLACEMENT_3D('',#6062,#4837,#4838);
#4180=AXIS2_PLACEMENT_3D('',#6066,#4840,#4841);
#4181=AXIS2_PLACEMENT_3D('',#6070,#4843,#4844);
#4182=AXIS2_PLACEMENT_3D('',#6074,#4846,#4847);
#4183=AXIS2_PLACEMENT_3D('',#6078,#4849,#4850);
#4184=AXIS2_PLACEMENT_3D('',#6082,#4852,#4853);
#4185=AXIS2_PLACEMENT_3D('',#6086,#4855,#4856);
#4186=AXIS2_PLACEMENT_3D('',#6090,#4858,#4859);
#4187=AXIS2_PLACEMENT_3D('',#6094,#4861,#4862);
#4188=AXIS2_PLACEMENT_3D('',#6097,#4864,#4865);
#4189=AXIS2_PLACEMENT_3D('',#6100,#4866,#4867);
#4190=AXIS2_PLACEMENT_3D('',#6101,#4868,#4869);
#4191=AXIS2_PLACEMENT_3D('',#6104,#4870,#4871);
#4192=AXIS2_PLACEMENT_3D('',#6105,#4872,#4873);
#4193=AXIS2_PLACEMENT_3D('',#6108,#4874,#4875);
#4194=AXIS2_PLACEMENT_3D('',#6109,#4876,#4877);
#4195=AXIS2_PLACEMENT_3D('',#6112,#4878,#4879);
#4196=AXIS2_PLACEMENT_3D('',#6113,#4880,#4881);
#4197=AXIS2_PLACEMENT_3D('',#6114,#4882,#4883);
#4198=AXIS2_PLACEMENT_3D('',#6120,#4887,#4888);
#4199=AXIS2_PLACEMENT_3D('',#6122,#4889,#4890);
#4200=AXIS2_PLACEMENT_3D('',#6124,#4892,#4893);
#4201=AXIS2_PLACEMENT_3D('',#6127,#4894,#4895);
#4202=AXIS2_PLACEMENT_3D('',#6131,#4897,#4898);
#4203=AXIS2_PLACEMENT_3D('',#6135,#4900,#4901);
#4204=AXIS2_PLACEMENT_3D('',#6139,#4903,#4904);
#4205=AXIS2_PLACEMENT_3D('',#6142,#4906,#4907);
#4206=AXIS2_PLACEMENT_3D('',#6143,#4908,#4909);
#4207=AXIS2_PLACEMENT_3D('',#6147,#4911,#4912);
#4208=AXIS2_PLACEMENT_3D('',#6151,#4914,#4915);
#4209=AXIS2_PLACEMENT_3D('',#6154,#4917,#4918);
#4210=AXIS2_PLACEMENT_3D('',#6156,#4919,#4920);
#4211=AXIS2_PLACEMENT_3D('',#6157,#4921,#4922);
#4212=AXIS2_PLACEMENT_3D('',#6160,#4923,#4924);
#4213=AXIS2_PLACEMENT_3D('',#6164,#4926,#4927);
#4214=AXIS2_PLACEMENT_3D('',#6168,#4929,#4930);
#4215=AXIS2_PLACEMENT_3D('',#6172,#4932,#4933);
#4216=AXIS2_PLACEMENT_3D('',#6175,#4935,#4936);
#4217=AXIS2_PLACEMENT_3D('',#6176,#4937,#4938);
#4218=AXIS2_PLACEMENT_3D('',#6179,#4939,#4940);
#4219=AXIS2_PLACEMENT_3D('',#6183,#4942,#4943);
#4220=AXIS2_PLACEMENT_3D('',#6187,#4945,#4946);
#4221=AXIS2_PLACEMENT_3D('',#6191,#4948,#4949);
#4222=AXIS2_PLACEMENT_3D('',#6194,#4951,#4952);
#4223=AXIS2_PLACEMENT_3D('',#6195,#4953,#4954);
#4224=AXIS2_PLACEMENT_3D('',#6198,#4957,#4958);
#4225=AXIS2_PLACEMENT_3D('',#6200,#4960,#4961);
#4226=AXIS2_PLACEMENT_3D('',#6202,#4963,#4964);
#4227=AXIS2_PLACEMENT_3D('',#6217,#4973,#4974);
#4228=AXIS2_PLACEMENT_3D('',#6221,#4976,#4977);
#4229=AXIS2_PLACEMENT_3D('',#6225,#4979,#4980);
#4230=AXIS2_PLACEMENT_3D('',#6226,#4981,#4982);
#4231=AXIS2_PLACEMENT_3D('',#6227,#4983,#4984);
#4232=AXIS2_PLACEMENT_3D('',#6231,#4987,#4988);
#4233=AXIS2_PLACEMENT_3D('',#6233,#4989,#4990);
#4234=AXIS2_PLACEMENT_3D('',#6236,#4992,#4993);
#4235=AXIS2_PLACEMENT_3D('',#6242,#4996,#4997);
#4236=AXIS2_PLACEMENT_3D('',#6248,#5000,#5001);
#4237=AXIS2_PLACEMENT_3D('',#6254,#5004,#5005);
#4238=AXIS2_PLACEMENT_3D('',#6260,#5008,#5009);
#4239=AXIS2_PLACEMENT_3D('',#6266,#5012,#5013);
#4240=AXIS2_PLACEMENT_3D('',#6271,#5016,#5017);
#4241=AXIS2_PLACEMENT_3D('',#6273,#5018,#5019);
#4242=AXIS2_PLACEMENT_3D('',#6275,#5020,#5021);
#4243=AXIS2_PLACEMENT_3D('',#6277,#5022,#5023);
#4244=AXIS2_PLACEMENT_3D('',#6279,#5024,#5025);
#4245=AXIS2_PLACEMENT_3D('',#6282,#5026,#5027);
#4246=AXIS2_PLACEMENT_3D('',#6283,#5028,#5029);
#4247=AXIS2_PLACEMENT_3D('',#6284,#5030,#5031);
#4248=AXIS2_PLACEMENT_3D('',#6287,#5032,#5033);
#4249=AXIS2_PLACEMENT_3D('',#6288,#5034,#5035);
#4250=AXIS2_PLACEMENT_3D('',#6290,#5037,#5038);
#4251=AXIS2_PLACEMENT_3D('',#6292,#5039,#5040);
#4252=AXIS2_PLACEMENT_3D('',#6293,#5041,#5042);
#4253=AXIS2_PLACEMENT_3D('',#6296,#5044,#5045);
#4254=AXIS2_PLACEMENT_3D('',#6297,#5046,#5047);
#4255=AXIS2_PLACEMENT_3D('',#6300,#5048,#5049);
#4256=AXIS2_PLACEMENT_3D('',#6301,#5050,#5051);
#4257=AXIS2_PLACEMENT_3D('',#6302,#5052,#5053);
#4258=AXIS2_PLACEMENT_3D('',#6306,#5055,#5056);
#4259=AXIS2_PLACEMENT_3D('',#6307,#5057,#5058);
#4260=AXIS2_PLACEMENT_3D('',#6308,#5059,#5060);
#4261=AXIS2_PLACEMENT_3D('',#6311,#5061,#5062);
#4262=AXIS2_PLACEMENT_3D('',#6312,#5063,#5064);
#4263=AXIS2_PLACEMENT_3D('',#6313,#5065,#5066);
#4264=AXIS2_PLACEMENT_3D('',#6315,#5068,#5069);
#4265=AXIS2_PLACEMENT_3D('',#6317,#5071,#5072);
#4266=AXIS2_PLACEMENT_3D('',#6319,#5074,#5075);
#4267=AXIS2_PLACEMENT_3D('',#6321,#5077,#5078);
#4268=AXIS2_PLACEMENT_3D('',#6323,#5080,#5081);
#4269=AXIS2_PLACEMENT_3D('',#6325,#5083,#5084);
#4270=AXIS2_PLACEMENT_3D('',#6334,#5091,#5092);
#4271=AXIS2_PLACEMENT_3D('',#6338,#5094,#5095);
#4272=AXIS2_PLACEMENT_3D('',#6342,#5097,#5098);
#4273=AXIS2_PLACEMENT_3D('',#6343,#5099,#5100);
#4274=AXIS2_PLACEMENT_3D('',#6344,#5101,#5102);
#4275=AXIS2_PLACEMENT_3D('',#6346,#5104,#5105);
#4276=AXIS2_PLACEMENT_3D('',#6348,#5107,#5108);
#4277=AXIS2_PLACEMENT_3D('',#6349,#5109,#5110);
#4278=AXIS2_PLACEMENT_3D('',#6351,#5112,#5113);
#4279=AXIS2_PLACEMENT_3D('',#6353,#5115,#5116);
#4280=AXIS2_PLACEMENT_3D('',#6354,#5117,#5118);
#4281=AXIS2_PLACEMENT_3D('',#6356,#5120,#5121);
#4282=AXIS2_PLACEMENT_3D('',#6358,#5123,#5124);
#4283=AXIS2_PLACEMENT_3D('',#6360,#5126,#5127);
#4284=AXIS2_PLACEMENT_3D('',#6362,#5129,#5130);
#4285=AXIS2_PLACEMENT_3D('',#6364,#5132,#5133);
#4286=AXIS2_PLACEMENT_3D('',#6373,#5140,#5141);
#4287=AXIS2_PLACEMENT_3D('',#6377,#5143,#5144);
#4288=AXIS2_PLACEMENT_3D('',#6381,#5146,#5147);
#4289=AXIS2_PLACEMENT_3D('',#6382,#5148,#5149);
#4290=AXIS2_PLACEMENT_3D('',#6383,#5150,#5151);
#4291=AXIS2_PLACEMENT_3D('',#6385,#5153,#5154);
#4292=AXIS2_PLACEMENT_3D('',#6387,#5156,#5157);
#4293=AXIS2_PLACEMENT_3D('',#6388,#5158,#5159);
#4294=AXIS2_PLACEMENT_3D('',#6390,#5161,#5162);
#4295=AXIS2_PLACEMENT_3D('',#6391,#5163,#5164);
#4296=AXIS2_PLACEMENT_3D('',#6393,#5166,#5167);
#4297=AXIS2_PLACEMENT_3D('',#6395,#5169,#5170);
#4298=AXIS2_PLACEMENT_3D('',#6397,#5172,#5173);
#4299=AXIS2_PLACEMENT_3D('',#6399,#5175,#5176);
#4300=AXIS2_PLACEMENT_3D('',#6401,#5178,#5179);
#4301=AXIS2_PLACEMENT_3D('',#6410,#5186,#5187);
#4302=AXIS2_PLACEMENT_3D('',#6414,#5189,#5190);
#4303=AXIS2_PLACEMENT_3D('',#6418,#5192,#5193);
#4304=AXIS2_PLACEMENT_3D('',#6419,#5194,#5195);
#4305=AXIS2_PLACEMENT_3D('',#6420,#5196,#5197);
#4306=AXIS2_PLACEMENT_3D('',#6422,#5199,#5200);
#4307=AXIS2_PLACEMENT_3D('',#6424,#5202,#5203);
#4308=AXIS2_PLACEMENT_3D('',#6425,#5204,#5205);
#4309=AXIS2_PLACEMENT_3D('',#6427,#5207,#5208);
#4310=AXIS2_PLACEMENT_3D('',#6428,#5209,#5210);
#4311=AXIS2_PLACEMENT_3D('',#6430,#5212,#5213);
#4312=AXIS2_PLACEMENT_3D('',#6431,#5214,#5215);
#4313=AXIS2_PLACEMENT_3D('',#6432,#5216,#5217);
#4314=AXIS2_PLACEMENT_3D('',#6434,#5219,#5220);
#4315=AXIS2_PLACEMENT_3D('',#6435,#5221,#5222);
#4316=AXIS2_PLACEMENT_3D('',#6437,#5224,#5225);
#4317=AXIS2_PLACEMENT_3D('placement',#6438,#5226,#5227);
#4318=AXIS2_PLACEMENT_3D('',#6439,#5228,#5229);
#4319=AXIS2_PLACEMENT_3D('',#6442,#5230,#5231);
#4320=AXIS2_PLACEMENT_3D('',#6446,#5233,#5234);
#4321=AXIS2_PLACEMENT_3D('',#6450,#5236,#5237);
#4322=AXIS2_PLACEMENT_3D('',#6454,#5239,#5240);
#4323=AXIS2_PLACEMENT_3D('',#6458,#5242,#5243);
#4324=AXIS2_PLACEMENT_3D('',#6462,#5245,#5246);
#4325=AXIS2_PLACEMENT_3D('',#6466,#5248,#5249);
#4326=AXIS2_PLACEMENT_3D('',#6470,#5251,#5252);
#4327=AXIS2_PLACEMENT_3D('',#6474,#5254,#5255);
#4328=AXIS2_PLACEMENT_3D('',#6478,#5257,#5258);
#4329=AXIS2_PLACEMENT_3D('',#6482,#5260,#5261);
#4330=AXIS2_PLACEMENT_3D('',#6486,#5263,#5264);
#4331=AXIS2_PLACEMENT_3D('',#6489,#5266,#5267);
#4332=AXIS2_PLACEMENT_3D('',#6490,#5268,#5269);
#4333=AXIS2_PLACEMENT_3D('',#6493,#5270,#5271);
#4334=AXIS2_PLACEMENT_3D('',#6496,#5274,#5275);
#4335=AXIS2_PLACEMENT_3D('',#6500,#5277,#5278);
#4336=AXIS2_PLACEMENT_3D('',#6504,#5280,#5281);
#4337=AXIS2_PLACEMENT_3D('',#6508,#5283,#5284);
#4338=AXIS2_PLACEMENT_3D('',#6512,#5286,#5287);
#4339=AXIS2_PLACEMENT_3D('',#6516,#5289,#5290);
#4340=AXIS2_PLACEMENT_3D('',#6520,#5292,#5293);
#4341=AXIS2_PLACEMENT_3D('',#6524,#5295,#5296);
#4342=AXIS2_PLACEMENT_3D('',#6528,#5298,#5299);
#4343=AXIS2_PLACEMENT_3D('',#6532,#5301,#5302);
#4344=AXIS2_PLACEMENT_3D('',#6536,#5304,#5305);
#4345=AXIS2_PLACEMENT_3D('',#6540,#5307,#5308);
#4346=AXIS2_PLACEMENT_3D('',#6543,#5310,#5311);
#4347=AXIS2_PLACEMENT_3D('',#6544,#5312,#5313);
#4348=AXIS2_PLACEMENT_3D('',#6546,#5315,#5316);
#4349=AXIS2_PLACEMENT_3D('',#6548,#5318,#5319);
#4350=AXIS2_PLACEMENT_3D('',#6550,#5321,#5322);
#4351=AXIS2_PLACEMENT_3D('',#6552,#5324,#5325);
#4352=AXIS2_PLACEMENT_3D('',#6554,#5327,#5328);
#4353=AXIS2_PLACEMENT_3D('',#6556,#5330,#5331);
#4354=AXIS2_PLACEMENT_3D('',#6558,#5333,#5334);
#4355=AXIS2_PLACEMENT_3D('',#6560,#5336,#5337);
#4356=AXIS2_PLACEMENT_3D('',#6562,#5339,#5340);
#4357=AXIS2_PLACEMENT_3D('',#6564,#5342,#5343);
#4358=AXIS2_PLACEMENT_3D('',#6566,#5345,#5346);
#4359=AXIS2_PLACEMENT_3D('',#6568,#5348,#5349);
#4360=AXIS2_PLACEMENT_3D('',#6570,#5351,#5352);
#4361=AXIS2_PLACEMENT_3D('',#6572,#5354,#5355);
#4362=AXIS2_PLACEMENT_3D('',#6574,#5357,#5358);
#4363=AXIS2_PLACEMENT_3D('',#6576,#5360,#5361);
#4364=AXIS2_PLACEMENT_3D('',#6578,#5363,#5364);
#4365=AXIS2_PLACEMENT_3D('',#6580,#5366,#5367);
#4366=AXIS2_PLACEMENT_3D('',#6582,#5369,#5370);
#4367=AXIS2_PLACEMENT_3D('',#6584,#5372,#5373);
#4368=AXIS2_PLACEMENT_3D('',#6586,#5375,#5376);
#4369=AXIS2_PLACEMENT_3D('',#6588,#5378,#5379);
#4370=AXIS2_PLACEMENT_3D('',#6589,#5380,#5381);
#4371=AXIS2_PLACEMENT_3D('placement',#6591,#5383,#5384);
#4372=AXIS2_PLACEMENT_3D('',#6592,#5385,#5386);
#4373=AXIS2_PLACEMENT_3D('',#6595,#5387,#5388);
#4374=AXIS2_PLACEMENT_3D('',#6599,#5390,#5391);
#4375=AXIS2_PLACEMENT_3D('',#6603,#5393,#5394);
#4376=AXIS2_PLACEMENT_3D('',#6607,#5396,#5397);
#4377=AXIS2_PLACEMENT_3D('',#6611,#5399,#5400);
#4378=AXIS2_PLACEMENT_3D('',#6615,#5402,#5403);
#4379=AXIS2_PLACEMENT_3D('',#6619,#5405,#5406);
#4380=AXIS2_PLACEMENT_3D('',#6623,#5408,#5409);
#4381=AXIS2_PLACEMENT_3D('',#6627,#5411,#5412);
#4382=AXIS2_PLACEMENT_3D('',#6631,#5414,#5415);
#4383=AXIS2_PLACEMENT_3D('',#6635,#5417,#5418);
#4384=AXIS2_PLACEMENT_3D('',#6639,#5420,#5421);
#4385=AXIS2_PLACEMENT_3D('',#6642,#5423,#5424);
#4386=AXIS2_PLACEMENT_3D('',#6643,#5425,#5426);
#4387=AXIS2_PLACEMENT_3D('',#6646,#5428,#5429);
#4388=AXIS2_PLACEMENT_3D('',#6647,#5430,#5431);
#4389=AXIS2_PLACEMENT_3D('',#6650,#5432,#5433);
#4390=AXIS2_PLACEMENT_3D('',#6651,#5434,#5435);
#4391=AXIS2_PLACEMENT_3D('',#6652,#5436,#5437);
#4392=AXIS2_PLACEMENT_3D('',#6656,#5439,#5440);
#4393=AXIS2_PLACEMENT_3D('',#6657,#5441,#5442);
#4394=AXIS2_PLACEMENT_3D('',#6658,#5443,#5444);
#4395=AXIS2_PLACEMENT_3D('',#6661,#5445,#5446);
#4396=AXIS2_PLACEMENT_3D('',#6662,#5447,#5448);
#4397=AXIS2_PLACEMENT_3D('',#6663,#5449,#5450);
#4398=AXIS2_PLACEMENT_3D('',#6667,#5452,#5453);
#4399=AXIS2_PLACEMENT_3D('',#6668,#5454,#5455);
#4400=AXIS2_PLACEMENT_3D('',#6669,#5456,#5457);
#4401=AXIS2_PLACEMENT_3D('',#6671,#5458,#5459);
#4402=AXIS2_PLACEMENT_3D('',#6672,#5460,#5461);
#4403=AXIS2_PLACEMENT_3D('',#6675,#5463,#5464);
#4404=AXIS2_PLACEMENT_3D('',#6676,#5465,#5466);
#4405=AXIS2_PLACEMENT_3D('',#6679,#5467,#5468);
#4406=AXIS2_PLACEMENT_3D('',#6680,#5469,#5470);
#4407=AXIS2_PLACEMENT_3D('',#6681,#5471,#5472);
#4408=AXIS2_PLACEMENT_3D('',#6685,#5474,#5475);
#4409=AXIS2_PLACEMENT_3D('',#6686,#5476,#5477);
#4410=AXIS2_PLACEMENT_3D('',#6687,#5478,#5479);
#4411=AXIS2_PLACEMENT_3D('',#6690,#5480,#5481);
#4412=AXIS2_PLACEMENT_3D('',#6694,#5483,#5484);
#4413=AXIS2_PLACEMENT_3D('',#6698,#5486,#5487);
#4414=AXIS2_PLACEMENT_3D('',#6702,#5489,#5490);
#4415=AXIS2_PLACEMENT_3D('',#6706,#5492,#5493);
#4416=AXIS2_PLACEMENT_3D('',#6710,#5495,#5496);
#4417=AXIS2_PLACEMENT_3D('',#6714,#5498,#5499);
#4418=AXIS2_PLACEMENT_3D('',#6718,#5501,#5502);
#4419=AXIS2_PLACEMENT_3D('',#6722,#5504,#5505);
#4420=AXIS2_PLACEMENT_3D('',#6726,#5507,#5508);
#4421=AXIS2_PLACEMENT_3D('',#6730,#5510,#5511);
#4422=AXIS2_PLACEMENT_3D('',#6734,#5513,#5514);
#4423=AXIS2_PLACEMENT_3D('',#6736,#5516,#5517);
#4424=AXIS2_PLACEMENT_3D('',#6739,#5520,#5521);
#4425=AXIS2_PLACEMENT_3D('',#6741,#5523,#5524);
#4426=AXIS2_PLACEMENT_3D('',#6743,#5526,#5527);
#4427=AXIS2_PLACEMENT_3D('',#6745,#5529,#5530);
#4428=AXIS2_PLACEMENT_3D('',#6747,#5532,#5533);
#4429=AXIS2_PLACEMENT_3D('',#6749,#5535,#5536);
#4430=AXIS2_PLACEMENT_3D('',#6751,#5538,#5539);
#4431=AXIS2_PLACEMENT_3D('',#6753,#5541,#5542);
#4432=AXIS2_PLACEMENT_3D('',#6755,#5544,#5545);
#4433=AXIS2_PLACEMENT_3D('',#6757,#5547,#5548);
#4434=AXIS2_PLACEMENT_3D('',#6759,#5550,#5551);
#4435=AXIS2_PLACEMENT_3D('',#6761,#5553,#5554);
#4436=AXIS2_PLACEMENT_3D('',#6763,#5556,#5557);
#4437=AXIS2_PLACEMENT_3D('',#6765,#5559,#5560);
#4438=AXIS2_PLACEMENT_3D('',#6767,#5562,#5563);
#4439=AXIS2_PLACEMENT_3D('',#6769,#5565,#5566);
#4440=AXIS2_PLACEMENT_3D('',#6771,#5568,#5569);
#4441=AXIS2_PLACEMENT_3D('',#6773,#5571,#5572);
#4442=AXIS2_PLACEMENT_3D('',#6775,#5574,#5575);
#4443=AXIS2_PLACEMENT_3D('',#6777,#5577,#5578);
#4444=AXIS2_PLACEMENT_3D('',#6779,#5580,#5581);
#4445=AXIS2_PLACEMENT_3D('',#6781,#5583,#5584);
#4446=AXIS2_PLACEMENT_3D('',#6783,#5586,#5587);
#4447=AXIS2_PLACEMENT_3D('placement',#6784,#5588,#5589);
#4448=AXIS2_PLACEMENT_3D('',#6785,#5590,#5591);
#4449=AXIS2_PLACEMENT_3D('',#6787,#5592,#5593);
#4450=AXIS2_PLACEMENT_3D('',#6789,#5594,#5595);
#4451=AXIS2_PLACEMENT_3D('',#6791,#5596,#5597);
#4452=AXIS2_PLACEMENT_3D('',#6793,#5598,#5599);
#4453=AXIS2_PLACEMENT_3D('',#6806,#5600,#5601);
#4454=AXIS2_PLACEMENT_3D('',#6808,#5602,#5603);
#4455=AXIS2_PLACEMENT_3D('',#6810,#5604,#5605);
#4456=AXIS2_PLACEMENT_3D('',#6823,#5606,#5607);
#4457=AXIS2_PLACEMENT_3D('',#6825,#5608,#5609);
#4458=AXIS2_PLACEMENT_3D('',#6827,#5610,#5611);
#4459=AXIS2_PLACEMENT_3D('',#6840,#5612,#5613);
#4460=AXIS2_PLACEMENT_3D('',#6842,#5614,#5615);
#4461=AXIS2_PLACEMENT_3D('',#6844,#5616,#5617);
#4462=AXIS2_PLACEMENT_3D('',#6857,#5618,#5619);
#4463=AXIS2_PLACEMENT_3D('',#6858,#5620,#5621);
#4464=AXIS2_PLACEMENT_3D('',#6859,#5622,#5623);
#4465=AXIS2_PLACEMENT_3D('',#6865,#5626,#5627);
#4466=AXIS2_PLACEMENT_3D('',#6869,#5630,#5631);
#4467=AXIS2_PLACEMENT_3D('',#6871,#5633,#5634);
#4468=AXIS2_PLACEMENT_3D('',#6879,#5639,#5640);
#4469=AXIS2_PLACEMENT_3D('',#6884,#5643,#5644);
#4470=AXIS2_PLACEMENT_3D('',#6888,#5647,#5648);
#4471=AXIS2_PLACEMENT_3D('',#6890,#5650,#5651);
#4472=AXIS2_PLACEMENT_3D('',#6898,#5656,#5657);
#4473=AXIS2_PLACEMENT_3D('',#6900,#5659,#5660);
#4474=AXIS2_PLACEMENT_3D('',#6904,#5662,#5663);
#4475=AXIS2_PLACEMENT_3D('',#6908,#5666,#5667);
#4476=AXIS2_PLACEMENT_3D('',#6910,#5669,#5670);
#4477=AXIS2_PLACEMENT_3D('',#6918,#5675,#5676);
#4478=AXIS2_PLACEMENT_3D('',#6920,#5678,#5679);
#4479=AXIS2_PLACEMENT_3D('',#6924,#5681,#5682);
#4480=AXIS2_PLACEMENT_3D('',#6928,#5685,#5686);
#4481=AXIS2_PLACEMENT_3D('',#6930,#5688,#5689);
#4482=AXIS2_PLACEMENT_3D('',#6937,#5694,#5695);
#4483=AXIS2_PLACEMENT_3D('',#6938,#5696,#5697);
#4484=AXIS2_PLACEMENT_3D('',#6940,#5699,#5700);
#4485=AXIS2_PLACEMENT_3D('',#6948,#5708,#5709);
#4486=AXIS2_PLACEMENT_3D('',#6949,#5710,#5711);
#4487=AXIS2_PLACEMENT_3D('',#6950,#5712,#5713);
#4488=AXIS2_PLACEMENT_3D('',#6951,#5714,#5715);
#4489=AXIS2_PLACEMENT_3D('',#6952,#5716,#5717);
#4490=AXIS2_PLACEMENT_3D('',#6953,#5718,#5719);
#4491=AXIS2_PLACEMENT_3D('',#6954,#5720,#5721);
#4492=AXIS2_PLACEMENT_3D('',#6955,#5722,#5723);
#4493=AXIS2_PLACEMENT_3D('',#6956,#5724,#5725);
#4494=AXIS2_PLACEMENT_3D('',#6959,#5726,#5727);
#4495=AXIS2_PLACEMENT_3D('',#6961,#5729,#5730);
#4496=AXIS2_PLACEMENT_3D('',#6962,#5731,#5732);
#4497=AXIS2_PLACEMENT_3D('',#6965,#5733,#5734);
#4498=AXIS2_PLACEMENT_3D('',#6966,#5735,#5736);
#4499=AXIS2_PLACEMENT_3D('',#6967,#5737,#5738);
#4500=AXIS2_PLACEMENT_3D('',#6970,#5739,#5740);
#4501=AXIS2_PLACEMENT_3D('',#6971,#5741,#5742);
#4502=AXIS2_PLACEMENT_3D('',#6972,#5743,#5744);
#4503=AXIS2_PLACEMENT_3D('',#6973,#5745,#5746);
#4504=AXIS2_PLACEMENT_3D('',#6976,#5747,#5748);
#4505=AXIS2_PLACEMENT_3D('',#6977,#5749,#5750);
#4506=AXIS2_PLACEMENT_3D('',#6979,#5752,#5753);
#4507=AXIS2_PLACEMENT_3D('',#6983,#5755,#5756);
#4508=AXIS2_PLACEMENT_3D('',#6984,#5757,#5758);
#4509=AXIS2_PLACEMENT_3D('',#6985,#5759,#5760);
#4510=AXIS2_PLACEMENT_3D('',#6986,#5761,#5762);
#4511=AXIS2_PLACEMENT_3D('',#6989,#5763,#5764);
#4512=AXIS2_PLACEMENT_3D('',#6990,#5765,#5766);
#4513=AXIS2_PLACEMENT_3D('',#6994,#5768,#5769);
#4514=AXIS2_PLACEMENT_3D('',#6995,#5770,#5771);
#4515=AXIS2_PLACEMENT_3D('',#6996,#5772,#5773);
#4516=AXIS2_PLACEMENT_3D('',#6998,#5774,#5775);
#4517=AXIS2_PLACEMENT_3D('',#6999,#5776,#5777);
#4518=AXIS2_PLACEMENT_3D('',#7000,#5778,#5779);
#4519=AXIS2_PLACEMENT_3D('',#7001,#5780,#5781);
#4520=AXIS2_PLACEMENT_3D('',#7002,#5782,#5783);
#4521=AXIS2_PLACEMENT_3D('',#7003,#5784,#5785);
#4522=AXIS2_PLACEMENT_3D('',#7004,#5786,#5787);
#4523=AXIS2_PLACEMENT_3D('',#7005,#5788,#5789);
#4524=AXIS2_PLACEMENT_3D('',#7006,#5790,#5791);
#4525=DIRECTION('axis',(0.,0.,1.));
#4526=DIRECTION('refdir',(1.,0.,0.));
#4527=DIRECTION('axis',(0.,0.,1.));
#4528=DIRECTION('refdir',(1.,0.,0.));
#4529=DIRECTION('axis',(0.,0.,1.));
#4530=DIRECTION('refdir',(1.,0.,0.));
#4531=DIRECTION('center_axis',(1.,0.,0.));
#4532=DIRECTION('ref_axis',(0.,-1.,0.));
#4533=DIRECTION('center_axis',(1.,0.,0.));
#4534=DIRECTION('ref_axis',(0.,1.,0.));
#4535=DIRECTION('center_axis',(1.,0.,0.));
#4536=DIRECTION('ref_axis',(0.,1.,0.));
#4537=DIRECTION('',(-1.,0.,0.));
#4538=DIRECTION('center_axis',(1.,0.,0.));
#4539=DIRECTION('ref_axis',(0.,1.,0.));
#4540=DIRECTION('center_axis',(1.,0.,0.));
#4541=DIRECTION('ref_axis',(0.,1.,0.));
#4542=DIRECTION('center_axis',(1.,0.,0.));
#4543=DIRECTION('ref_axis',(0.,-1.,0.));
#4544=DIRECTION('center_axis',(-1.,0.,0.));
#4545=DIRECTION('ref_axis',(0.,1.,0.));
#4546=DIRECTION('center_axis',(-1.,0.,0.));
#4547=DIRECTION('ref_axis',(0.,1.,0.));
#4548=DIRECTION('center_axis',(1.,0.,0.));
#4549=DIRECTION('ref_axis',(0.,-1.,0.));
#4550=DIRECTION('center_axis',(-1.,0.,0.));
#4551=DIRECTION('ref_axis',(0.,1.,0.));
#4552=DIRECTION('',(-1.,0.,0.));
#4553=DIRECTION('center_axis',(-1.,0.,0.));
#4554=DIRECTION('ref_axis',(0.,1.,0.));
#4555=DIRECTION('center_axis',(1.,0.,0.));
#4556=DIRECTION('ref_axis',(0.,-1.,0.));
#4557=DIRECTION('center_axis',(1.,0.,0.));
#4558=DIRECTION('ref_axis',(0.,1.,0.));
#4559=DIRECTION('center_axis',(1.,0.,0.));
#4560=DIRECTION('ref_axis',(0.,-1.,0.));
#4561=DIRECTION('center_axis',(1.,0.,0.));
#4562=DIRECTION('ref_axis',(0.,1.,0.));
#4563=DIRECTION('',(-1.,0.,0.));
#4564=DIRECTION('center_axis',(1.,0.,0.));
#4565=DIRECTION('ref_axis',(0.,-1.,0.));
#4566=DIRECTION('center_axis',(1.,0.,0.));
#4567=DIRECTION('ref_axis',(0.,1.,0.));
#4568=DIRECTION('center_axis',(1.,0.,0.));
#4569=DIRECTION('ref_axis',(0.,1.,0.));
#4570=DIRECTION('center_axis',(1.,0.,0.));
#4571=DIRECTION('ref_axis',(0.,-1.,0.));
#4572=DIRECTION('center_axis',(-1.,0.,0.));
#4573=DIRECTION('ref_axis',(0.,-1.,0.));
#4574=DIRECTION('center_axis',(-1.,0.,0.));
#4575=DIRECTION('ref_axis',(0.,-1.,0.));
#4576=DIRECTION('',(-1.,0.,0.));
#4577=DIRECTION('center_axis',(-1.,0.,0.));
#4578=DIRECTION('ref_axis',(0.,-1.,0.));
#4579=DIRECTION('center_axis',(-1.,0.,0.));
#4580=DIRECTION('ref_axis',(0.,0.,-1.));
#4581=DIRECTION('',(0.707106781186547,-8.65956056235493E-17,-0.707106781186547));
#4582=DIRECTION('center_axis',(-1.,0.,0.));
#4583=DIRECTION('ref_axis',(0.,-1.,0.));
#4584=DIRECTION('center_axis',(-1.,0.,0.));
#4585=DIRECTION('ref_axis',(0.,-1.,0.));
#4586=DIRECTION('center_axis',(1.,0.,0.));
#4587=DIRECTION('ref_axis',(0.,-1.,0.));
#4588=DIRECTION('center_axis',(-1.,0.,0.));
#4589=DIRECTION('ref_axis',(0.,0.,1.));
#4590=DIRECTION('center_axis',(-1.,0.,0.));
#4591=DIRECTION('ref_axis',(0.,0.,1.));
#4592=DIRECTION('center_axis',(-1.,0.,0.));
#4593=DIRECTION('ref_axis',(0.,0.,-1.));
#4594=DIRECTION('',(-1.,0.,0.));
#4595=DIRECTION('center_axis',(-1.,0.,0.));
#4596=DIRECTION('ref_axis',(0.,0.,1.));
#4597=DIRECTION('center_axis',(-1.,0.,0.));
#4598=DIRECTION('ref_axis',(0.,0.,1.));
#4599=DIRECTION('center_axis',(1.,0.,0.));
#4600=DIRECTION('ref_axis',(0.,0.,1.));
#4601=DIRECTION('',(0.800000000000042,7.34788079488343E-17,-0.599999999999944));
#4602=DIRECTION('center_axis',(1.,0.,0.));
#4603=DIRECTION('ref_axis',(0.,-1.,0.));
#4604=DIRECTION('center_axis',(-1.,0.,0.));
#4605=DIRECTION('ref_axis',(0.,1.,0.));
#4606=DIRECTION('center_axis',(-1.,0.,0.));
#4607=DIRECTION('ref_axis',(0.,1.,0.));
#4608=DIRECTION('center_axis',(1.,0.,0.));
#4609=DIRECTION('ref_axis',(0.,-1.,0.));
#4610=DIRECTION('',(-1.,0.,0.));
#4611=DIRECTION('center_axis',(1.,0.,0.));
#4612=DIRECTION('ref_axis',(0.,1.,0.));
#4613=DIRECTION('',(1.,-1.147381509529E-13,2.653605226707E-12));
#4614=DIRECTION('center_axis',(-1.,0.,0.));
#4615=DIRECTION('ref_axis',(0.,0.826771653543322,-0.562537672424915));
#4616=DIRECTION('',(1.,-1.019001614197E-9,-2.355787575665E-8));
#4617=DIRECTION('center_axis',(1.,0.,0.));
#4618=DIRECTION('ref_axis',(0.,1.,0.));
#4619=DIRECTION('center_axis',(1.,0.,0.));
#4620=DIRECTION('ref_axis',(0.,-1.,1.83697019872103E-16));
#4621=DIRECTION('center_axis',(-1.,0.,0.));
#4622=DIRECTION('ref_axis',(0.,0.897435897435884,-0.441144885489392));
#4623=DIRECTION('center_axis',(0.,-1.,0.));
#4624=DIRECTION('ref_axis',(0.,0.,1.));
#4625=DIRECTION('',(0.,0.,1.));
#4626=DIRECTION('',(0.,0.,1.));
#4627=DIRECTION('center_axis',(1.,0.,0.));
#4628=DIRECTION('ref_axis',(0.,-1.,0.));
#4629=DIRECTION('center_axis',(-1.,0.,0.));
#4630=DIRECTION('ref_axis',(0.,0.,1.));
#4631=DIRECTION('axis',(0.,0.,1.));
#4632=DIRECTION('refdir',(1.,0.,0.));
#4633=DIRECTION('center_axis',(0.,0.,1.));
#4634=DIRECTION('ref_axis',(1.,0.,0.));
#4635=DIRECTION('center_axis',(0.,0.,1.));
#4636=DIRECTION('ref_axis',(1.,0.,0.));
#4637=DIRECTION('center_axis',(0.,0.,1.));
#4638=DIRECTION('ref_axis',(1.,0.,0.));
#4639=DIRECTION('center_axis',(0.,0.,-1.));
#4640=DIRECTION('ref_axis',(1.,0.,0.));
#4641=DIRECTION('center_axis',(0.,0.,-1.));
#4642=DIRECTION('ref_axis',(1.,0.,0.));
#4643=DIRECTION('center_axis',(0.,0.,1.));
#4644=DIRECTION('ref_axis',(1.,0.,0.));
#4645=DIRECTION('center_axis',(0.,0.,1.));
#4646=DIRECTION('ref_axis',(1.,0.,0.));
#4647=DIRECTION('center_axis',(0.,0.,1.));
#4648=DIRECTION('ref_axis',(1.,0.,0.));
#4649=DIRECTION('',(0.,0.,-1.));
#4650=DIRECTION('center_axis',(0.,0.,1.));
#4651=DIRECTION('ref_axis',(1.,0.,0.));
#4652=DIRECTION('center_axis',(0.,0.,-1.));
#4653=DIRECTION('ref_axis',(1.,0.,0.));
#4654=DIRECTION('center_axis',(0.,0.,-1.));
#4655=DIRECTION('ref_axis',(1.,0.,0.));
#4656=DIRECTION('center_axis',(0.,0.,1.));
#4657=DIRECTION('ref_axis',(1.,0.,0.));
#4658=DIRECTION('',(0.,0.,1.));
#4659=DIRECTION('axis',(0.,0.,1.));
#4660=DIRECTION('refdir',(1.,0.,0.));
#4661=DIRECTION('center_axis',(0.,0.,1.));
#4662=DIRECTION('ref_axis',(1.,0.,0.));
#4663=DIRECTION('center_axis',(0.,0.,1.));
#4664=DIRECTION('ref_axis',(1.,0.,0.));
#4665=DIRECTION('center_axis',(0.,0.,1.));
#4666=DIRECTION('ref_axis',(1.,0.,0.));
#4667=DIRECTION('center_axis',(0.,0.,-1.));
#4668=DIRECTION('ref_axis',(1.,0.,0.));
#4669=DIRECTION('center_axis',(0.,0.,-1.));
#4670=DIRECTION('ref_axis',(1.,0.,0.));
#4671=DIRECTION('center_axis',(0.,0.,1.));
#4672=DIRECTION('ref_axis',(1.,0.,0.));
#4673=DIRECTION('center_axis',(0.,0.,1.));
#4674=DIRECTION('ref_axis',(1.,0.,0.));
#4675=DIRECTION('center_axis',(0.,0.,1.));
#4676=DIRECTION('ref_axis',(1.,0.,0.));
#4677=DIRECTION('',(0.,0.,-1.));
#4678=DIRECTION('center_axis',(0.,0.,1.));
#4679=DIRECTION('ref_axis',(1.,0.,0.));
#4680=DIRECTION('center_axis',(0.,0.,-1.));
#4681=DIRECTION('ref_axis',(1.,0.,0.));
#4682=DIRECTION('center_axis',(0.,0.,-1.));
#4683=DIRECTION('ref_axis',(1.,0.,0.));
#4684=DIRECTION('center_axis',(0.,0.,1.));
#4685=DIRECTION('ref_axis',(1.,0.,0.));
#4686=DIRECTION('',(0.,0.,1.));
#4687=DIRECTION('axis',(0.,0.,1.));
#4688=DIRECTION('refdir',(1.,0.,0.));
#4689=DIRECTION('center_axis',(0.,0.,1.));
#4690=DIRECTION('ref_axis',(1.,0.,0.));
#4691=DIRECTION('center_axis',(0.,0.,1.));
#4692=DIRECTION('ref_axis',(1.,0.,0.));
#4693=DIRECTION('center_axis',(0.,0.,1.));
#4694=DIRECTION('ref_axis',(1.,0.,0.));
#4695=DIRECTION('center_axis',(0.,0.,-1.));
#4696=DIRECTION('ref_axis',(1.,0.,0.));
#4697=DIRECTION('center_axis',(0.,0.,1.));
#4698=DIRECTION('ref_axis',(1.,0.,0.));
#4699=DIRECTION('center_axis',(0.,0.,1.));
#4700=DIRECTION('ref_axis',(1.,0.,0.));
#4701=DIRECTION('center_axis',(0.,0.,1.));
#4702=DIRECTION('ref_axis',(1.,0.,0.));
#4703=DIRECTION('',(0.,0.,-1.));
#4704=DIRECTION('center_axis',(0.,0.,1.));
#4705=DIRECTION('ref_axis',(1.,0.,0.));
#4706=DIRECTION('center_axis',(0.,0.,1.));
#4707=DIRECTION('ref_axis',(1.,0.,0.));
#4708=DIRECTION('center_axis',(0.,0.,1.));
#4709=DIRECTION('ref_axis',(1.,0.,0.));
#4710=DIRECTION('center_axis',(0.,0.,1.));
#4711=DIRECTION('ref_axis',(1.,0.,0.));
#4712=DIRECTION('center_axis',(0.,0.,1.));
#4713=DIRECTION('ref_axis',(1.,0.,0.));
#4714=DIRECTION('center_axis',(0.,0.,1.));
#4715=DIRECTION('ref_axis',(1.,0.,0.));
#4716=DIRECTION('',(0.,0.,1.));
#4717=DIRECTION('center_axis',(0.,0.,1.));
#4718=DIRECTION('ref_axis',(1.,0.,0.));
#4719=DIRECTION('center_axis',(0.,0.,1.));
#4720=DIRECTION('ref_axis',(-1.,0.,0.));
#4721=DIRECTION('center_axis',(0.,0.,1.));
#4722=DIRECTION('ref_axis',(1.,0.,0.));
#4723=DIRECTION('',(0.,0.,1.));
#4724=DIRECTION('axis',(0.,0.,1.));
#4725=DIRECTION('refdir',(1.,0.,0.));
#4726=DIRECTION('center_axis',(0.,0.,1.));
#4727=DIRECTION('ref_axis',(1.,0.,0.));
#4728=DIRECTION('center_axis',(0.,0.,1.));
#4729=DIRECTION('ref_axis',(1.,0.,0.));
#4730=DIRECTION('center_axis',(0.,0.,1.));
#4731=DIRECTION('ref_axis',(1.,0.,0.));
#4732=DIRECTION('center_axis',(0.,0.,-1.));
#4733=DIRECTION('ref_axis',(1.,0.,0.));
#4734=DIRECTION('center_axis',(0.,0.,-1.));
#4735=DIRECTION('ref_axis',(1.,0.,0.));
#4736=DIRECTION('center_axis',(0.,0.,1.));
#4737=DIRECTION('ref_axis',(1.,0.,0.));
#4738=DIRECTION('center_axis',(0.,0.,1.));
#4739=DIRECTION('ref_axis',(1.,0.,0.));
#4740=DIRECTION('center_axis',(0.,0.,1.));
#4741=DIRECTION('ref_axis',(1.,0.,0.));
#4742=DIRECTION('',(0.,0.,-1.));
#4743=DIRECTION('center_axis',(0.,0.,1.));
#4744=DIRECTION('ref_axis',(1.,0.,0.));
#4745=DIRECTION('center_axis',(0.,0.,-1.));
#4746=DIRECTION('ref_axis',(1.,0.,0.));
#4747=DIRECTION('center_axis',(0.,0.,-1.));
#4748=DIRECTION('ref_axis',(1.,0.,0.));
#4749=DIRECTION('center_axis',(0.,0.,1.));
#4750=DIRECTION('ref_axis',(1.,0.,0.));
#4751=DIRECTION('',(0.,0.,1.));
#4752=DIRECTION('axis',(0.,0.,1.));
#4753=DIRECTION('refdir',(1.,0.,0.));
#4754=DIRECTION('center_axis',(0.,0.,1.));
#4755=DIRECTION('ref_axis',(1.,0.,0.));
#4756=DIRECTION('center_axis',(0.,0.,1.));
#4757=DIRECTION('ref_axis',(1.,0.,0.));
#4758=DIRECTION('center_axis',(0.,0.,1.));
#4759=DIRECTION('ref_axis',(1.,0.,0.));
#4760=DIRECTION('center_axis',(0.,0.,-1.));
#4761=DIRECTION('ref_axis',(1.,0.,0.));
#4762=DIRECTION('center_axis',(0.,0.,-1.));
#4763=DIRECTION('ref_axis',(1.,0.,0.));
#4764=DIRECTION('center_axis',(0.,0.,1.));
#4765=DIRECTION('ref_axis',(1.,0.,0.));
#4766=DIRECTION('',(0.,0.,1.));
#4767=DIRECTION('center_axis',(0.,0.,-1.));
#4768=DIRECTION('ref_axis',(1.,0.,0.));
#4769=DIRECTION('center_axis',(0.,0.,-1.));
#4770=DIRECTION('ref_axis',(1.,0.,0.));
#4771=DIRECTION('center_axis',(0.,0.,1.));
#4772=DIRECTION('ref_axis',(1.,0.,0.));
#4773=DIRECTION('center_axis',(0.,0.,1.));
#4774=DIRECTION('ref_axis',(1.,0.,0.));
#4775=DIRECTION('center_axis',(0.,0.,1.));
#4776=DIRECTION('ref_axis',(1.,0.,0.));
#4777=DIRECTION('center_axis',(0.,0.,1.));
#4778=DIRECTION('ref_axis',(1.,0.,0.));
#4779=DIRECTION('',(0.,0.,-1.));
#4780=DIRECTION('',(0.,0.,1.));
#4781=DIRECTION('',(1.,0.,0.));
#4782=DIRECTION('',(-1.,0.,0.));
#4783=DIRECTION('',(0.,-1.,0.));
#4784=DIRECTION('',(-1.,0.,0.));
#4785=DIRECTION('',(0.,-1.,0.));
#4786=DIRECTION('',(1.,0.,0.));
#4787=DIRECTION('',(0.,1.,0.));
#4788=DIRECTION('',(-1.,0.,0.));
#4789=DIRECTION('',(0.,-1.,0.));
#4790=DIRECTION('',(-1.,0.,0.));
#4791=DIRECTION('',(0.,-1.,0.));
#4792=DIRECTION('',(-1.,0.,0.));
#4793=DIRECTION('',(0.,-1.,0.));
#4794=DIRECTION('',(1.,0.,0.));
#4795=DIRECTION('',(0.,1.,0.));
#4796=DIRECTION('',(1.,0.,0.));
#4797=DIRECTION('',(0.,1.,0.));
#4798=DIRECTION('',(-1.,0.,0.));
#4799=DIRECTION('',(0.,-1.,0.));
#4800=DIRECTION('axis',(0.,0.,1.));
#4801=DIRECTION('refdir',(1.,0.,0.));
#4802=DIRECTION('center_axis',(0.,0.,1.));
#4803=DIRECTION('ref_axis',(1.,0.,0.));
#4804=DIRECTION('center_axis',(0.,0.,-1.));
#4805=DIRECTION('ref_axis',(1.,0.,0.));
#4806=DIRECTION('center_axis',(0.,0.,-1.));
#4807=DIRECTION('ref_axis',(-1.,0.,0.));
#4808=DIRECTION('center_axis',(0.,0.,-1.));
#4809=DIRECTION('ref_axis',(-1.,0.,0.));
#4810=DIRECTION('center_axis',(0.,0.,-1.));
#4811=DIRECTION('ref_axis',(-1.,0.,0.));
#4812=DIRECTION('',(0.,0.,1.));
#4813=DIRECTION('center_axis',(0.,0.,1.));
#4814=DIRECTION('ref_axis',(1.,0.,0.));
#4815=DIRECTION('center_axis',(0.,0.,-1.));
#4816=DIRECTION('ref_axis',(-1.,0.,0.));
#4817=DIRECTION('center_axis',(0.,0.,-1.));
#4818=DIRECTION('ref_axis',(-1.,0.,0.));
#4819=DIRECTION('center_axis',(0.,0.,-1.));
#4820=DIRECTION('ref_axis',(-1.,0.,0.));
#4821=DIRECTION('center_axis',(0.,0.,-1.));
#4822=DIRECTION('ref_axis',(-1.,0.,0.));
#4823=DIRECTION('',(0.,0.,-1.));
#4824=DIRECTION('center_axis',(0.,0.,-1.));
#4825=DIRECTION('ref_axis',(-1.,0.,0.));
#4826=DIRECTION('center_axis',(0.,0.,-1.));
#4827=DIRECTION('ref_axis',(-1.,0.,0.));
#4828=DIRECTION('center_axis',(0.,0.,-1.));
#4829=DIRECTION('ref_axis',(-1.,0.,0.));
#4830=DIRECTION('',(1.,0.,0.));
#4831=DIRECTION('center_axis',(0.,0.,-1.));
#4832=DIRECTION('ref_axis',(0.,-1.,0.));
#4833=DIRECTION('',(0.,-1.,0.));
#4834=DIRECTION('center_axis',(0.,0.,-1.));
#4835=DIRECTION('ref_axis',(-1.,0.,0.));
#4836=DIRECTION('',(1.,0.,0.));
#4837=DIRECTION('center_axis',(0.,0.,1.));
#4838=DIRECTION('ref_axis',(0.,-1.,0.));
#4839=DIRECTION('',(0.,-1.,0.));
#4840=DIRECTION('center_axis',(0.,0.,-1.));
#4841=DIRECTION('ref_axis',(-1.,0.,0.));
#4842=DIRECTION('',(-1.,0.,0.));
#4843=DIRECTION('center_axis',(0.,0.,-1.));
#4844=DIRECTION('ref_axis',(0.,1.,0.));
#4845=DIRECTION('',(0.,-1.,0.));
#4846=DIRECTION('center_axis',(0.,0.,1.));
#4847=DIRECTION('ref_axis',(-1.,0.,0.));
#4848=DIRECTION('',(-1.,0.,0.));
#4849=DIRECTION('center_axis',(0.,0.,-1.));
#4850=DIRECTION('ref_axis',(0.,1.,0.));
#4851=DIRECTION('',(0.,1.,0.));
#4852=DIRECTION('center_axis',(0.,0.,-1.));
#4853=DIRECTION('ref_axis',(1.,0.,0.));
#4854=DIRECTION('',(-1.,0.,0.));
#4855=DIRECTION('center_axis',(0.,0.,1.));
#4856=DIRECTION('ref_axis',(0.,1.,0.));
#4857=DIRECTION('',(0.,1.,0.));
#4858=DIRECTION('center_axis',(0.,0.,-1.));
#4859=DIRECTION('ref_axis',(1.,0.,0.));
#4860=DIRECTION('',(1.,0.,0.));
#4861=DIRECTION('center_axis',(0.,0.,-1.));
#4862=DIRECTION('ref_axis',(0.,-1.,0.));
#4863=DIRECTION('',(0.,1.,0.));
#4864=DIRECTION('center_axis',(0.,0.,1.));
#4865=DIRECTION('ref_axis',(1.,0.,0.));
#4866=DIRECTION('center_axis',(0.,0.,1.));
#4867=DIRECTION('ref_axis',(1.,0.,0.));
#4868=DIRECTION('center_axis',(0.,0.,1.));
#4869=DIRECTION('ref_axis',(1.,0.,0.));
#4870=DIRECTION('center_axis',(0.,0.,1.));
#4871=DIRECTION('ref_axis',(1.,0.,0.));
#4872=DIRECTION('center_axis',(0.,0.,1.));
#4873=DIRECTION('ref_axis',(1.,0.,0.));
#4874=DIRECTION('center_axis',(0.,0.,1.));
#4875=DIRECTION('ref_axis',(1.,0.,0.));
#4876=DIRECTION('center_axis',(0.,0.,1.));
#4877=DIRECTION('ref_axis',(1.,0.,0.));
#4878=DIRECTION('center_axis',(0.,0.,1.));
#4879=DIRECTION('ref_axis',(1.,0.,0.));
#4880=DIRECTION('center_axis',(0.,0.,1.));
#4881=DIRECTION('ref_axis',(1.,0.,0.));
#4882=DIRECTION('center_axis',(0.,1.,0.));
#4883=DIRECTION('ref_axis',(1.,0.,0.));
#4884=DIRECTION('',(0.,0.,1.));
#4885=DIRECTION('',(1.,0.,0.));
#4886=DIRECTION('',(0.,0.,1.));
#4887=DIRECTION('center_axis',(0.,0.,1.));
#4888=DIRECTION('ref_axis',(1.,0.,0.));
#4889=DIRECTION('center_axis',(0.,0.,-1.));
#4890=DIRECTION('ref_axis',(0.,1.,0.));
#4891=DIRECTION('',(0.,0.,1.));
#4892=DIRECTION('center_axis',(0.,0.,-1.));
#4893=DIRECTION('ref_axis',(-1.,0.,0.));
#4894=DIRECTION('center_axis',(0.,0.,-1.));
#4895=DIRECTION('ref_axis',(1.,0.,0.));
#4896=DIRECTION('',(-1.,0.,0.));
#4897=DIRECTION('center_axis',(0.,0.,1.));
#4898=DIRECTION('ref_axis',(0.,1.,0.));
#4899=DIRECTION('',(0.,-1.,0.));
#4900=DIRECTION('center_axis',(0.,0.,-1.));
#4901=DIRECTION('ref_axis',(-1.,0.,0.));
#4902=DIRECTION('',(-1.,0.,0.));
#4903=DIRECTION('center_axis',(0.,0.,1.));
#4904=DIRECTION('ref_axis',(0.,1.,0.));
#4905=DIRECTION('',(0.,-1.,0.));
#4906=DIRECTION('center_axis',(0.,0.,-1.));
#4907=DIRECTION('ref_axis',(-1.,0.,0.));
#4908=DIRECTION('center_axis',(0.,0.,-1.));
#4909=DIRECTION('ref_axis',(-1.,0.,0.));
#4910=DIRECTION('',(0.,-1.,0.));
#4911=DIRECTION('center_axis',(0.,0.,1.));
#4912=DIRECTION('ref_axis',(-1.,0.,0.));
#4913=DIRECTION('',(1.,0.,0.));
#4914=DIRECTION('center_axis',(0.,0.,-1.));
#4915=DIRECTION('ref_axis',(0.,-1.,0.));
#4916=DIRECTION('',(0.,-1.,0.));
#4917=DIRECTION('center_axis',(0.,0.,1.));
#4918=DIRECTION('ref_axis',(-1.,0.,0.));
#4919=DIRECTION('center_axis',(0.,0.,-1.));
#4920=DIRECTION('ref_axis',(0.,-1.,0.));
#4921=DIRECTION('center_axis',(0.,0.,-1.));
#4922=DIRECTION('ref_axis',(-1.,0.,0.));
#4923=DIRECTION('center_axis',(0.,0.,-1.));
#4924=DIRECTION('ref_axis',(-1.,0.,0.));
#4925=DIRECTION('',(1.,0.,0.));
#4926=DIRECTION('center_axis',(0.,0.,1.));
#4927=DIRECTION('ref_axis',(0.,-1.,0.));
#4928=DIRECTION('',(0.,1.,0.));
#4929=DIRECTION('center_axis',(0.,0.,-1.));
#4930=DIRECTION('ref_axis',(1.,0.,0.));
#4931=DIRECTION('',(1.,0.,0.));
#4932=DIRECTION('center_axis',(0.,0.,1.));
#4933=DIRECTION('ref_axis',(0.,-1.,0.));
#4934=DIRECTION('',(0.,1.,0.));
#4935=DIRECTION('center_axis',(0.,0.,-1.));
#4936=DIRECTION('ref_axis',(1.,0.,0.));
#4937=DIRECTION('center_axis',(0.,0.,-1.));
#4938=DIRECTION('ref_axis',(-1.,0.,0.));
#4939=DIRECTION('center_axis',(0.,0.,-1.));
#4940=DIRECTION('ref_axis',(0.,-1.,0.));
#4941=DIRECTION('',(0.,1.,0.));
#4942=DIRECTION('center_axis',(0.,0.,1.));
#4943=DIRECTION('ref_axis',(1.,0.,0.));
#4944=DIRECTION('',(-1.,0.,0.));
#4945=DIRECTION('center_axis',(0.,0.,-1.));
#4946=DIRECTION('ref_axis',(0.,1.,0.));
#4947=DIRECTION('',(0.,1.,0.));
#4948=DIRECTION('center_axis',(0.,0.,1.));
#4949=DIRECTION('ref_axis',(1.,0.,0.));
#4950=DIRECTION('',(-1.,0.,0.));
#4951=DIRECTION('center_axis',(0.,0.,-1.));
#4952=DIRECTION('ref_axis',(0.,1.,0.));
#4953=DIRECTION('center_axis',(0.,0.,1.));
#4954=DIRECTION('ref_axis',(0.,-1.,0.));
#4955=DIRECTION('',(0.,0.,1.));
#4956=DIRECTION('',(0.,0.,1.));
#4957=DIRECTION('center_axis',(0.,-1.,0.));
#4958=DIRECTION('ref_axis',(-1.,0.,0.));
#4959=DIRECTION('',(0.,0.,-1.));
#4960=DIRECTION('center_axis',(0.,0.,-1.));
#4961=DIRECTION('ref_axis',(-1.,0.,0.));
#4962=DIRECTION('',(0.,0.,-1.));
#4963=DIRECTION('center_axis',(-1.,0.,0.));
#4964=DIRECTION('ref_axis',(0.,-1.,0.));
#4965=DIRECTION('',(0.,-1.,0.));
#4966=DIRECTION('',(0.,0.,-1.));
#4967=DIRECTION('',(0.,-1.,0.));
#4968=DIRECTION('',(0.,0.,-1.));
#4969=DIRECTION('',(0.,0.,1.));
#4970=DIRECTION('',(0.,0.,-1.));
#4971=DIRECTION('',(0.,-1.,0.));
#4972=DIRECTION('',(0.,0.,-1.));
#4973=DIRECTION('center_axis',(0.,0.,1.));
#4974=DIRECTION('ref_axis',(0.,-1.,0.));
#4975=DIRECTION('',(1.,0.,0.));
#4976=DIRECTION('center_axis',(0.,0.,1.));
#4977=DIRECTION('ref_axis',(1.047115610594E-14,-1.,0.));
#4978=DIRECTION('',(-1.,0.,0.));
#4979=DIRECTION('center_axis',(0.,0.,1.));
#4980=DIRECTION('ref_axis',(1.,0.,0.));
#4981=DIRECTION('center_axis',(0.,0.,1.));
#4982=DIRECTION('ref_axis',(1.,0.,0.));
#4983=DIRECTION('center_axis',(0.,1.,0.));
#4984=DIRECTION('ref_axis',(-1.,0.,0.));
#4985=DIRECTION('',(0.,0.,-1.));
#4986=DIRECTION('',(1.,0.,0.));
#4987=DIRECTION('center_axis',(0.,0.,1.));
#4988=DIRECTION('ref_axis',(1.,0.,0.));
#4989=DIRECTION('center_axis',(0.,0.,1.));
#4990=DIRECTION('ref_axis',(1.047115610594E-14,-1.,0.));
#4991=DIRECTION('',(1.,0.,0.));
#4992=DIRECTION('center_axis',(0.,0.,1.));
#4993=DIRECTION('ref_axis',(-1.,0.,0.));
#4994=DIRECTION('',(1.,0.,0.));
#4995=DIRECTION('',(0.,1.,0.));
#4996=DIRECTION('center_axis',(0.,0.,1.));
#4997=DIRECTION('ref_axis',(1.,0.,0.));
#4998=DIRECTION('',(0.,1.,0.));
#4999=DIRECTION('',(1.,0.,0.));
#5000=DIRECTION('center_axis',(0.,0.,1.));
#5001=DIRECTION('ref_axis',(0.,-1.,0.));
#5002=DIRECTION('',(0.,1.,0.));
#5003=DIRECTION('',(-1.,0.,0.));
#5004=DIRECTION('center_axis',(0.,0.,1.));
#5005=DIRECTION('ref_axis',(0.,1.,0.));
#5006=DIRECTION('',(-1.,0.,0.));
#5007=DIRECTION('',(0.,1.,0.));
#5008=DIRECTION('center_axis',(0.,0.,1.));
#5009=DIRECTION('ref_axis',(1.,0.,0.));
#5010=DIRECTION('',(-1.,0.,0.));
#5011=DIRECTION('',(0.,-1.,0.));
#5012=DIRECTION('center_axis',(0.,0.,1.));
#5013=DIRECTION('ref_axis',(-1.,0.,0.));
#5014=DIRECTION('',(0.,-1.,0.));
#5015=DIRECTION('',(-1.,0.,0.));
#5016=DIRECTION('center_axis',(0.,0.,1.));
#5017=DIRECTION('ref_axis',(0.,1.,0.));
#5018=DIRECTION('center_axis',(0.,0.,-1.));
#5019=DIRECTION('ref_axis',(-1.,0.,0.));
#5020=DIRECTION('center_axis',(0.,0.,-1.));
#5021=DIRECTION('ref_axis',(0.,1.,0.));
#5022=DIRECTION('center_axis',(0.,0.,-1.));
#5023=DIRECTION('ref_axis',(1.,0.,0.));
#5024=DIRECTION('center_axis',(0.,0.,-1.));
#5025=DIRECTION('ref_axis',(0.,-1.,0.));
#5026=DIRECTION('center_axis',(0.,0.,-1.));
#5027=DIRECTION('ref_axis',(1.,0.,0.));
#5028=DIRECTION('center_axis',(0.,0.,-1.));
#5029=DIRECTION('ref_axis',(1.,0.,0.));
#5030=DIRECTION('center_axis',(0.,0.,1.));
#5031=DIRECTION('ref_axis',(1.,0.,0.));
#5032=DIRECTION('center_axis',(0.,0.,1.));
#5033=DIRECTION('ref_axis',(-1.,0.,0.));
#5034=DIRECTION('center_axis',(0.,0.,1.));
#5035=DIRECTION('ref_axis',(-1.,0.,0.));
#5036=DIRECTION('',(0.,0.,-1.));
#5037=DIRECTION('center_axis',(0.,0.,1.));
#5038=DIRECTION('ref_axis',(1.,0.,0.));
#5039=DIRECTION('center_axis',(0.,0.,-1.));
#5040=DIRECTION('ref_axis',(0.,1.,0.));
#5041=DIRECTION('center_axis',(0.,0.,-1.));
#5042=DIRECTION('ref_axis',(0.,1.,0.));
#5043=DIRECTION('',(0.,0.,-1.));
#5044=DIRECTION('center_axis',(0.,0.,-1.));
#5045=DIRECTION('ref_axis',(0.,1.,0.));
#5046=DIRECTION('center_axis',(0.,0.,-1.));
#5047=DIRECTION('ref_axis',(0.,1.,0.));
#5048=DIRECTION('center_axis',(0.,0.,-1.));
#5049=DIRECTION('ref_axis',(0.,1.,0.));
#5050=DIRECTION('center_axis',(0.,0.,-1.));
#5051=DIRECTION('ref_axis',(0.,1.,0.));
#5052=DIRECTION('center_axis',(0.,0.,-1.));
#5053=DIRECTION('ref_axis',(0.,1.,0.));
#5054=DIRECTION('',(0.,0.,-1.));
#5055=DIRECTION('center_axis',(0.,0.,-1.));
#5056=DIRECTION('ref_axis',(0.,1.,0.));
#5057=DIRECTION('center_axis',(0.,0.,-1.));
#5058=DIRECTION('ref_axis',(0.,1.,0.));
#5059=DIRECTION('center_axis',(0.,0.,-1.));
#5060=DIRECTION('ref_axis',(-1.,0.,0.));
#5061=DIRECTION('center_axis',(0.,0.,-1.));
#5062=DIRECTION('ref_axis',(-1.,0.,0.));
#5063=DIRECTION('center_axis',(0.,0.,-1.));
#5064=DIRECTION('ref_axis',(-1.,0.,0.));
#5065=DIRECTION('center_axis',(0.,0.,-1.));
#5066=DIRECTION('ref_axis',(-1.,0.,0.));
#5067=DIRECTION('',(0.,0.,-1.));
#5068=DIRECTION('center_axis',(0.,0.,-1.));
#5069=DIRECTION('ref_axis',(-1.,0.,0.));
#5070=DIRECTION('',(0.,0.,-1.));
#5071=DIRECTION('center_axis',(0.,0.,-1.));
#5072=DIRECTION('ref_axis',(0.,1.,0.));
#5073=DIRECTION('',(0.,0.,-1.));
#5074=DIRECTION('center_axis',(0.,0.,-1.));
#5075=DIRECTION('ref_axis',(1.,0.,0.));
#5076=DIRECTION('',(0.,0.,-1.));
#5077=DIRECTION('center_axis',(0.,0.,-1.));
#5078=DIRECTION('ref_axis',(0.,-1.,0.));
#5079=DIRECTION('',(0.,0.,-1.));
#5080=DIRECTION('center_axis',(0.,0.,-1.));
#5081=DIRECTION('ref_axis',(-1.,0.,0.));
#5082=DIRECTION('',(0.,0.,-1.));
#5083=DIRECTION('center_axis',(0.,1.,0.));
#5084=DIRECTION('ref_axis',(-1.,0.,0.));
#5085=DIRECTION('',(-1.,0.,0.));
#5086=DIRECTION('',(0.,0.,-1.));
#5087=DIRECTION('',(0.,0.,-1.));
#5088=DIRECTION('',(0.,0.,-1.));
#5089=DIRECTION('',(0.,0.,1.));
#5090=DIRECTION('',(0.,0.,-1.));
#5091=DIRECTION('center_axis',(0.,0.,1.));
#5092=DIRECTION('ref_axis',(-1.,0.,0.));
#5093=DIRECTION('',(0.,-1.,0.));
#5094=DIRECTION('center_axis',(0.,0.,1.));
#5095=DIRECTION('ref_axis',(-1.,0.,0.));
#5096=DIRECTION('',(0.,1.,0.));
#5097=DIRECTION('center_axis',(0.,0.,1.));
#5098=DIRECTION('ref_axis',(1.,0.,0.));
#5099=DIRECTION('center_axis',(0.,0.,1.));
#5100=DIRECTION('ref_axis',(1.,0.,0.));
#5101=DIRECTION('center_axis',(1.,0.,0.));
#5102=DIRECTION('ref_axis',(0.,1.,0.));
#5103=DIRECTION('',(0.,0.,-1.));
#5104=DIRECTION('center_axis',(0.,0.,1.));
#5105=DIRECTION('ref_axis',(-1.,0.,0.));
#5106=DIRECTION('',(0.,0.,-1.));
#5107=DIRECTION('center_axis',(-1.,0.,0.));
#5108=DIRECTION('ref_axis',(0.,-1.,0.));
#5109=DIRECTION('center_axis',(0.,0.,1.));
#5110=DIRECTION('ref_axis',(1.,0.,0.));
#5111=DIRECTION('',(0.,0.,1.));
#5112=DIRECTION('center_axis',(0.,0.,1.));
#5113=DIRECTION('ref_axis',(0.,1.,0.));
#5114=DIRECTION('',(0.,0.,1.));
#5115=DIRECTION('center_axis',(1.,0.,0.));
#5116=DIRECTION('ref_axis',(0.,-1.,0.));
#5117=DIRECTION('center_axis',(0.,0.,-1.));
#5118=DIRECTION('ref_axis',(0.,1.,0.));
#5119=DIRECTION('',(0.,0.,-1.));
#5120=DIRECTION('center_axis',(-1.,0.,0.));
#5121=DIRECTION('ref_axis',(0.,1.,0.));
#5122=DIRECTION('',(0.,0.,1.));
#5123=DIRECTION('center_axis',(0.,0.,1.));
#5124=DIRECTION('ref_axis',(-1.,0.,0.));
#5125=DIRECTION('',(0.,0.,1.));
#5126=DIRECTION('center_axis',(0.,-1.,0.));
#5127=DIRECTION('ref_axis',(-1.,0.,0.));
#5128=DIRECTION('',(0.,0.,1.));
#5129=DIRECTION('center_axis',(0.,0.,1.));
#5130=DIRECTION('ref_axis',(1.,0.,0.));
#5131=DIRECTION('',(0.,0.,1.));
#5132=DIRECTION('center_axis',(1.,0.,0.));
#5133=DIRECTION('ref_axis',(0.,1.,0.));
#5134=DIRECTION('',(0.,1.,0.));
#5135=DIRECTION('',(0.,0.,-1.));
#5136=DIRECTION('',(0.,0.,-1.));
#5137=DIRECTION('',(0.,0.,-1.));
#5138=DIRECTION('',(0.,0.,-1.));
#5139=DIRECTION('',(0.,0.,-1.));
#5140=DIRECTION('center_axis',(0.,0.,1.));
#5141=DIRECTION('ref_axis',(0.,1.,0.));
#5142=DIRECTION('',(-1.,0.,0.));
#5143=DIRECTION('center_axis',(0.,0.,1.));
#5144=DIRECTION('ref_axis',(0.,1.,0.));
#5145=DIRECTION('',(1.,0.,0.));
#5146=DIRECTION('center_axis',(0.,0.,1.));
#5147=DIRECTION('ref_axis',(1.,0.,0.));
#5148=DIRECTION('center_axis',(0.,0.,1.));
#5149=DIRECTION('ref_axis',(1.,0.,0.));
#5150=DIRECTION('center_axis',(0.,-1.,0.));
#5151=DIRECTION('ref_axis',(1.,0.,0.));
#5152=DIRECTION('',(0.,0.,-1.));
#5153=DIRECTION('center_axis',(0.,0.,1.));
#5154=DIRECTION('ref_axis',(0.,1.,0.));
#5155=DIRECTION('',(0.,0.,-1.));
#5156=DIRECTION('center_axis',(0.,1.,0.));
#5157=DIRECTION('ref_axis',(-1.,0.,0.));
#5158=DIRECTION('center_axis',(0.,0.,1.));
#5159=DIRECTION('ref_axis',(1.,0.,0.));
#5160=DIRECTION('',(0.,0.,1.));
#5161=DIRECTION('center_axis',(0.,0.,-1.));
#5162=DIRECTION('ref_axis',(0.,1.,0.));
#5163=DIRECTION('center_axis',(0.,0.,-1.));
#5164=DIRECTION('ref_axis',(1.,0.,0.));
#5165=DIRECTION('',(0.,0.,-1.));
#5166=DIRECTION('center_axis',(0.,1.,0.));
#5167=DIRECTION('ref_axis',(1.,0.,0.));
#5168=DIRECTION('',(0.,0.,1.));
#5169=DIRECTION('center_axis',(0.,0.,1.));
#5170=DIRECTION('ref_axis',(0.,1.,0.));
#5171=DIRECTION('',(0.,0.,1.));
#5172=DIRECTION('center_axis',(-1.,0.,0.));
#5173=DIRECTION('ref_axis',(0.,1.,0.));
#5174=DIRECTION('',(0.,0.,1.));
#5175=DIRECTION('center_axis',(0.,0.,1.));
#5176=DIRECTION('ref_axis',(0.,-1.,0.));
#5177=DIRECTION('',(0.,0.,1.));
#5178=DIRECTION('center_axis',(0.,-1.,0.));
#5179=DIRECTION('ref_axis',(1.,0.,0.));
#5180=DIRECTION('',(1.,0.,0.));
#5181=DIRECTION('',(0.,0.,-1.));
#5182=DIRECTION('',(0.,0.,-1.));
#5183=DIRECTION('',(0.,0.,-1.));
#5184=DIRECTION('',(0.,0.,-1.));
#5185=DIRECTION('',(0.,0.,-1.));
#5186=DIRECTION('center_axis',(0.,0.,1.));
#5187=DIRECTION('ref_axis',(1.,0.,0.));
#5188=DIRECTION('',(0.,1.,0.));
#5189=DIRECTION('center_axis',(0.,0.,1.));
#5190=DIRECTION('ref_axis',(1.,1.047115610594E-14,0.));
#5191=DIRECTION('',(0.,-1.,0.));
#5192=DIRECTION('center_axis',(0.,0.,1.));
#5193=DIRECTION('ref_axis',(1.,0.,0.));
#5194=DIRECTION('center_axis',(0.,0.,1.));
#5195=DIRECTION('ref_axis',(1.,0.,0.));
#5196=DIRECTION('center_axis',(-1.,0.,0.));
#5197=DIRECTION('ref_axis',(0.,-1.,0.));
#5198=DIRECTION('',(0.,0.,-1.));
#5199=DIRECTION('center_axis',(0.,0.,1.));
#5200=DIRECTION('ref_axis',(1.,0.,0.));
#5201=DIRECTION('',(0.,0.,-1.));
#5202=DIRECTION('center_axis',(1.,0.,0.));
#5203=DIRECTION('ref_axis',(0.,1.,0.));
#5204=DIRECTION('center_axis',(0.,0.,1.));
#5205=DIRECTION('ref_axis',(1.,0.,0.));
#5206=DIRECTION('',(0.,0.,1.));
#5207=DIRECTION('center_axis',(0.,0.,-1.));
#5208=DIRECTION('ref_axis',(1.,0.,0.));
#5209=DIRECTION('center_axis',(0.,0.,-1.));
#5210=DIRECTION('ref_axis',(0.,-1.,0.));
#5211=DIRECTION('',(0.,0.,-1.));
#5212=DIRECTION('center_axis',(1.,0.,0.));
#5213=DIRECTION('ref_axis',(0.,-1.,0.));
#5214=DIRECTION('center_axis',(0.,0.,-1.));
#5215=DIRECTION('ref_axis',(0.,-1.,0.));
#5216=DIRECTION('center_axis',(0.,-1.,0.));
#5217=DIRECTION('ref_axis',(1.,0.,0.));
#5218=DIRECTION('',(0.,0.,-1.));
#5219=DIRECTION('center_axis',(0.,0.,1.));
#5220=DIRECTION('ref_axis',(0.,-1.,0.));
#5221=DIRECTION('center_axis',(0.,0.,1.));
#5222=DIRECTION('ref_axis',(1.,0.,0.));
#5223=DIRECTION('',(0.,0.,1.));
#5224=DIRECTION('center_axis',(0.,0.,1.));
#5225=DIRECTION('ref_axis',(-1.,0.,0.));
#5226=DIRECTION('axis',(0.,0.,1.));
#5227=DIRECTION('refdir',(1.,0.,0.));
#5228=DIRECTION('center_axis',(0.,0.,1.));
#5229=DIRECTION('ref_axis',(1.,0.,0.));
#5230=DIRECTION('center_axis',(0.,0.,-1.));
#5231=DIRECTION('ref_axis',(0.,-1.,0.));
#5232=DIRECTION('',(0.,-1.,0.));
#5233=DIRECTION('center_axis',(0.,0.,-1.));
#5234=DIRECTION('ref_axis',(-1.,0.,0.));
#5235=DIRECTION('',(1.,0.,0.));
#5236=DIRECTION('center_axis',(0.,0.,1.));
#5237=DIRECTION('ref_axis',(0.,-1.,0.));
#5238=DIRECTION('',(0.,-1.,0.));
#5239=DIRECTION('center_axis',(0.,0.,-1.));
#5240=DIRECTION('ref_axis',(-1.,0.,0.));
#5241=DIRECTION('',(-1.,0.,0.));
#5242=DIRECTION('center_axis',(0.,0.,-1.));
#5243=DIRECTION('ref_axis',(0.,1.,0.));
#5244=DIRECTION('',(0.,-1.,0.));
#5245=DIRECTION('center_axis',(0.,0.,1.));
#5246=DIRECTION('ref_axis',(-1.,0.,0.));
#5247=DIRECTION('',(-1.,0.,0.));
#5248=DIRECTION('center_axis',(0.,0.,-1.));
#5249=DIRECTION('ref_axis',(0.,1.,0.));
#5250=DIRECTION('',(0.,1.,0.));
#5251=DIRECTION('center_axis',(0.,0.,-1.));
#5252=DIRECTION('ref_axis',(1.,0.,0.));
#5253=DIRECTION('',(-1.,0.,0.));
#5254=DIRECTION('center_axis',(0.,0.,1.));
#5255=DIRECTION('ref_axis',(0.,1.,0.));
#5256=DIRECTION('',(0.,1.,0.));
#5257=DIRECTION('center_axis',(0.,0.,-1.));
#5258=DIRECTION('ref_axis',(1.,0.,0.));
#5259=DIRECTION('',(1.,0.,0.));
#5260=DIRECTION('center_axis',(0.,0.,-1.));
#5261=DIRECTION('ref_axis',(0.,-1.,0.));
#5262=DIRECTION('',(0.,1.,0.));
#5263=DIRECTION('center_axis',(0.,0.,1.));
#5264=DIRECTION('ref_axis',(1.,0.,0.));
#5265=DIRECTION('',(1.,0.,0.));
#5266=DIRECTION('center_axis',(0.,0.,1.));
#5267=DIRECTION('ref_axis',(0.,1.,0.));
#5268=DIRECTION('center_axis',(0.,0.,1.));
#5269=DIRECTION('ref_axis',(-1.,0.,0.));
#5270=DIRECTION('center_axis',(0.,0.,1.));
#5271=DIRECTION('ref_axis',(-1.,0.,0.));
#5272=DIRECTION('',(0.,0.,1.));
#5273=DIRECTION('',(0.,0.,1.));
#5274=DIRECTION('center_axis',(0.,0.,1.));
#5275=DIRECTION('ref_axis',(1.,0.,0.));
#5276=DIRECTION('',(-1.,0.,0.));
#5277=DIRECTION('center_axis',(0.,0.,1.));
#5278=DIRECTION('ref_axis',(0.,1.,0.));
#5279=DIRECTION('',(0.,1.,0.));
#5280=DIRECTION('center_axis',(0.,0.,1.));
#5281=DIRECTION('ref_axis',(0.,-1.,0.));
#5282=DIRECTION('',(1.,0.,0.));
#5283=DIRECTION('center_axis',(0.,0.,1.));
#5284=DIRECTION('ref_axis',(0.,-1.,0.));
#5285=DIRECTION('',(0.,-1.,0.));
#5286=DIRECTION('center_axis',(0.,0.,1.));
#5287=DIRECTION('ref_axis',(-1.,0.,0.));
#5288=DIRECTION('',(-1.,0.,0.));
#5289=DIRECTION('center_axis',(0.,0.,1.));
#5290=DIRECTION('ref_axis',(1.,0.,0.));
#5291=DIRECTION('',(0.,1.,0.));
#5292=DIRECTION('center_axis',(0.,0.,1.));
#5293=DIRECTION('ref_axis',(1.,0.,0.));
#5294=DIRECTION('',(1.,0.,0.));
#5295=DIRECTION('center_axis',(0.,0.,1.));
#5296=DIRECTION('ref_axis',(0.,-1.,0.));
#5297=DIRECTION('',(0.,-1.,0.));
#5298=DIRECTION('center_axis',(0.,0.,1.));
#5299=DIRECTION('ref_axis',(0.,1.,0.));
#5300=DIRECTION('',(-1.,0.,0.));
#5301=DIRECTION('center_axis',(0.,0.,1.));
#5302=DIRECTION('ref_axis',(0.,1.,0.));
#5303=DIRECTION('',(0.,1.,0.));
#5304=DIRECTION('center_axis',(0.,0.,1.));
#5305=DIRECTION('ref_axis',(1.,0.,0.));
#5306=DIRECTION('',(1.,0.,0.));
#5307=DIRECTION('center_axis',(0.,0.,1.));
#5308=DIRECTION('ref_axis',(-1.,0.,0.));
#5309=DIRECTION('',(0.,-1.,0.));
#5310=DIRECTION('center_axis',(0.,0.,1.));
#5311=DIRECTION('ref_axis',(0.,1.,0.));
#5312=DIRECTION('center_axis',(-1.,0.,0.));
#5313=DIRECTION('ref_axis',(0.,-1.,0.));
#5314=DIRECTION('',(0.,0.,-1.));
#5315=DIRECTION('center_axis',(0.,0.,-1.));
#5316=DIRECTION('ref_axis',(-1.,0.,0.));
#5317=DIRECTION('',(0.,0.,-1.));
#5318=DIRECTION('center_axis',(0.,-1.,0.));
#5319=DIRECTION('ref_axis',(1.,0.,0.));
#5320=DIRECTION('',(0.,0.,-1.));
#5321=DIRECTION('center_axis',(0.,0.,-1.));
#5322=DIRECTION('ref_axis',(1.,0.,0.));
#5323=DIRECTION('',(0.,0.,-1.));
#5324=DIRECTION('center_axis',(1.,0.,0.));
#5325=DIRECTION('ref_axis',(0.,1.,0.));
#5326=DIRECTION('',(0.,0.,1.));
#5327=DIRECTION('center_axis',(0.,0.,1.));
#5328=DIRECTION('ref_axis',(0.,1.,0.));
#5329=DIRECTION('',(0.,0.,1.));
#5330=DIRECTION('center_axis',(0.,1.,0.));
#5331=DIRECTION('ref_axis',(-1.,0.,0.));
#5332=DIRECTION('',(0.,0.,-1.));
#5333=DIRECTION('center_axis',(0.,0.,-1.));
#5334=DIRECTION('ref_axis',(0.,1.,0.));
#5335=DIRECTION('',(0.,0.,-1.));
#5336=DIRECTION('center_axis',(-1.,0.,0.));
#5337=DIRECTION('ref_axis',(0.,-1.,0.));
#5338=DIRECTION('',(0.,0.,-1.));
#5339=DIRECTION('center_axis',(0.,0.,-1.));
#5340=DIRECTION('ref_axis',(0.,-1.,0.));
#5341=DIRECTION('',(0.,0.,-1.));
#5342=DIRECTION('center_axis',(0.,-1.,0.));
#5343=DIRECTION('ref_axis',(1.,0.,0.));
#5344=DIRECTION('',(0.,0.,1.));
#5345=DIRECTION('center_axis',(0.,0.,1.));
#5346=DIRECTION('ref_axis',(1.,0.,0.));
#5347=DIRECTION('',(0.,0.,1.));
#5348=DIRECTION('center_axis',(1.,0.,0.));
#5349=DIRECTION('ref_axis',(0.,1.,0.));
#5350=DIRECTION('',(0.,0.,-1.));
#5351=DIRECTION('center_axis',(0.,0.,-1.));
#5352=DIRECTION('ref_axis',(1.,0.,0.));
#5353=DIRECTION('',(0.,0.,-1.));
#5354=DIRECTION('center_axis',(0.,1.,0.));
#5355=DIRECTION('ref_axis',(-1.,0.,0.));
#5356=DIRECTION('',(0.,0.,-1.));
#5357=DIRECTION('center_axis',(0.,0.,-1.));
#5358=DIRECTION('ref_axis',(-1.,0.,0.));
#5359=DIRECTION('',(0.,0.,-1.));
#5360=DIRECTION('center_axis',(-1.,0.,0.));
#5361=DIRECTION('ref_axis',(0.,-1.,0.));
#5362=DIRECTION('',(0.,0.,1.));
#5363=DIRECTION('center_axis',(0.,0.,1.));
#5364=DIRECTION('ref_axis',(0.,-1.,0.));
#5365=DIRECTION('',(0.,0.,1.));
#5366=DIRECTION('center_axis',(0.,-1.,0.));
#5367=DIRECTION('ref_axis',(1.,0.,0.));
#5368=DIRECTION('',(0.,0.,-1.));
#5369=DIRECTION('center_axis',(0.,0.,-1.));
#5370=DIRECTION('ref_axis',(0.,-1.,0.));
#5371=DIRECTION('',(0.,0.,-1.));
#5372=DIRECTION('center_axis',(1.,0.,0.));
#5373=DIRECTION('ref_axis',(0.,1.,0.));
#5374=DIRECTION('',(0.,0.,-1.));
#5375=DIRECTION('center_axis',(0.,0.,-1.));
#5376=DIRECTION('ref_axis',(0.,1.,0.));
#5377=DIRECTION('',(0.,0.,-1.));
#5378=DIRECTION('center_axis',(0.,1.,0.));
#5379=DIRECTION('ref_axis',(-1.,0.,0.));
#5380=DIRECTION('center_axis',(0.,0.,1.));
#5381=DIRECTION('ref_axis',(0.,1.,0.));
#5382=DIRECTION('',(0.,0.,1.));
#5383=DIRECTION('axis',(0.,0.,1.));
#5384=DIRECTION('refdir',(1.,0.,0.));
#5385=DIRECTION('center_axis',(0.,0.,1.));
#5386=DIRECTION('ref_axis',(1.,0.,0.));
#5387=DIRECTION('center_axis',(0.,0.,-1.));
#5388=DIRECTION('ref_axis',(0.,1.,0.));
#5389=DIRECTION('',(0.,-1.,0.));
#5390=DIRECTION('center_axis',(0.,0.,1.));
#5391=DIRECTION('ref_axis',(-1.,0.,0.));
#5392=DIRECTION('',(-1.,0.,0.));
#5393=DIRECTION('center_axis',(0.,0.,-1.));
#5394=DIRECTION('ref_axis',(0.,1.,0.));
#5395=DIRECTION('',(0.,1.,0.));
#5396=DIRECTION('center_axis',(0.,0.,-1.));
#5397=DIRECTION('ref_axis',(1.,0.,0.));
#5398=DIRECTION('',(-1.,0.,0.));
#5399=DIRECTION('center_axis',(0.,0.,1.));
#5400=DIRECTION('ref_axis',(0.,1.,0.));
#5401=DIRECTION('',(0.,1.,0.));
#5402=DIRECTION('center_axis',(0.,0.,-1.));
#5403=DIRECTION('ref_axis',(1.,0.,0.));
#5404=DIRECTION('',(1.,0.,0.));
#5405=DIRECTION('center_axis',(0.,0.,-1.));
#5406=DIRECTION('ref_axis',(0.,-1.,0.));
#5407=DIRECTION('',(0.,1.,0.));
#5408=DIRECTION('center_axis',(0.,0.,1.));
#5409=DIRECTION('ref_axis',(1.,0.,0.));
#5410=DIRECTION('',(1.,0.,0.));
#5411=DIRECTION('center_axis',(0.,0.,-1.));
#5412=DIRECTION('ref_axis',(0.,-1.,0.));
#5413=DIRECTION('',(0.,-1.,0.));
#5414=DIRECTION('center_axis',(0.,0.,-1.));
#5415=DIRECTION('ref_axis',(-1.,0.,0.));
#5416=DIRECTION('',(1.,0.,0.));
#5417=DIRECTION('center_axis',(0.,0.,1.));
#5418=DIRECTION('ref_axis',(0.,-1.,0.));
#5419=DIRECTION('',(0.,-1.,0.));
#5420=DIRECTION('center_axis',(0.,0.,-1.));
#5421=DIRECTION('ref_axis',(-1.,0.,0.));
#5422=DIRECTION('',(-1.,0.,0.));
#5423=DIRECTION('center_axis',(0.,0.,1.));
#5424=DIRECTION('ref_axis',(1.,0.,0.));
#5425=DIRECTION('center_axis',(0.,0.,1.));
#5426=DIRECTION('ref_axis',(1.,0.,0.));
#5427=DIRECTION('',(0.,0.,1.));
#5428=DIRECTION('center_axis',(0.,0.,1.));
#5429=DIRECTION('ref_axis',(1.,0.,0.));
#5430=DIRECTION('center_axis',(0.,0.,1.));
#5431=DIRECTION('ref_axis',(1.,0.,0.));
#5432=DIRECTION('center_axis',(0.,0.,1.));
#5433=DIRECTION('ref_axis',(1.,0.,0.));
#5434=DIRECTION('center_axis',(0.,0.,1.));
#5435=DIRECTION('ref_axis',(1.,0.,0.));
#5436=DIRECTION('center_axis',(0.,0.,1.));
#5437=DIRECTION('ref_axis',(1.,0.,0.));
#5438=DIRECTION('',(0.,0.,1.));
#5439=DIRECTION('center_axis',(0.,0.,1.));
#5440=DIRECTION('ref_axis',(1.,0.,0.));
#5441=DIRECTION('center_axis',(0.,0.,1.));
#5442=DIRECTION('ref_axis',(1.,0.,0.));
#5443=DIRECTION('center_axis',(0.,0.,1.));
#5444=DIRECTION('ref_axis',(1.,0.,0.));
#5445=DIRECTION('center_axis',(0.,0.,1.));
#5446=DIRECTION('ref_axis',(1.,0.,0.));
#5447=DIRECTION('center_axis',(0.,0.,1.));
#5448=DIRECTION('ref_axis',(1.,0.,0.));
#5449=DIRECTION('center_axis',(0.,0.,1.));
#5450=DIRECTION('ref_axis',(1.,0.,0.));
#5451=DIRECTION('',(0.,0.,1.));
#5452=DIRECTION('center_axis',(0.,0.,1.));
#5453=DIRECTION('ref_axis',(1.,0.,0.));
#5454=DIRECTION('center_axis',(0.,0.,1.));
#5455=DIRECTION('ref_axis',(1.,0.,0.));
#5456=DIRECTION('center_axis',(0.,0.,1.));
#5457=DIRECTION('ref_axis',(1.,0.,0.));
#5458=DIRECTION('center_axis',(0.,0.,1.));
#5459=DIRECTION('ref_axis',(-1.,0.,0.));
#5460=DIRECTION('center_axis',(0.,0.,1.));
#5461=DIRECTION('ref_axis',(1.,0.,0.));
#5462=DIRECTION('',(0.,0.,-1.));
#5463=DIRECTION('center_axis',(0.,0.,-1.));
#5464=DIRECTION('ref_axis',(-1.,0.,0.));
#5465=DIRECTION('center_axis',(0.,0.,1.));
#5466=DIRECTION('ref_axis',(1.,0.,0.));
#5467=DIRECTION('center_axis',(0.,0.,1.));
#5468=DIRECTION('ref_axis',(1.,0.,0.));
#5469=DIRECTION('center_axis',(0.,0.,1.));
#5470=DIRECTION('ref_axis',(1.,0.,0.));
#5471=DIRECTION('center_axis',(0.,0.,1.));
#5472=DIRECTION('ref_axis',(1.,0.,0.));
#5473=DIRECTION('',(0.,0.,1.));
#5474=DIRECTION('center_axis',(0.,0.,1.));
#5475=DIRECTION('ref_axis',(1.,0.,0.));
#5476=DIRECTION('center_axis',(0.,0.,1.));
#5477=DIRECTION('ref_axis',(1.,0.,0.));
#5478=DIRECTION('center_axis',(0.,0.,1.));
#5479=DIRECTION('ref_axis',(1.,0.,0.));
#5480=DIRECTION('center_axis',(0.,0.,1.));
#5481=DIRECTION('ref_axis',(1.,0.,0.));
#5482=DIRECTION('',(-1.,0.,0.));
#5483=DIRECTION('center_axis',(0.,0.,1.));
#5484=DIRECTION('ref_axis',(0.,1.,0.));
#5485=DIRECTION('',(0.,-1.,0.));
#5486=DIRECTION('center_axis',(0.,0.,-1.));
#5487=DIRECTION('ref_axis',(1.,0.,0.));
#5488=DIRECTION('',(1.,0.,0.));
#5489=DIRECTION('center_axis',(0.,0.,1.));
#5490=DIRECTION('ref_axis',(0.,1.,0.));
#5491=DIRECTION('',(0.,-1.,0.));
#5492=DIRECTION('center_axis',(0.,0.,1.));
#5493=DIRECTION('ref_axis',(-1.,0.,0.));
#5494=DIRECTION('',(1.,0.,0.));
#5495=DIRECTION('center_axis',(0.,0.,-1.));
#5496=DIRECTION('ref_axis',(0.,1.,0.));
#5497=DIRECTION('',(0.,1.,0.));
#5498=DIRECTION('center_axis',(0.,0.,1.));
#5499=DIRECTION('ref_axis',(-1.,0.,0.));
#5500=DIRECTION('',(1.,0.,0.));
#5501=DIRECTION('center_axis',(0.,0.,1.));
#5502=DIRECTION('ref_axis',(0.,-1.,0.));
#5503=DIRECTION('',(0.,1.,0.));
#5504=DIRECTION('center_axis',(0.,0.,-1.));
#5505=DIRECTION('ref_axis',(-1.,0.,0.));
#5506=DIRECTION('',(-1.,0.,0.));
#5507=DIRECTION('center_axis',(0.,0.,1.));
#5508=DIRECTION('ref_axis',(0.,-1.,0.));
#5509=DIRECTION('',(0.,1.,0.));
#5510=DIRECTION('center_axis',(0.,0.,1.));
#5511=DIRECTION('ref_axis',(1.,0.,0.));
#5512=DIRECTION('',(-1.,0.,0.));
#5513=DIRECTION('center_axis',(0.,0.,-1.));
#5514=DIRECTION('ref_axis',(0.,-1.,0.));
#5515=DIRECTION('',(0.,-1.,0.));
#5516=DIRECTION('center_axis',(0.,0.,-1.));
#5517=DIRECTION('ref_axis',(0.,1.,0.));
#5518=DIRECTION('',(0.,0.,-1.));
#5519=DIRECTION('',(0.,0.,-1.));
#5520=DIRECTION('center_axis',(-1.,0.,0.));
#5521=DIRECTION('ref_axis',(0.,-1.,0.));
#5522=DIRECTION('',(0.,0.,-1.));
#5523=DIRECTION('center_axis',(0.,0.,-1.));
#5524=DIRECTION('ref_axis',(0.,-1.,0.));
#5525=DIRECTION('',(0.,0.,-1.));
#5526=DIRECTION('center_axis',(0.,-1.,0.));
#5527=DIRECTION('ref_axis',(1.,0.,0.));
#5528=DIRECTION('',(0.,0.,1.));
#5529=DIRECTION('center_axis',(0.,0.,1.));
#5530=DIRECTION('ref_axis',(1.,0.,0.));
#5531=DIRECTION('',(0.,0.,1.));
#5532=DIRECTION('center_axis',(1.,0.,0.));
#5533=DIRECTION('ref_axis',(0.,1.,0.));
#5534=DIRECTION('',(0.,0.,-1.));
#5535=DIRECTION('center_axis',(0.,0.,-1.));
#5536=DIRECTION('ref_axis',(1.,0.,0.));
#5537=DIRECTION('',(0.,0.,-1.));
#5538=DIRECTION('center_axis',(0.,1.,0.));
#5539=DIRECTION('ref_axis',(-1.,0.,0.));
#5540=DIRECTION('',(0.,0.,-1.));
#5541=DIRECTION('center_axis',(0.,0.,-1.));
#5542=DIRECTION('ref_axis',(-1.,0.,0.));
#5543=DIRECTION('',(0.,0.,-1.));
#5544=DIRECTION('center_axis',(-1.,0.,0.));
#5545=DIRECTION('ref_axis',(0.,-1.,0.));
#5546=DIRECTION('',(0.,0.,1.));
#5547=DIRECTION('center_axis',(0.,0.,1.));
#5548=DIRECTION('ref_axis',(0.,-1.,0.));
#5549=DIRECTION('',(0.,0.,1.));
#5550=DIRECTION('center_axis',(0.,-1.,0.));
#5551=DIRECTION('ref_axis',(1.,0.,0.));
#5552=DIRECTION('',(0.,0.,-1.));
#5553=DIRECTION('center_axis',(0.,0.,-1.));
#5554=DIRECTION('ref_axis',(0.,-1.,0.));
#5555=DIRECTION('',(0.,0.,-1.));
#5556=DIRECTION('center_axis',(1.,0.,0.));
#5557=DIRECTION('ref_axis',(0.,1.,0.));
#5558=DIRECTION('',(0.,0.,-1.));
#5559=DIRECTION('center_axis',(0.,0.,-1.));
#5560=DIRECTION('ref_axis',(0.,1.,0.));
#5561=DIRECTION('',(0.,0.,-1.));
#5562=DIRECTION('center_axis',(0.,1.,0.));
#5563=DIRECTION('ref_axis',(-1.,0.,0.));
#5564=DIRECTION('',(0.,0.,1.));
#5565=DIRECTION('center_axis',(0.,0.,1.));
#5566=DIRECTION('ref_axis',(-1.,0.,0.));
#5567=DIRECTION('',(0.,0.,1.));
#5568=DIRECTION('center_axis',(-1.,0.,0.));
#5569=DIRECTION('ref_axis',(0.,-1.,0.));
#5570=DIRECTION('',(0.,0.,-1.));
#5571=DIRECTION('center_axis',(0.,0.,-1.));
#5572=DIRECTION('ref_axis',(-1.,0.,0.));
#5573=DIRECTION('',(0.,0.,-1.));
#5574=DIRECTION('center_axis',(0.,-1.,0.));
#5575=DIRECTION('ref_axis',(1.,0.,0.));
#5576=DIRECTION('',(0.,0.,-1.));
#5577=DIRECTION('center_axis',(0.,0.,-1.));
#5578=DIRECTION('ref_axis',(1.,0.,0.));
#5579=DIRECTION('',(0.,0.,-1.));
#5580=DIRECTION('center_axis',(1.,0.,0.));
#5581=DIRECTION('ref_axis',(0.,1.,0.));
#5582=DIRECTION('',(0.,0.,1.));
#5583=DIRECTION('center_axis',(0.,0.,1.));
#5584=DIRECTION('ref_axis',(0.,1.,0.));
#5585=DIRECTION('',(0.,0.,1.));
#5586=DIRECTION('center_axis',(0.,1.,0.));
#5587=DIRECTION('ref_axis',(-1.,0.,0.));
#5588=DIRECTION('axis',(0.,0.,1.));
#5589=DIRECTION('refdir',(1.,0.,0.));
#5590=DIRECTION('center_axis',(-6.12323399573677E-17,-1.,0.));
#5591=DIRECTION('ref_axis',(-1.,0.,0.));
#5592=DIRECTION('center_axis',(0.,-1.,0.));
#5593=DIRECTION('ref_axis',(1.,0.,0.));
#5594=DIRECTION('center_axis',(-1.22464679914735E-16,0.,1.));
#5595=DIRECTION('ref_axis',(1.,0.,1.22464679914735E-16));
#5596=DIRECTION('center_axis',(0.866025403784429,-0.500000000000017,0.));
#5597=DIRECTION('ref_axis',(0.500000000000017,0.866025403784429,0.));
#5598=DIRECTION('center_axis',(0.,0.,1.));
#5599=DIRECTION('ref_axis',(0.276920829386896,0.960892738161588,0.));
#5600=DIRECTION('center_axis',(1.,0.,0.));
#5601=DIRECTION('ref_axis',(0.,0.992747688338649,0.120216584955106));
#5602=DIRECTION('center_axis',(0.,-0.500000000000017,0.866025403784429));
#5603=DIRECTION('ref_axis',(0.0618094527707625,0.864369535361536,0.499043983920317));
#5604=DIRECTION('center_axis',(-1.,0.,0.));
#5605=DIRECTION('ref_axis',(0.,0.960892738161588,0.276920829386896));
#5606=DIRECTION('center_axis',(0.,0.,1.));
#5607=DIRECTION('ref_axis',(-0.120216584955106,0.992747688338649,0.));
#5608=DIRECTION('center_axis',(-0.866025403784429,-0.500000000000017,0.));
#5609=DIRECTION('ref_axis',(-0.500000000000017,0.866025403784429,0.));
#5610=DIRECTION('center_axis',(0.,0.,-1.));
#5611=DIRECTION('ref_axis',(-0.276920829386896,0.960892738161588,0.));
#5612=DIRECTION('center_axis',(-1.,0.,0.));
#5613=DIRECTION('ref_axis',(0.,0.992747688338649,-0.120216584955106));
#5614=DIRECTION('center_axis',(0.,-0.500000000000017,-0.866025403784429));
#5615=DIRECTION('ref_axis',(-0.0618094527707625,0.864369535361536,-0.499043983920317));
#5616=DIRECTION('center_axis',(1.,0.,0.));
#5617=DIRECTION('ref_axis',(0.,0.960892738161588,-0.276920829386896));
#5618=DIRECTION('center_axis',(0.,0.,-1.));
#5619=DIRECTION('ref_axis',(0.120216584955106,0.992747688338649,0.));
#5620=DIRECTION('center_axis',(0.866025403784429,-0.500000000000017,0.));
#5621=DIRECTION('ref_axis',(0.500000000000017,0.866025403784429,0.));
#5622=DIRECTION('center_axis',(0.,1.,0.));
#5623=DIRECTION('ref_axis',(1.,0.,0.));
#5624=DIRECTION('',(0.,1.,0.));
#5625=DIRECTION('',(0.,1.,0.));
#5626=DIRECTION('center_axis',(0.,-1.,0.));
#5627=DIRECTION('ref_axis',(0.,0.,-1.));
#5628=DIRECTION('',(0.,1.,0.));
#5629=DIRECTION('',(0.,1.,0.));
#5630=DIRECTION('center_axis',(0.,0.,1.));
#5631=DIRECTION('ref_axis',(1.,0.,0.));
#5632=DIRECTION('',(-0.500000000000017,0.866025403784429,0.));
#5633=DIRECTION('center_axis',(-0.866025403784429,-0.500000000000017,0.));
#5634=DIRECTION('ref_axis',(0.,0.,-1.));
#5635=DIRECTION('',(-0.500000000000017,0.866025403784429,0.));
#5636=DIRECTION('',(0.,0.,-1.));
#5637=DIRECTION('',(-0.500000000000017,0.866025403784429,0.));
#5638=DIRECTION('',(-0.500000000000017,0.866025403784429,0.));
#5639=DIRECTION('center_axis',(0.,1.,0.));
#5640=DIRECTION('ref_axis',(0.,0.,1.));
#5641=DIRECTION('',(0.,1.,0.));
#5642=DIRECTION('',(0.,1.,0.));
#5643=DIRECTION('center_axis',(0.,-1.,0.));
#5644=DIRECTION('ref_axis',(1.,0.,0.));
#5645=DIRECTION('',(0.,1.,0.));
#5646=DIRECTION('',(0.,1.,0.));
#5647=DIRECTION('center_axis',(-1.,0.,0.));
#5648=DIRECTION('ref_axis',(0.,0.,1.));
#5649=DIRECTION('',(0.,0.866025403784429,-0.500000000000017));
#5650=DIRECTION('center_axis',(0.,-0.500000000000017,-0.866025403784429));
#5651=DIRECTION('ref_axis',(1.,0.,0.));
#5652=DIRECTION('',(0.,0.866025403784429,-0.500000000000017));
#5653=DIRECTION('',(1.,0.,0.));
#5654=DIRECTION('',(0.,0.866025403784429,-0.500000000000017));
#5655=DIRECTION('',(0.,0.866025403784429,-0.500000000000017));
#5656=DIRECTION('center_axis',(1.,0.,0.));
#5657=DIRECTION('ref_axis',(0.,0.,-1.));
#5658=DIRECTION('',(0.,1.,0.));
#5659=DIRECTION('center_axis',(0.,1.,0.));
#5660=DIRECTION('ref_axis',(-1.,0.,0.));
#5661=DIRECTION('',(0.,1.,0.));
#5662=DIRECTION('center_axis',(0.,-1.,0.));
#5663=DIRECTION('ref_axis',(0.,0.,1.));
#5664=DIRECTION('',(0.,1.,0.));
#5665=DIRECTION('',(0.,1.,0.));
#5666=DIRECTION('center_axis',(0.,0.,-1.));
#5667=DIRECTION('ref_axis',(-1.,0.,0.));
#5668=DIRECTION('',(0.500000000000017,0.866025403784429,0.));
#5669=DIRECTION('center_axis',(0.866025403784429,-0.500000000000017,0.));
#5670=DIRECTION('ref_axis',(0.,0.,1.));
#5671=DIRECTION('',(0.500000000000017,0.866025403784429,0.));
#5672=DIRECTION('',(0.,0.,1.));
#5673=DIRECTION('',(0.500000000000017,0.866025403784429,0.));
#5674=DIRECTION('',(0.500000000000017,0.866025403784429,0.));
#5675=DIRECTION('center_axis',(0.,0.,1.));
#5676=DIRECTION('ref_axis',(1.,0.,0.));
#5677=DIRECTION('',(0.,1.,0.));
#5678=DIRECTION('center_axis',(0.,1.,0.));
#5679=DIRECTION('ref_axis',(0.,0.,-1.));
#5680=DIRECTION('',(0.,1.,0.));
#5681=DIRECTION('center_axis',(0.,-1.,0.));
#5682=DIRECTION('ref_axis',(-1.,0.,0.));
#5683=DIRECTION('',(0.,1.,0.));
#5684=DIRECTION('',(0.,1.,0.));
#5685=DIRECTION('center_axis',(1.,0.,0.));
#5686=DIRECTION('ref_axis',(0.,0.,-1.));
#5687=DIRECTION('',(0.,0.866025403784429,0.500000000000017));
#5688=DIRECTION('center_axis',(0.,-0.500000000000017,0.866025403784429));
#5689=DIRECTION('ref_axis',(-1.,0.,0.));
#5690=DIRECTION('',(0.,0.866025403784429,0.500000000000017));
#5691=DIRECTION('',(-1.,0.,0.));
#5692=DIRECTION('',(0.,0.866025403784429,0.500000000000017));
#5693=DIRECTION('',(0.,0.866025403784429,0.500000000000017));
#5694=DIRECTION('center_axis',(-1.,0.,0.));
#5695=DIRECTION('ref_axis',(0.,0.,1.));
#5696=DIRECTION('center_axis',(-1.,0.,0.));
#5697=DIRECTION('ref_axis',(0.,0.,1.));
#5698=DIRECTION('',(0.,0.,1.));
#5699=DIRECTION('center_axis',(0.,1.,0.));
#5700=DIRECTION('ref_axis',(0.,0.,-1.));
#5701=DIRECTION('',(-1.,0.,0.));
#5702=DIRECTION('',(1.,0.,0.));
#5703=DIRECTION('',(0.,0.,-1.));
#5704=DIRECTION('',(1.,0.,0.));
#5705=DIRECTION('',(-1.,0.,0.));
#5706=DIRECTION('',(0.,0.,-1.));
#5707=DIRECTION('',(0.,0.,1.));
#5708=DIRECTION('center_axis',(0.,0.,-1.));
#5709=DIRECTION('ref_axis',(-1.,0.,0.));
#5710=DIRECTION('center_axis',(-1.,0.,0.));
#5711=DIRECTION('ref_axis',(0.,0.,1.));
#5712=DIRECTION('center_axis',(1.,0.,0.));
#5713=DIRECTION('ref_axis',(0.,0.,-1.));
#5714=DIRECTION('center_axis',(0.,0.,-1.));
#5715=DIRECTION('ref_axis',(-1.,0.,0.));
#5716=DIRECTION('center_axis',(0.,0.,1.));
#5717=DIRECTION('ref_axis',(1.,0.,0.));
#5718=DIRECTION('center_axis',(1.,0.,0.));
#5719=DIRECTION('ref_axis',(0.,0.,-1.));
#5720=DIRECTION('center_axis',(0.,0.,1.));
#5721=DIRECTION('ref_axis',(1.,0.,0.));
#5722=DIRECTION('center_axis',(0.,0.,-1.));
#5723=DIRECTION('ref_axis',(-1.,0.,0.));
#5724=DIRECTION('center_axis',(0.,-1.,0.));
#5725=DIRECTION('ref_axis',(-1.,0.,0.));
#5726=DIRECTION('center_axis',(0.,1.,0.));
#5727=DIRECTION('ref_axis',(1.,0.,0.));
#5728=DIRECTION('',(0.,1.,0.));
#5729=DIRECTION('center_axis',(0.,1.,0.));
#5730=DIRECTION('ref_axis',(1.,0.,0.));
#5731=DIRECTION('center_axis',(0.,-1.,0.));
#5732=DIRECTION('ref_axis',(-1.,0.,0.));
#5733=DIRECTION('center_axis',(0.,-1.,0.));
#5734=DIRECTION('ref_axis',(1.,0.,0.));
#5735=DIRECTION('center_axis',(0.,-1.,0.));
#5736=DIRECTION('ref_axis',(1.,0.,0.));
#5737=DIRECTION('center_axis',(0.,-1.,0.));
#5738=DIRECTION('ref_axis',(-1.,0.,0.));
#5739=DIRECTION('center_axis',(0.,1.,0.));
#5740=DIRECTION('ref_axis',(1.,0.,0.));
#5741=DIRECTION('center_axis',(1.22464679914735E-16,0.,-1.));
#5742=DIRECTION('ref_axis',(1.,0.,1.22464679914735E-16));
#5743=DIRECTION('center_axis',(0.,1.,0.));
#5744=DIRECTION('ref_axis',(1.,0.,0.));
#5745=DIRECTION('center_axis',(0.,-1.,0.));
#5746=DIRECTION('ref_axis',(-1.,0.,0.));
#5747=DIRECTION('center_axis',(0.,1.,0.));
#5748=DIRECTION('ref_axis',(1.,0.,0.));
#5749=DIRECTION('center_axis',(0.,1.,0.));
#5750=DIRECTION('ref_axis',(1.,0.,0.));
#5751=DIRECTION('',(0.,1.,0.));
#5752=DIRECTION('center_axis',(0.,1.,0.));
#5753=DIRECTION('ref_axis',(0.,0.,-1.));
#5754=DIRECTION('',(-8.65956056235493E-17,-0.707106781186548,-0.707106781186548));
#5755=DIRECTION('center_axis',(0.,1.,0.));
#5756=DIRECTION('ref_axis',(1.,0.,0.));
#5757=DIRECTION('center_axis',(0.,1.,0.));
#5758=DIRECTION('ref_axis',(1.,0.,0.));
#5759=DIRECTION('center_axis',(0.,-1.,0.));
#5760=DIRECTION('ref_axis',(-1.,0.,0.));
#5761=DIRECTION('center_axis',(0.,-1.,0.));
#5762=DIRECTION('ref_axis',(1.,0.,0.));
#5763=DIRECTION('center_axis',(0.,-1.,0.));
#5764=DIRECTION('ref_axis',(-1.,0.,0.));
#5765=DIRECTION('center_axis',(0.,-1.,0.));
#5766=DIRECTION('ref_axis',(-1.,0.,0.));
#5767=DIRECTION('',(0.,1.,0.));
#5768=DIRECTION('center_axis',(0.,-1.,0.));
#5769=DIRECTION('ref_axis',(-1.,0.,0.));
#5770=DIRECTION('center_axis',(0.,-1.,0.));
#5771=DIRECTION('ref_axis',(-1.,0.,0.));
#5772=DIRECTION('center_axis',(0.,-1.,0.));
#5773=DIRECTION('ref_axis',(1.,0.,0.));
#5774=DIRECTION('center_axis',(0.,1.,0.));
#5775=DIRECTION('ref_axis',(-1.,0.,0.));
#5776=DIRECTION('',(0.,0.,1.));
#5777=DIRECTION('',(1.,0.,0.));
#5778=DIRECTION('',(-1.,0.,0.));
#5779=DIRECTION('',(0.,-1.,0.));
#5780=DIRECTION('',(1.,0.,0.));
#5781=DIRECTION('',(0.,1.,0.));
#5782=DIRECTION('',(-1.,0.,0.));
#5783=DIRECTION('',(0.,-1.,0.));
#5784=DIRECTION('',(0.,0.,1.));
#5785=DIRECTION('',(0.,1.,0.));
#5786=DIRECTION('',(0.,-1.,0.));
#5787=DIRECTION('',(0.,0.,1.));
#5788=DIRECTION('',(0.,0.,-1.));
#5789=DIRECTION('',(0.,-1.,0.));
#5790=DIRECTION('',(0.,1.,0.));
#5791=DIRECTION('',(0.,0.,-1.));
#5792=CARTESIAN_POINT('',(0.,0.,0.));
#5793=CARTESIAN_POINT('',(0.,0.,0.));
#5794=CARTESIAN_POINT('',(0.,0.,0.));
#5795=CARTESIAN_POINT('Origin',(-2.515,0.,0.));
#5796=CARTESIAN_POINT('',(50.3,-8.5,0.));
#5797=CARTESIAN_POINT('',(50.3,8.5,1.04094977927525E-15));
#5798=CARTESIAN_POINT('Origin',(50.3,0.,0.));
#5799=CARTESIAN_POINT('Origin',(50.3,0.,0.));
#5800=CARTESIAN_POINT('',(37.5,8.5,1.04094977927525E-15));
#5801=CARTESIAN_POINT('',(-2.515,8.5,1.04094977927525E-15));
#5802=CARTESIAN_POINT('',(37.5,-8.5,0.));
#5803=CARTESIAN_POINT('Origin',(37.5,0.,0.));
#5804=CARTESIAN_POINT('Origin',(37.5,0.,0.));
#5805=CARTESIAN_POINT('Origin',(50.3,0.,0.));
#5806=CARTESIAN_POINT('',(50.3,-9.925,0.));
#5807=CARTESIAN_POINT('',(50.3,9.925,1.21546194815375E-15));
#5808=CARTESIAN_POINT('Origin',(50.3,0.,0.));
#5809=CARTESIAN_POINT('Origin',(50.3,0.,0.));
#5810=CARTESIAN_POINT('Origin',(49.84,0.,0.));
#5811=CARTESIAN_POINT('',(59.5,-9.925,0.));
#5812=CARTESIAN_POINT('',(59.5,9.925,1.21546194815375E-15));
#5813=CARTESIAN_POINT('Origin',(59.5,0.,0.));
#5814=CARTESIAN_POINT('',(49.84,9.925,1.21546194815375E-15));
#5815=CARTESIAN_POINT('Origin',(59.5,0.,0.));
#5816=CARTESIAN_POINT('Origin',(59.5,0.,0.));
#5817=CARTESIAN_POINT('',(59.5,9.5,0.));
#5818=CARTESIAN_POINT('Origin',(59.5,0.,0.));
#5819=CARTESIAN_POINT('Origin',(56.96,0.,0.));
#5820=CARTESIAN_POINT('',(110.3,9.5,0.));
#5821=CARTESIAN_POINT('Origin',(110.3,0.,0.));
#5822=CARTESIAN_POINT('',(56.96,9.5,1.16341445918999E-15));
#5823=CARTESIAN_POINT('Origin',(110.3,0.,0.));
#5824=CARTESIAN_POINT('',(110.3,-7.5,0.));
#5825=CARTESIAN_POINT('',(110.3,7.5,9.18485099360515E-16));
#5826=CARTESIAN_POINT('Origin',(110.3,0.,0.));
#5827=CARTESIAN_POINT('Origin',(110.3,0.,0.));
#5828=CARTESIAN_POINT('Origin',(109.53,0.,0.));
#5829=CARTESIAN_POINT('',(125.2,-7.5,0.));
#5830=CARTESIAN_POINT('',(125.200000000005,9.18485099361066E-16,7.5000000000045));
#5831=CARTESIAN_POINT('Origin',(125.2,0.,0.));
#5832=CARTESIAN_POINT('',(125.2,7.5,9.18485099360515E-16));
#5833=CARTESIAN_POINT('Origin',(125.2,0.,0.));
#5834=CARTESIAN_POINT('',(109.53,7.5,9.18485099360515E-16));
#5835=CARTESIAN_POINT('Origin',(125.2,0.,0.));
#5836=CARTESIAN_POINT('Origin',(125.4500000031,0.,0.));
#5837=CARTESIAN_POINT('',(125.700000000004,8.57252759403699E-16,7.0000000000045));
#5838=CARTESIAN_POINT('',(125.4500000031,8.87868929003293E-16,7.249999996909));
#5839=CARTESIAN_POINT('',(125.7,7.,0.));
#5840=CARTESIAN_POINT('Origin',(125.7,0.,0.));
#5841=CARTESIAN_POINT('Origin',(125.7,0.,0.));
#5842=CARTESIAN_POINT('Origin',(125.7,0.,0.));
#5843=CARTESIAN_POINT('',(125.7,0.,-1.5));
#5844=CARTESIAN_POINT('',(125.7,1.83697019872103E-16,1.5));
#5845=CARTESIAN_POINT('Origin',(125.7,0.,0.));
#5846=CARTESIAN_POINT('Origin',(125.7,0.,0.));
#5847=CARTESIAN_POINT('Origin',(126.05,0.,0.));
#5848=CARTESIAN_POINT('',(120.7,1.83697019872103E-16,1.5));
#5849=CARTESIAN_POINT('',(126.05,1.83697019872103E-16,1.5));
#5850=CARTESIAN_POINT('',(120.7,0.,-1.5));
#5851=CARTESIAN_POINT('Origin',(120.7,0.,0.));
#5852=CARTESIAN_POINT('Origin',(120.7,0.,0.));
#5853=CARTESIAN_POINT('Origin',(119.7618237856,0.,0.));
#5854=CARTESIAN_POINT('',(118.7,0.,0.));
#5855=CARTESIAN_POINT('',(119.7618237856,9.7526932526169E-17,-0.7963678392339));
#5856=CARTESIAN_POINT('Origin',(37.5,0.,0.));
#5857=CARTESIAN_POINT('',(37.5,-6.35,0.));
#5858=CARTESIAN_POINT('',(37.5,6.35,7.77650717458569E-16));
#5859=CARTESIAN_POINT('Origin',(37.5,0.,0.));
#5860=CARTESIAN_POINT('Origin',(37.5,0.,0.));
#5861=CARTESIAN_POINT('Origin',(-2.515,0.,0.));
#5862=CARTESIAN_POINT('',(25.,6.35,7.77650717458569E-16));
#5863=CARTESIAN_POINT('',(-2.515,6.35,7.77650717458569E-16));
#5864=CARTESIAN_POINT('',(25.,5.25,3.572114219898));
#5865=CARTESIAN_POINT('Origin',(25.,0.,0.));
#5866=CARTESIAN_POINT('',(0.4999999999658,5.250000000003,3.572114219833));
#5867=CARTESIAN_POINT('',(0.4999999999658,5.250000000003,3.572114219833));
#5868=CARTESIAN_POINT('',(0.499999865182396,5.25000004420784,-3.5721137823774));
#5869=CARTESIAN_POINT('Origin',(0.5,0.,0.));
#5870=CARTESIAN_POINT('',(25.,5.25,-3.572114219898));
#5871=CARTESIAN_POINT('',(0.4999996959621,5.250000024966,-3.57211364273));
#5872=CARTESIAN_POINT('Origin',(25.,0.,0.));
#5873=CARTESIAN_POINT('Origin',(0.2500460661422,-1.554312234475E-14,0.));
#5874=CARTESIAN_POINT('',(0.,5.25,2.580697580113));
#5875=CARTESIAN_POINT('Ctrl Pts',(0.,5.25,2.580697580113));
#5876=CARTESIAN_POINT('Ctrl Pts',(0.07218197173726,5.25,2.744321763712));
#5877=CARTESIAN_POINT('Ctrl Pts',(0.2282177211467,5.249999999999,3.072966173412));
#5878=CARTESIAN_POINT('Ctrl Pts',(0.4060041568221,5.250000000003,3.405021689404));
#5879=CARTESIAN_POINT('Ctrl Pts',(0.4999999999658,5.250000000003,3.572114219833));
#5880=CARTESIAN_POINT('',(0.,5.25,-2.580697580113));
#5881=CARTESIAN_POINT('Origin',(0.,-1.554312234475E-14,0.));
#5882=CARTESIAN_POINT('Ctrl Pts',(0.4999996959621,5.25,-3.57211364273));
#5883=CARTESIAN_POINT('Ctrl Pts',(0.4060580974426,5.25,-3.405117483776));
#5884=CARTESIAN_POINT('Ctrl Pts',(0.31718815568655,5.25,-3.239140804806));
#5885=CARTESIAN_POINT('Ctrl Pts',(0.233730280526737,5.25,-3.073967164138));
#5886=CARTESIAN_POINT('Ctrl Pts',(0.150272405366925,5.25,-2.90879352347));
#5887=CARTESIAN_POINT('Ctrl Pts',(0.07222659680335,5.25,-2.744422921104));
#5888=CARTESIAN_POINT('Ctrl Pts',(0.,5.25,-2.580697580113));
#5889=CARTESIAN_POINT('Origin',(0.,5.25,-3.572114219898));
#5890=CARTESIAN_POINT('',(25.,5.25,-3.572114219898));
#5891=CARTESIAN_POINT('',(0.,5.25,-2.580697580113));
#5892=CARTESIAN_POINT('Origin',(0.,0.,0.));
#5893=CARTESIAN_POINT('Origin',(25.,0.,0.));
#5894=CARTESIAN_POINT('',(0.,0.,0.));
#5895=CARTESIAN_POINT('Origin',(0.,0.,0.));
#5896=CARTESIAN_POINT('',(24.3,0.,0.));
#5897=CARTESIAN_POINT('',(-24.3,-2.97589172192807E-15,0.));
#5898=CARTESIAN_POINT('Origin',(0.,0.,0.));
#5899=CARTESIAN_POINT('Origin',(0.,0.,0.));
#5900=CARTESIAN_POINT('',(9.55,0.,0.));
#5901=CARTESIAN_POINT('',(-9.55,-1.16953769318572E-15,0.));
#5902=CARTESIAN_POINT('Origin',(0.,0.,0.));
#5903=CARTESIAN_POINT('Origin',(0.,0.,0.));
#5904=CARTESIAN_POINT('Origin',(0.,0.,0.));
#5905=CARTESIAN_POINT('',(24.3,0.,2.));
#5906=CARTESIAN_POINT('',(-24.3,-2.97589172192807E-15,2.));
#5907=CARTESIAN_POINT('Origin',(0.,0.,2.));
#5908=CARTESIAN_POINT('Origin',(0.,0.,2.));
#5909=CARTESIAN_POINT('',(-24.3,-2.97589172192807E-15,0.));
#5910=CARTESIAN_POINT('Origin',(0.,0.,2.));
#5911=CARTESIAN_POINT('',(9.55,0.,2.));
#5912=CARTESIAN_POINT('',(-9.55,-1.16953769318572E-15,2.));
#5913=CARTESIAN_POINT('Origin',(0.,0.,2.));
#5914=CARTESIAN_POINT('Origin',(0.,0.,2.));
#5915=CARTESIAN_POINT('Origin',(0.,0.,0.));
#5916=CARTESIAN_POINT('',(-9.55,-1.16953769318572E-15,0.));
#5917=CARTESIAN_POINT('',(0.,0.,0.));
#5918=CARTESIAN_POINT('Origin',(0.,0.,0.));
#5919=CARTESIAN_POINT('',(24.3,0.,0.));
#5920=CARTESIAN_POINT('',(-24.3,-2.97589172192807E-15,0.));
#5921=CARTESIAN_POINT('Origin',(0.,0.,0.));
#5922=CARTESIAN_POINT('Origin',(0.,0.,0.));
#5923=CARTESIAN_POINT('',(9.55,0.,0.));
#5924=CARTESIAN_POINT('',(-9.55,-1.16953769318572E-15,0.));
#5925=CARTESIAN_POINT('Origin',(0.,0.,0.));
#5926=CARTESIAN_POINT('Origin',(0.,0.,0.));
#5927=CARTESIAN_POINT('Origin',(0.,0.,0.));
#5928=CARTESIAN_POINT('',(24.3,0.,2.));
#5929=CARTESIAN_POINT('',(-24.3,-2.97589172192807E-15,2.));
#5930=CARTESIAN_POINT('Origin',(0.,0.,2.));
#5931=CARTESIAN_POINT('Origin',(0.,0.,2.));
#5932=CARTESIAN_POINT('',(-24.3,-2.97589172192807E-15,0.));
#5933=CARTESIAN_POINT('Origin',(0.,0.,2.));
#5934=CARTESIAN_POINT('',(9.55,0.,2.));
#5935=CARTESIAN_POINT('',(-9.55,-1.16953769318572E-15,2.));
#5936=CARTESIAN_POINT('Origin',(0.,0.,2.));
#5937=CARTESIAN_POINT('Origin',(0.,0.,2.));
#5938=CARTESIAN_POINT('Origin',(0.,0.,0.));
#5939=CARTESIAN_POINT('',(-9.55,-1.16953769318572E-15,0.));
#5940=CARTESIAN_POINT('',(0.,0.,0.));
#5941=CARTESIAN_POINT('Origin',(0.,0.,0.));
#5942=CARTESIAN_POINT('',(26.05,0.,0.));
#5943=CARTESIAN_POINT('',(-26.05,-3.19020491177886E-15,0.));
#5944=CARTESIAN_POINT('Origin',(0.,0.,0.));
#5945=CARTESIAN_POINT('Origin',(0.,0.,0.));
#5946=CARTESIAN_POINT('',(-9.5,0.,0.));
#5947=CARTESIAN_POINT('Origin',(0.,0.,0.));
#5948=CARTESIAN_POINT('Origin',(0.,0.,0.));
#5949=CARTESIAN_POINT('',(26.05,0.,12.));
#5950=CARTESIAN_POINT('',(-26.05,-3.19020491177886E-15,12.));
#5951=CARTESIAN_POINT('Origin',(0.,0.,12.));
#5952=CARTESIAN_POINT('Origin',(0.,0.,12.));
#5953=CARTESIAN_POINT('',(-26.05,-3.19020491177886E-15,0.));
#5954=CARTESIAN_POINT('Origin',(0.,0.,12.));
#5955=CARTESIAN_POINT('',(20.75,0.,12.));
#5956=CARTESIAN_POINT('',(-20.75,-2.54114210823076E-15,12.));
#5957=CARTESIAN_POINT('Origin',(0.,0.,12.));
#5958=CARTESIAN_POINT('Origin',(0.,0.,12.));
#5959=CARTESIAN_POINT('Origin',(0.,0.,12.));
#5960=CARTESIAN_POINT('',(20.75,0.,8.));
#5961=CARTESIAN_POINT('',(-20.75,-2.54114210823076E-15,8.));
#5962=CARTESIAN_POINT('Origin',(0.,0.,8.));
#5963=CARTESIAN_POINT('Origin',(0.,0.,8.));
#5964=CARTESIAN_POINT('',(-20.75,-2.54114210823076E-15,12.));
#5965=CARTESIAN_POINT('Origin',(0.,0.,8.));
#5966=CARTESIAN_POINT('',(-9.5,0.,8.));
#5967=CARTESIAN_POINT('Origin',(0.,0.,8.));
#5968=CARTESIAN_POINT('Origin',(0.,0.,0.));
#5969=CARTESIAN_POINT('',(-9.5,-1.16341445918999E-15,0.));
#5970=CARTESIAN_POINT('',(0.,0.,0.));
#5971=CARTESIAN_POINT('Origin',(0.,0.,0.));
#5972=CARTESIAN_POINT('',(20.,0.,0.));
#5973=CARTESIAN_POINT('',(-20.,-2.44929359829471E-15,0.));
#5974=CARTESIAN_POINT('Origin',(0.,0.,0.));
#5975=CARTESIAN_POINT('Origin',(0.,0.,0.));
#5976=CARTESIAN_POINT('',(8.5,0.,0.));
#5977=CARTESIAN_POINT('',(-8.5,-1.04094977927525E-15,0.));
#5978=CARTESIAN_POINT('Origin',(0.,0.,0.));
#5979=CARTESIAN_POINT('Origin',(0.,0.,0.));
#5980=CARTESIAN_POINT('Origin',(0.,0.,0.));
#5981=CARTESIAN_POINT('',(20.,0.,12.));
#5982=CARTESIAN_POINT('',(-20.,-2.44929359829471E-15,12.));
#5983=CARTESIAN_POINT('Origin',(0.,0.,12.));
#5984=CARTESIAN_POINT('Origin',(0.,0.,12.));
#5985=CARTESIAN_POINT('',(-20.,-2.44929359829471E-15,0.));
#5986=CARTESIAN_POINT('Origin',(0.,0.,12.));
#5987=CARTESIAN_POINT('',(8.5,0.,12.));
#5988=CARTESIAN_POINT('',(-8.5,-1.04094977927525E-15,12.));
#5989=CARTESIAN_POINT('Origin',(0.,0.,12.));
#5990=CARTESIAN_POINT('Origin',(0.,0.,12.));
#5991=CARTESIAN_POINT('Origin',(0.,0.,0.));
#5992=CARTESIAN_POINT('',(-8.5,-1.04094977927525E-15,0.));
#5993=CARTESIAN_POINT('',(0.,0.,0.));
#5994=CARTESIAN_POINT('Origin',(0.,0.,0.));
#5995=CARTESIAN_POINT('',(16.,0.,0.));
#5996=CARTESIAN_POINT('',(-16.,-1.95943487863577E-15,0.));
#5997=CARTESIAN_POINT('Origin',(0.,0.,0.));
#5998=CARTESIAN_POINT('Origin',(0.,0.,0.));
#5999=CARTESIAN_POINT('',(7.5,0.,0.));
#6000=CARTESIAN_POINT('',(-7.5,-9.18485099360515E-16,0.));
#6001=CARTESIAN_POINT('Origin',(0.,0.,0.));
#6002=CARTESIAN_POINT('Origin',(0.,0.,0.));
#6003=CARTESIAN_POINT('Origin',(0.,0.,0.));
#6004=CARTESIAN_POINT('',(-7.5,-9.18485099360515E-16,9.));
#6005=CARTESIAN_POINT('',(-7.5,-9.18485099360515E-16,0.));
#6006=CARTESIAN_POINT('',(7.5,0.,9.));
#6007=CARTESIAN_POINT('Origin',(0.,0.,9.));
#6008=CARTESIAN_POINT('Origin',(0.,0.,9.));
#6009=CARTESIAN_POINT('Origin',(0.,0.,9.));
#6010=CARTESIAN_POINT('',(16.,0.,9.));
#6011=CARTESIAN_POINT('',(-16.,-1.95943487863577E-15,9.));
#6012=CARTESIAN_POINT('Origin',(0.,0.,9.));
#6013=CARTESIAN_POINT('Origin',(0.,0.,9.));
#6014=CARTESIAN_POINT('Origin',(0.,0.,0.));
#6015=CARTESIAN_POINT('',(-16.,-1.95943487863577E-15,0.));
#6016=CARTESIAN_POINT('',(-5.82867087928207E-16,0.,0.));
#6017=CARTESIAN_POINT('',(67.5,0.,0.));
#6018=CARTESIAN_POINT('',(69.5,0.,0.));
#6019=CARTESIAN_POINT('',(69.5,0.,0.));
#6020=CARTESIAN_POINT('',(83.5,0.,0.));
#6021=CARTESIAN_POINT('',(95.5,0.,0.));
#6022=CARTESIAN_POINT('',(97.5,0.,0.));
#6023=CARTESIAN_POINT('',(97.5,0.,0.));
#6024=CARTESIAN_POINT('',(38.3,0.,0.));
#6025=CARTESIAN_POINT('',(119.3,0.,0.));
#6026=CARTESIAN_POINT('',(0.,0.,0.));
#6027=CARTESIAN_POINT('Origin',(0.,0.,0.));
#6028=CARTESIAN_POINT('',(25.9025,0.,0.));
#6029=CARTESIAN_POINT('Origin',(0.,0.,0.));
#6030=CARTESIAN_POINT('',(-20.,0.,0.));
#6031=CARTESIAN_POINT('',(20.,-2.44929359829471E-15,0.));
#6032=CARTESIAN_POINT('Origin',(0.,0.,0.));
#6033=CARTESIAN_POINT('Origin',(0.,0.,0.));
#6034=CARTESIAN_POINT('Origin',(0.,0.,0.));
#6035=CARTESIAN_POINT('',(25.9025,0.,15.8));
#6036=CARTESIAN_POINT('',(25.9025,-3.17214137149143E-15,0.));
#6037=CARTESIAN_POINT('Origin',(0.,0.,15.8));
#6038=CARTESIAN_POINT('Origin',(0.,0.,15.8));
#6039=CARTESIAN_POINT('',(-39.75,0.,15.8));
#6040=CARTESIAN_POINT('',(39.75,-4.86797102661073E-15,15.8));
#6041=CARTESIAN_POINT('Origin',(0.,0.,15.8));
#6042=CARTESIAN_POINT('Origin',(0.,0.,15.8));
#6043=CARTESIAN_POINT('Origin',(0.,0.,2.5));
#6044=CARTESIAN_POINT('',(39.75,-4.86797102661073E-15,2.5));
#6045=CARTESIAN_POINT('',(39.75,-4.86797102661073E-15,2.5));
#6046=CARTESIAN_POINT('',(-39.75,0.,2.5));
#6047=CARTESIAN_POINT('Origin',(0.,0.,2.5));
#6048=CARTESIAN_POINT('Origin',(0.,0.,2.5));
#6049=CARTESIAN_POINT('Origin',(0.,0.,2.5));
#6050=CARTESIAN_POINT('',(-38.35,-29.,2.5));
#6051=CARTESIAN_POINT('',(-34.9,-29.,2.5));
#6052=CARTESIAN_POINT('',(-38.35,-29.,2.5));
#6053=CARTESIAN_POINT('',(-42.95,-24.4,2.5));
#6054=CARTESIAN_POINT('Origin',(-38.35,-24.4,2.5));
#6055=CARTESIAN_POINT('',(-42.95,24.4,2.5));
#6056=CARTESIAN_POINT('',(-42.95,24.4,2.5));
#6057=CARTESIAN_POINT('',(-38.35,29.,2.5));
#6058=CARTESIAN_POINT('Origin',(-38.35,24.4,2.5));
#6059=CARTESIAN_POINT('',(-34.9,29.,2.5));
#6060=CARTESIAN_POINT('',(-38.35,29.,2.5));
#6061=CARTESIAN_POINT('',(-29.,34.9,2.5));
#6062=CARTESIAN_POINT('Origin',(-34.9,34.9,2.5));
#6063=CARTESIAN_POINT('',(-29.,38.35,2.5));
#6064=CARTESIAN_POINT('',(-29.,38.35,2.5));
#6065=CARTESIAN_POINT('',(-24.4,42.95,2.5));
#6066=CARTESIAN_POINT('Origin',(-24.4,38.35,2.5));
#6067=CARTESIAN_POINT('',(24.4,42.95,2.5));
#6068=CARTESIAN_POINT('',(24.4,42.95,2.5));
#6069=CARTESIAN_POINT('',(29.,38.35,2.5));
#6070=CARTESIAN_POINT('Origin',(24.4,38.35,2.5));
#6071=CARTESIAN_POINT('',(29.,34.9,2.5));
#6072=CARTESIAN_POINT('',(29.,38.35,2.5));
#6073=CARTESIAN_POINT('',(34.9,29.,2.5));
#6074=CARTESIAN_POINT('Origin',(34.9,34.9,2.5));
#6075=CARTESIAN_POINT('',(38.35,29.,2.5));
#6076=CARTESIAN_POINT('',(38.35,29.,2.5));
#6077=CARTESIAN_POINT('',(42.95,24.4,2.5));
#6078=CARTESIAN_POINT('Origin',(38.35,24.4,2.5));
#6079=CARTESIAN_POINT('',(42.95,-24.4,2.5));
#6080=CARTESIAN_POINT('',(42.95,-24.4,2.5));
#6081=CARTESIAN_POINT('',(38.35,-29.,2.5));
#6082=CARTESIAN_POINT('Origin',(38.35,-24.4,2.5));
#6083=CARTESIAN_POINT('',(34.9,-29.,2.5));
#6084=CARTESIAN_POINT('',(38.35,-29.,2.5));
#6085=CARTESIAN_POINT('',(29.,-34.9,2.5));
#6086=CARTESIAN_POINT('Origin',(34.9,-34.9,2.5));
#6087=CARTESIAN_POINT('',(29.,-38.35,2.5));
#6088=CARTESIAN_POINT('',(29.,-38.35,2.5));
#6089=CARTESIAN_POINT('',(24.4,-42.95,2.5));
#6090=CARTESIAN_POINT('Origin',(24.4,-38.35,2.5));
#6091=CARTESIAN_POINT('',(-24.4,-42.95,2.5));
#6092=CARTESIAN_POINT('',(-24.4,-42.95,2.5));
#6093=CARTESIAN_POINT('',(-29.,-38.35,2.5));
#6094=CARTESIAN_POINT('Origin',(-24.4,-38.35,2.5));
#6095=CARTESIAN_POINT('',(-29.,-34.9,2.5));
#6096=CARTESIAN_POINT('',(-29.,-38.35,2.5));
#6097=CARTESIAN_POINT('Origin',(-34.9,-34.9,2.5));
#6098=CARTESIAN_POINT('',(40.65,24.5,2.5));
#6099=CARTESIAN_POINT('',(36.15,24.5,2.5));
#6100=CARTESIAN_POINT('Origin',(38.4,24.5,2.5));
#6101=CARTESIAN_POINT('Origin',(38.4,24.5,2.5));
#6102=CARTESIAN_POINT('',(26.75,-38.4,2.5));
#6103=CARTESIAN_POINT('',(22.25,-38.4,2.5));
#6104=CARTESIAN_POINT('Origin',(24.5,-38.4,2.5));
#6105=CARTESIAN_POINT('Origin',(24.5,-38.4,2.5));
#6106=CARTESIAN_POINT('',(-36.15,-24.5,2.5));
#6107=CARTESIAN_POINT('',(-40.65,-24.5,2.5));
#6108=CARTESIAN_POINT('Origin',(-38.4,-24.5,2.5));
#6109=CARTESIAN_POINT('Origin',(-38.4,-24.5,2.5));
#6110=CARTESIAN_POINT('',(-22.25,38.4,2.5));
#6111=CARTESIAN_POINT('',(-26.75,38.4,2.5));
#6112=CARTESIAN_POINT('Origin',(-24.5,38.4,2.5));
#6113=CARTESIAN_POINT('Origin',(-24.5,38.4,2.5));
#6114=CARTESIAN_POINT('Origin',(-42.95,-29.,2.5));
#6115=CARTESIAN_POINT('',(-34.9,-29.,13.2));
#6116=CARTESIAN_POINT('',(-34.9,-29.,2.5));
#6117=CARTESIAN_POINT('',(-38.35,-29.,13.2));
#6118=CARTESIAN_POINT('',(-38.35,-29.,13.2));
#6119=CARTESIAN_POINT('',(-38.35,-29.,2.5));
#6120=CARTESIAN_POINT('Origin',(-34.9,-34.9,2.290905643086));
#6121=CARTESIAN_POINT('',(-29.,-34.9,13.2));
#6122=CARTESIAN_POINT('Origin',(-34.9,-34.9,13.2));
#6123=CARTESIAN_POINT('',(-29.,-34.9,2.5));
#6124=CARTESIAN_POINT('Origin',(0.,0.,13.2));
#6125=CARTESIAN_POINT('',(-29.,34.9,13.2));
#6126=CARTESIAN_POINT('',(-34.9,29.,13.2));
#6127=CARTESIAN_POINT('Origin',(-34.9,34.9,13.2));
#6128=CARTESIAN_POINT('',(-38.35,29.,13.2));
#6129=CARTESIAN_POINT('',(-34.9,29.,13.2));
#6130=CARTESIAN_POINT('',(-42.95,24.4,13.2));
#6131=CARTESIAN_POINT('Origin',(-38.35,24.4,13.2));
#6132=CARTESIAN_POINT('',(-42.95,37.45,13.2));
#6133=CARTESIAN_POINT('',(-42.95,37.45,13.2));
#6134=CARTESIAN_POINT('',(-37.45,42.95,13.2));
#6135=CARTESIAN_POINT('Origin',(-37.45,37.45,13.2));
#6136=CARTESIAN_POINT('',(-24.4,42.95,13.2));
#6137=CARTESIAN_POINT('',(-24.4,42.95,13.2));
#6138=CARTESIAN_POINT('',(-29.,38.35,13.2));
#6139=CARTESIAN_POINT('Origin',(-24.4,38.35,13.2));
#6140=CARTESIAN_POINT('',(-29.,38.35,13.2));
#6141=CARTESIAN_POINT('',(-32.03965363438,34.78965363438,13.2));
#6142=CARTESIAN_POINT('Origin',(-34.78965363438,34.78965363438,13.2));
#6143=CARTESIAN_POINT('Origin',(0.,0.,13.2));
#6144=CARTESIAN_POINT('',(-29.,-38.35,13.2));
#6145=CARTESIAN_POINT('',(-29.,-34.9,13.2));
#6146=CARTESIAN_POINT('',(-24.4,-42.95,13.2));
#6147=CARTESIAN_POINT('Origin',(-24.4,-38.35,13.2));
#6148=CARTESIAN_POINT('',(-37.45,-42.95,13.2));
#6149=CARTESIAN_POINT('',(-37.45,-42.95,13.2));
#6150=CARTESIAN_POINT('',(-42.95,-37.45,13.2));
#6151=CARTESIAN_POINT('Origin',(-37.45,-37.45,13.2));
#6152=CARTESIAN_POINT('',(-42.95,-24.4,13.2));
#6153=CARTESIAN_POINT('',(-42.95,-24.4,13.2));
#6154=CARTESIAN_POINT('Origin',(-38.35,-24.4,13.2));
#6155=CARTESIAN_POINT('',(-34.78965363438,-32.03965363438,13.2));
#6156=CARTESIAN_POINT('Origin',(-34.78965363438,-34.78965363438,13.2));
#6157=CARTESIAN_POINT('Origin',(0.,0.,13.2));
#6158=CARTESIAN_POINT('',(29.,-34.9,13.2));
#6159=CARTESIAN_POINT('',(34.9,-29.,13.2));
#6160=CARTESIAN_POINT('Origin',(34.9,-34.9,13.2));
#6161=CARTESIAN_POINT('',(38.35,-29.,13.2));
#6162=CARTESIAN_POINT('',(34.9,-29.,13.2));
#6163=CARTESIAN_POINT('',(42.95,-24.4,13.2));
#6164=CARTESIAN_POINT('Origin',(38.35,-24.4,13.2));
#6165=CARTESIAN_POINT('',(42.95,-37.45,13.2));
#6166=CARTESIAN_POINT('',(42.95,-37.45,13.2));
#6167=CARTESIAN_POINT('',(37.45,-42.95,13.2));
#6168=CARTESIAN_POINT('Origin',(37.45,-37.45,13.2));
#6169=CARTESIAN_POINT('',(24.4,-42.95,13.2));
#6170=CARTESIAN_POINT('',(24.4,-42.95,13.2));
#6171=CARTESIAN_POINT('',(29.,-38.35,13.2));
#6172=CARTESIAN_POINT('Origin',(24.4,-38.35,13.2));
#6173=CARTESIAN_POINT('',(29.,-38.35,13.2));
#6174=CARTESIAN_POINT('',(32.03965363438,-34.78965363438,13.2));
#6175=CARTESIAN_POINT('Origin',(34.78965363438,-34.78965363438,13.2));
#6176=CARTESIAN_POINT('Origin',(0.,0.,13.2));
#6177=CARTESIAN_POINT('',(34.9,29.,13.2));
#6178=CARTESIAN_POINT('',(29.,34.9,13.2));
#6179=CARTESIAN_POINT('Origin',(34.9,34.9,13.2));
#6180=CARTESIAN_POINT('',(29.,38.35,13.2));
#6181=CARTESIAN_POINT('',(29.,34.9,13.2));
#6182=CARTESIAN_POINT('',(24.4,42.95,13.2));
#6183=CARTESIAN_POINT('Origin',(24.4,38.35,13.2));
#6184=CARTESIAN_POINT('',(37.45,42.95,13.2));
#6185=CARTESIAN_POINT('',(37.45,42.95,13.2));
#6186=CARTESIAN_POINT('',(42.95,37.45,13.2));
#6187=CARTESIAN_POINT('Origin',(37.45,37.45,13.2));
#6188=CARTESIAN_POINT('',(42.95,24.4,13.2));
#6189=CARTESIAN_POINT('',(42.95,24.4,13.2));
#6190=CARTESIAN_POINT('',(38.35,29.,13.2));
#6191=CARTESIAN_POINT('Origin',(38.35,24.4,13.2));
#6192=CARTESIAN_POINT('',(38.35,29.,13.2));
#6193=CARTESIAN_POINT('',(34.78965363438,32.03965363438,13.2));
#6194=CARTESIAN_POINT('Origin',(34.78965363438,34.78965363438,13.2));
#6195=CARTESIAN_POINT('Origin',(-34.9,34.9,2.290905643086));
#6196=CARTESIAN_POINT('',(-29.,34.9,2.5));
#6197=CARTESIAN_POINT('',(-34.9,29.,2.5));
#6198=CARTESIAN_POINT('Origin',(-29.,29.,2.5));
#6199=CARTESIAN_POINT('',(-38.35,29.,13.2));
#6200=CARTESIAN_POINT('Origin',(-38.35,24.4,21.93837298903));
#6201=CARTESIAN_POINT('',(-42.95,24.4,13.2));
#6202=CARTESIAN_POINT('Origin',(-42.95,42.95,0.));
#6203=CARTESIAN_POINT('',(-42.95,-19.75,18.));
#6204=CARTESIAN_POINT('',(-42.95,-29.25,18.));
#6205=CARTESIAN_POINT('',(-42.95,-19.75,18.));
#6206=CARTESIAN_POINT('',(-42.95,-19.75,21.7));
#6207=CARTESIAN_POINT('',(-42.95,-19.75,21.7));
#6208=CARTESIAN_POINT('',(-42.95,37.45,21.7));
#6209=CARTESIAN_POINT('',(-42.95,37.45,21.7));
#6210=CARTESIAN_POINT('',(-42.95,37.45,21.7));
#6211=CARTESIAN_POINT('',(-42.95,-24.4,2.5));
#6212=CARTESIAN_POINT('',(-42.95,-37.45,21.7));
#6213=CARTESIAN_POINT('',(-42.95,-37.45,21.7));
#6214=CARTESIAN_POINT('',(-42.95,-29.25,21.7));
#6215=CARTESIAN_POINT('',(-42.95,-29.25,21.7));
#6216=CARTESIAN_POINT('',(-42.95,-29.25,21.7));
#6217=CARTESIAN_POINT('Origin',(0.,0.,18.));
#6218=CARTESIAN_POINT('',(-38.4,-29.25,18.));
#6219=CARTESIAN_POINT('',(-42.95,-29.25,18.));
#6220=CARTESIAN_POINT('',(-38.4,-19.75,18.));
#6221=CARTESIAN_POINT('Origin',(-38.4,-24.5,18.));
#6222=CARTESIAN_POINT('',(-38.4,-19.75,18.));
#6223=CARTESIAN_POINT('',(-36.15,-24.5,18.));
#6224=CARTESIAN_POINT('',(-40.65,-24.5,18.));
#6225=CARTESIAN_POINT('Origin',(-38.4,-24.5,18.));
#6226=CARTESIAN_POINT('Origin',(-38.4,-24.5,18.));
#6227=CARTESIAN_POINT('Origin',(-38.4,-19.75,21.7));
#6228=CARTESIAN_POINT('',(-38.4,-19.75,21.7));
#6229=CARTESIAN_POINT('',(-38.4,-19.75,21.7));
#6230=CARTESIAN_POINT('',(-42.95,-19.75,21.7));
#6231=CARTESIAN_POINT('Origin',(0.,0.,21.7));
#6232=CARTESIAN_POINT('',(-38.4,-29.25,21.7));
#6233=CARTESIAN_POINT('Origin',(-38.4,-24.5,21.7));
#6234=CARTESIAN_POINT('',(-42.95,-29.25,21.7));
#6235=CARTESIAN_POINT('',(-37.45,-42.95,21.7));
#6236=CARTESIAN_POINT('Origin',(-37.45,-37.45,21.7));
#6237=CARTESIAN_POINT('',(19.75,-42.95,21.7));
#6238=CARTESIAN_POINT('',(-37.45,-42.95,21.7));
#6239=CARTESIAN_POINT('',(19.75,-38.4,21.7));
#6240=CARTESIAN_POINT('',(19.75,-42.95,21.7));
#6241=CARTESIAN_POINT('',(29.25,-38.4,21.7));
#6242=CARTESIAN_POINT('Origin',(24.5,-38.4,21.7));
#6243=CARTESIAN_POINT('',(29.25,-42.95,21.7));
#6244=CARTESIAN_POINT('',(29.25,-42.95,21.7));
#6245=CARTESIAN_POINT('',(37.45,-42.95,21.7));
#6246=CARTESIAN_POINT('',(29.25,-42.95,21.7));
#6247=CARTESIAN_POINT('',(42.95,-37.45,21.7));
#6248=CARTESIAN_POINT('Origin',(37.45,-37.45,21.7));
#6249=CARTESIAN_POINT('',(42.95,19.75,21.7));
#6250=CARTESIAN_POINT('',(42.95,-37.45,21.7));
#6251=CARTESIAN_POINT('',(38.4,19.75,21.7));
#6252=CARTESIAN_POINT('',(42.95,19.75,21.7));
#6253=CARTESIAN_POINT('',(38.4,29.25,21.7));
#6254=CARTESIAN_POINT('Origin',(38.4,24.5,21.7));
#6255=CARTESIAN_POINT('',(42.95,29.25,21.7));
#6256=CARTESIAN_POINT('',(42.95,29.25,21.7));
#6257=CARTESIAN_POINT('',(42.95,37.45,21.7));
#6258=CARTESIAN_POINT('',(42.95,29.25,21.7));
#6259=CARTESIAN_POINT('',(37.45,42.95,21.7));
#6260=CARTESIAN_POINT('Origin',(37.45,37.45,21.7));
#6261=CARTESIAN_POINT('',(-19.75,42.95,21.7));
#6262=CARTESIAN_POINT('',(37.45,42.95,21.7));
#6263=CARTESIAN_POINT('',(-19.75,38.4,21.7));
#6264=CARTESIAN_POINT('',(-19.75,42.95,21.7));
#6265=CARTESIAN_POINT('',(-29.25,38.4,21.7));
#6266=CARTESIAN_POINT('Origin',(-24.5,38.4,21.7));
#6267=CARTESIAN_POINT('',(-29.25,42.95,21.7));
#6268=CARTESIAN_POINT('',(-29.25,42.95,21.7));
#6269=CARTESIAN_POINT('',(-37.45,42.95,21.7));
#6270=CARTESIAN_POINT('',(-29.25,42.95,21.7));
#6271=CARTESIAN_POINT('Origin',(-37.45,37.45,21.7));
#6272=CARTESIAN_POINT('',(-32.03965363438,34.78965363438,21.7));
#6273=CARTESIAN_POINT('Origin',(-34.78965363438,34.78965363438,21.7));
#6274=CARTESIAN_POINT('',(34.78965363438,32.03965363438,21.7));
#6275=CARTESIAN_POINT('Origin',(34.78965363438,34.78965363438,21.7));
#6276=CARTESIAN_POINT('',(32.03965363438,-34.78965363438,21.7));
#6277=CARTESIAN_POINT('Origin',(34.78965363438,-34.78965363438,21.7));
#6278=CARTESIAN_POINT('',(-34.78965363438,-32.03965363438,21.7));
#6279=CARTESIAN_POINT('Origin',(-34.78965363438,-34.78965363438,21.7));
#6280=CARTESIAN_POINT('',(36.5,0.,21.7));
#6281=CARTESIAN_POINT('',(-36.5,-4.46996081688784E-15,21.7));
#6282=CARTESIAN_POINT('Origin',(0.,0.,21.7));
#6283=CARTESIAN_POINT('Origin',(0.,0.,21.7));
#6284=CARTESIAN_POINT('Origin',(0.,0.,23.2));
#6285=CARTESIAN_POINT('',(36.5,0.,23.2));
#6286=CARTESIAN_POINT('',(-36.5,-4.46996081688784E-15,23.2));
#6287=CARTESIAN_POINT('Origin',(0.,0.,23.2));
#6288=CARTESIAN_POINT('Origin',(0.,0.,23.2));
#6289=CARTESIAN_POINT('',(-36.5,-4.46996081688784E-15,23.2));
#6290=CARTESIAN_POINT('Origin',(0.,0.,23.2));
#6291=CARTESIAN_POINT('',(0.,-9.25,23.2));
#6292=CARTESIAN_POINT('Origin',(0.,0.,23.2));
#6293=CARTESIAN_POINT('Origin',(0.,0.,16.1));
#6294=CARTESIAN_POINT('',(0.,-9.25,16.1));
#6295=CARTESIAN_POINT('',(-1.1327982892113E-15,-9.25,16.1));
#6296=CARTESIAN_POINT('Origin',(0.,0.,16.1));
#6297=CARTESIAN_POINT('Origin',(0.,0.,16.1));
#6298=CARTESIAN_POINT('',(0.,17.,16.1));
#6299=CARTESIAN_POINT('',(-2.0818995585505E-15,-17.,16.1));
#6300=CARTESIAN_POINT('Origin',(0.,0.,16.1));
#6301=CARTESIAN_POINT('Origin',(0.,0.,16.1));
#6302=CARTESIAN_POINT('Origin',(0.,0.,15.2));
#6303=CARTESIAN_POINT('',(-2.0818995585505E-15,-17.,15.2));
#6304=CARTESIAN_POINT('',(-2.0818995585505E-15,-17.,15.2));
#6305=CARTESIAN_POINT('',(0.,17.,15.2));
#6306=CARTESIAN_POINT('Origin',(0.,0.,15.2));
#6307=CARTESIAN_POINT('Origin',(0.,0.,15.2));
#6308=CARTESIAN_POINT('Origin',(0.,0.,15.2));
#6309=CARTESIAN_POINT('',(-20.,0.,15.2));
#6310=CARTESIAN_POINT('',(20.,-2.44929359829471E-15,15.2));
#6311=CARTESIAN_POINT('Origin',(0.,0.,15.2));
#6312=CARTESIAN_POINT('Origin',(0.,0.,15.2));
#6313=CARTESIAN_POINT('Origin',(0.,0.,15.2));
#6314=CARTESIAN_POINT('',(20.,-2.44929359829471E-15,15.2));
#6315=CARTESIAN_POINT('Origin',(-34.78965363438,34.78965363438,13.2));
#6316=CARTESIAN_POINT('',(-32.03965363438,34.78965363438,13.2));
#6317=CARTESIAN_POINT('Origin',(34.78965363438,34.78965363438,13.2));
#6318=CARTESIAN_POINT('',(34.78965363438,32.03965363438,13.2));
#6319=CARTESIAN_POINT('Origin',(34.78965363438,-34.78965363438,13.2));
#6320=CARTESIAN_POINT('',(32.03965363438,-34.78965363438,13.2));
#6321=CARTESIAN_POINT('Origin',(-34.78965363438,-34.78965363438,13.2));
#6322=CARTESIAN_POINT('',(-34.78965363438,-32.03965363438,13.2));
#6323=CARTESIAN_POINT('Origin',(-37.45,37.45,21.90909435691));
#6324=CARTESIAN_POINT('',(-37.45,42.95,21.7));
#6325=CARTESIAN_POINT('Origin',(42.95,42.95,0.));
#6326=CARTESIAN_POINT('',(-19.75,42.95,18.));
#6327=CARTESIAN_POINT('',(-29.25,42.95,18.));
#6328=CARTESIAN_POINT('',(-19.75,42.95,18.));
#6329=CARTESIAN_POINT('',(-19.75,42.95,21.7));
#6330=CARTESIAN_POINT('',(37.45,42.95,21.7));
#6331=CARTESIAN_POINT('',(24.4,42.95,13.2));
#6332=CARTESIAN_POINT('',(-24.4,42.95,2.5));
#6333=CARTESIAN_POINT('',(-29.25,42.95,21.7));
#6334=CARTESIAN_POINT('Origin',(0.,0.,18.));
#6335=CARTESIAN_POINT('',(-29.25,38.4,18.));
#6336=CARTESIAN_POINT('',(-29.25,42.95,18.));
#6337=CARTESIAN_POINT('',(-19.75,38.4,18.));
#6338=CARTESIAN_POINT('Origin',(-24.5,38.4,18.));
#6339=CARTESIAN_POINT('',(-19.75,38.4,18.));
#6340=CARTESIAN_POINT('',(-22.25,38.4,18.));
#6341=CARTESIAN_POINT('',(-26.75,38.4,18.));
#6342=CARTESIAN_POINT('Origin',(-24.5,38.4,18.));
#6343=CARTESIAN_POINT('Origin',(-24.5,38.4,18.));
#6344=CARTESIAN_POINT('Origin',(-19.75,38.4,21.7));
#6345=CARTESIAN_POINT('',(-19.75,38.4,21.7));
#6346=CARTESIAN_POINT('Origin',(-24.5,38.4,21.7));
#6347=CARTESIAN_POINT('',(-29.25,38.4,21.7));
#6348=CARTESIAN_POINT('Origin',(-29.25,42.95,21.7));
#6349=CARTESIAN_POINT('Origin',(-24.5,38.4,23.2));
#6350=CARTESIAN_POINT('',(-26.75,38.4,23.2));
#6351=CARTESIAN_POINT('Origin',(-24.4,38.35,2.276859627508));
#6352=CARTESIAN_POINT('',(-29.,38.35,2.5));
#6353=CARTESIAN_POINT('Origin',(-29.,42.95,2.5));
#6354=CARTESIAN_POINT('Origin',(24.4,38.35,21.93837298903));
#6355=CARTESIAN_POINT('',(29.,38.35,13.2));
#6356=CARTESIAN_POINT('Origin',(29.,29.,2.5));
#6357=CARTESIAN_POINT('',(29.,34.9,2.5));
#6358=CARTESIAN_POINT('Origin',(34.9,34.9,2.290905643086));
#6359=CARTESIAN_POINT('',(34.9,29.,2.5));
#6360=CARTESIAN_POINT('Origin',(42.95,29.,2.5));
#6361=CARTESIAN_POINT('',(38.35,29.,2.5));
#6362=CARTESIAN_POINT('Origin',(38.35,24.4,2.276859627508));
#6363=CARTESIAN_POINT('',(42.95,24.4,2.5));
#6364=CARTESIAN_POINT('Origin',(42.95,-42.95,0.));
#6365=CARTESIAN_POINT('',(42.95,19.75,18.));
#6366=CARTESIAN_POINT('',(42.95,29.25,18.));
#6367=CARTESIAN_POINT('',(42.95,19.75,18.));
#6368=CARTESIAN_POINT('',(42.95,19.75,21.7));
#6369=CARTESIAN_POINT('',(42.95,-37.45,21.7));
#6370=CARTESIAN_POINT('',(42.95,-24.4,13.2));
#6371=CARTESIAN_POINT('',(42.95,37.45,21.7));
#6372=CARTESIAN_POINT('',(42.95,29.25,21.7));
#6373=CARTESIAN_POINT('Origin',(0.,0.,18.));
#6374=CARTESIAN_POINT('',(38.4,29.25,18.));
#6375=CARTESIAN_POINT('',(42.95,29.25,18.));
#6376=CARTESIAN_POINT('',(38.4,19.75,18.));
#6377=CARTESIAN_POINT('Origin',(38.4,24.5,18.));
#6378=CARTESIAN_POINT('',(38.4,19.75,18.));
#6379=CARTESIAN_POINT('',(40.65,24.5,18.));
#6380=CARTESIAN_POINT('',(36.15,24.5,18.));
#6381=CARTESIAN_POINT('Origin',(38.4,24.5,18.));
#6382=CARTESIAN_POINT('Origin',(38.4,24.5,18.));
#6383=CARTESIAN_POINT('Origin',(38.4,19.75,21.7));
#6384=CARTESIAN_POINT('',(38.4,19.75,21.7));
#6385=CARTESIAN_POINT('Origin',(38.4,24.5,21.7));
#6386=CARTESIAN_POINT('',(38.4,29.25,21.7));
#6387=CARTESIAN_POINT('Origin',(42.95,29.25,21.7));
#6388=CARTESIAN_POINT('Origin',(38.4,24.5,23.2));
#6389=CARTESIAN_POINT('',(36.15,24.5,23.2));
#6390=CARTESIAN_POINT('Origin',(37.45,37.45,21.90909435691));
#6391=CARTESIAN_POINT('Origin',(38.35,-24.4,21.93837298903));
#6392=CARTESIAN_POINT('',(38.35,-29.,13.2));
#6393=CARTESIAN_POINT('Origin',(29.,-29.,2.5));
#6394=CARTESIAN_POINT('',(34.9,-29.,2.5));
#6395=CARTESIAN_POINT('Origin',(34.9,-34.9,2.290905643086));
#6396=CARTESIAN_POINT('',(29.,-34.9,2.5));
#6397=CARTESIAN_POINT('Origin',(29.,-42.95,2.5));
#6398=CARTESIAN_POINT('',(29.,-38.35,2.5));
#6399=CARTESIAN_POINT('Origin',(24.4,-38.35,2.276859627508));
#6400=CARTESIAN_POINT('',(24.4,-42.95,2.5));
#6401=CARTESIAN_POINT('Origin',(-42.95,-42.95,0.));
#6402=CARTESIAN_POINT('',(19.75,-42.95,18.));
#6403=CARTESIAN_POINT('',(29.25,-42.95,18.));
#6404=CARTESIAN_POINT('',(19.75,-42.95,18.));
#6405=CARTESIAN_POINT('',(19.75,-42.95,21.7));
#6406=CARTESIAN_POINT('',(-37.45,-42.95,21.7));
#6407=CARTESIAN_POINT('',(-24.4,-42.95,13.2));
#6408=CARTESIAN_POINT('',(37.45,-42.95,21.7));
#6409=CARTESIAN_POINT('',(29.25,-42.95,21.7));
#6410=CARTESIAN_POINT('Origin',(0.,0.,18.));
#6411=CARTESIAN_POINT('',(29.25,-38.4,18.));
#6412=CARTESIAN_POINT('',(29.25,-42.95,18.));
#6413=CARTESIAN_POINT('',(19.75,-38.4,18.));
#6414=CARTESIAN_POINT('Origin',(24.5,-38.4,18.));
#6415=CARTESIAN_POINT('',(19.75,-38.4,18.));
#6416=CARTESIAN_POINT('',(26.75,-38.4,18.));
#6417=CARTESIAN_POINT('',(22.25,-38.4,18.));
#6418=CARTESIAN_POINT('Origin',(24.5,-38.4,18.));
#6419=CARTESIAN_POINT('Origin',(24.5,-38.4,18.));
#6420=CARTESIAN_POINT('Origin',(19.75,-38.4,21.7));
#6421=CARTESIAN_POINT('',(19.75,-38.4,21.7));
#6422=CARTESIAN_POINT('Origin',(24.5,-38.4,21.7));
#6423=CARTESIAN_POINT('',(29.25,-38.4,21.7));
#6424=CARTESIAN_POINT('Origin',(29.25,-42.95,21.7));
#6425=CARTESIAN_POINT('Origin',(24.5,-38.4,23.2));
#6426=CARTESIAN_POINT('',(22.25,-38.4,23.2));
#6427=CARTESIAN_POINT('Origin',(37.45,-37.45,21.90909435691));
#6428=CARTESIAN_POINT('Origin',(-24.4,-38.35,21.93837298903));
#6429=CARTESIAN_POINT('',(-29.,-38.35,13.2));
#6430=CARTESIAN_POINT('Origin',(-29.,-29.,2.5));
#6431=CARTESIAN_POINT('Origin',(-37.45,-37.45,21.90909435691));
#6432=CARTESIAN_POINT('Origin',(-42.95,-29.25,21.7));
#6433=CARTESIAN_POINT('',(-38.4,-29.25,21.7));
#6434=CARTESIAN_POINT('Origin',(-38.4,-24.5,21.7));
#6435=CARTESIAN_POINT('Origin',(-38.4,-24.5,23.2));
#6436=CARTESIAN_POINT('',(-40.65,-24.5,23.2));
#6437=CARTESIAN_POINT('Origin',(-38.35,-24.4,2.276859627508));
#6438=CARTESIAN_POINT('',(0.,0.,0.));
#6439=CARTESIAN_POINT('Origin',(0.,0.,0.));
#6440=CARTESIAN_POINT('',(-38.4,-29.,0.));
#6441=CARTESIAN_POINT('',(-43.,-24.4,0.));
#6442=CARTESIAN_POINT('Origin',(-38.4,-24.4,0.));
#6443=CARTESIAN_POINT('',(-43.,24.4,0.));
#6444=CARTESIAN_POINT('',(-43.,24.4,0.));
#6445=CARTESIAN_POINT('',(-38.4,29.,0.));
#6446=CARTESIAN_POINT('Origin',(-38.4,24.4,0.));
#6447=CARTESIAN_POINT('',(-34.9,29.,0.));
#6448=CARTESIAN_POINT('',(-38.4,29.,0.));
#6449=CARTESIAN_POINT('',(-29.,34.9,0.));
#6450=CARTESIAN_POINT('Origin',(-34.9,34.9,0.));
#6451=CARTESIAN_POINT('',(-29.,38.4,0.));
#6452=CARTESIAN_POINT('',(-29.,38.4,0.));
#6453=CARTESIAN_POINT('',(-24.4,43.,0.));
#6454=CARTESIAN_POINT('Origin',(-24.4,38.4,0.));
#6455=CARTESIAN_POINT('',(24.4,43.,0.));
#6456=CARTESIAN_POINT('',(24.4,43.,0.));
#6457=CARTESIAN_POINT('',(29.,38.4,0.));
#6458=CARTESIAN_POINT('Origin',(24.4,38.4,0.));
#6459=CARTESIAN_POINT('',(29.,34.9,0.));
#6460=CARTESIAN_POINT('',(29.,38.4,0.));
#6461=CARTESIAN_POINT('',(34.9,29.,0.));
#6462=CARTESIAN_POINT('Origin',(34.9,34.9,0.));
#6463=CARTESIAN_POINT('',(38.4,29.,0.));
#6464=CARTESIAN_POINT('',(38.4,29.,0.));
#6465=CARTESIAN_POINT('',(43.,24.4,0.));
#6466=CARTESIAN_POINT('Origin',(38.4,24.4,0.));
#6467=CARTESIAN_POINT('',(43.,-24.4,0.));
#6468=CARTESIAN_POINT('',(43.,-24.4,0.));
#6469=CARTESIAN_POINT('',(38.4,-29.,0.));
#6470=CARTESIAN_POINT('Origin',(38.4,-24.4,0.));
#6471=CARTESIAN_POINT('',(34.9,-29.,0.));
#6472=CARTESIAN_POINT('',(38.4,-29.,0.));
#6473=CARTESIAN_POINT('',(29.,-34.9,0.));
#6474=CARTESIAN_POINT('Origin',(34.9,-34.9,0.));
#6475=CARTESIAN_POINT('',(29.,-38.4,0.));
#6476=CARTESIAN_POINT('',(29.,-38.4,0.));
#6477=CARTESIAN_POINT('',(24.4,-43.,0.));
#6478=CARTESIAN_POINT('Origin',(24.4,-38.4,0.));
#6479=CARTESIAN_POINT('',(-24.4,-43.,0.));
#6480=CARTESIAN_POINT('',(-24.4,-43.,0.));
#6481=CARTESIAN_POINT('',(-29.,-38.4,0.));
#6482=CARTESIAN_POINT('Origin',(-24.4,-38.4,0.));
#6483=CARTESIAN_POINT('',(-29.,-34.9,0.));
#6484=CARTESIAN_POINT('',(-29.,-38.4,0.));
#6485=CARTESIAN_POINT('',(-34.9,-29.,0.));
#6486=CARTESIAN_POINT('Origin',(-34.9,-34.9,0.));
#6487=CARTESIAN_POINT('',(-38.4,-29.,0.));
#6488=CARTESIAN_POINT('',(0.,-25.86,0.));
#6489=CARTESIAN_POINT('Origin',(0.,0.,0.));
#6490=CARTESIAN_POINT('Origin',(-38.4,-24.4,-0.1831281127576));
#6491=CARTESIAN_POINT('',(-43.,-24.4,60.6));
#6492=CARTESIAN_POINT('',(-38.4,-29.,60.6));
#6493=CARTESIAN_POINT('Origin',(-38.4,-24.4,60.6));
#6494=CARTESIAN_POINT('',(-43.,-24.4,0.));
#6495=CARTESIAN_POINT('',(-38.4,-29.,0.));
#6496=CARTESIAN_POINT('Origin',(0.,0.,60.6));
#6497=CARTESIAN_POINT('',(-34.9,-29.,60.6));
#6498=CARTESIAN_POINT('',(-14.5,-29.,60.6));
#6499=CARTESIAN_POINT('',(-29.,-34.9,60.6));
#6500=CARTESIAN_POINT('Origin',(-34.9,-34.9,60.6));
#6501=CARTESIAN_POINT('',(-29.,-38.4,60.6));
#6502=CARTESIAN_POINT('',(-29.,-21.5,60.6));
#6503=CARTESIAN_POINT('',(-24.4,-43.,60.6));
#6504=CARTESIAN_POINT('Origin',(-24.4,-38.4,60.6));
#6505=CARTESIAN_POINT('',(24.4,-43.,60.6));
#6506=CARTESIAN_POINT('',(-21.5,-43.,60.6));
#6507=CARTESIAN_POINT('',(29.,-38.4,60.6));
#6508=CARTESIAN_POINT('Origin',(24.4,-38.4,60.6));
#6509=CARTESIAN_POINT('',(29.,-34.9,60.6));
#6510=CARTESIAN_POINT('',(29.,-14.5,60.6));
#6511=CARTESIAN_POINT('',(34.9,-29.,60.6));
#6512=CARTESIAN_POINT('Origin',(34.9,-34.9,60.6));
#6513=CARTESIAN_POINT('',(38.4,-29.,60.6));
#6514=CARTESIAN_POINT('',(21.5,-29.,60.6));
#6515=CARTESIAN_POINT('',(43.,-24.4,60.6));
#6516=CARTESIAN_POINT('Origin',(38.4,-24.4,60.6));
#6517=CARTESIAN_POINT('',(43.,24.4,60.6));
#6518=CARTESIAN_POINT('',(43.,-21.5,60.6));
#6519=CARTESIAN_POINT('',(38.4,29.,60.6));
#6520=CARTESIAN_POINT('Origin',(38.4,24.4,60.6));
#6521=CARTESIAN_POINT('',(34.9,29.,60.6));
#6522=CARTESIAN_POINT('',(14.5,29.,60.6));
#6523=CARTESIAN_POINT('',(29.,34.9,60.6));
#6524=CARTESIAN_POINT('Origin',(34.9,34.9,60.6));
#6525=CARTESIAN_POINT('',(29.,38.4,60.6));
#6526=CARTESIAN_POINT('',(29.,21.5,60.6));
#6527=CARTESIAN_POINT('',(24.4,43.,60.6));
#6528=CARTESIAN_POINT('Origin',(24.4,38.4,60.6));
#6529=CARTESIAN_POINT('',(-24.4,43.,60.6));
#6530=CARTESIAN_POINT('',(21.5,43.,60.6));
#6531=CARTESIAN_POINT('',(-29.,38.4,60.6));
#6532=CARTESIAN_POINT('Origin',(-24.4,38.4,60.6));
#6533=CARTESIAN_POINT('',(-29.,34.9,60.6));
#6534=CARTESIAN_POINT('',(-29.,14.5,60.6));
#6535=CARTESIAN_POINT('',(-34.9,29.,60.6));
#6536=CARTESIAN_POINT('Origin',(-34.9,34.9,60.6));
#6537=CARTESIAN_POINT('',(-38.4,29.,60.6));
#6538=CARTESIAN_POINT('',(-21.5,29.,60.6));
#6539=CARTESIAN_POINT('',(-43.,24.4,60.6));
#6540=CARTESIAN_POINT('Origin',(-38.4,24.4,60.6));
#6541=CARTESIAN_POINT('',(-43.,21.5,60.6));
#6542=CARTESIAN_POINT('',(3.16693662259506E-15,-25.86,60.6));
#6543=CARTESIAN_POINT('Origin',(0.,0.,60.6));
#6544=CARTESIAN_POINT('Origin',(-43.,43.,0.));
#6545=CARTESIAN_POINT('',(-43.,24.4,63.));
#6546=CARTESIAN_POINT('Origin',(-38.4,24.4,63.21432333426));
#6547=CARTESIAN_POINT('',(-38.4,29.,63.));
#6548=CARTESIAN_POINT('Origin',(-43.,29.,63.));
#6549=CARTESIAN_POINT('',(-34.9,29.,63.));
#6550=CARTESIAN_POINT('Origin',(-34.9,34.9,63.21432333426));
#6551=CARTESIAN_POINT('',(-29.,34.9,63.));
#6552=CARTESIAN_POINT('Origin',(-29.,29.,63.));
#6553=CARTESIAN_POINT('',(-29.,38.4,0.));
#6554=CARTESIAN_POINT('Origin',(-24.4,38.4,-0.1831281127576));
#6555=CARTESIAN_POINT('',(-24.4,43.,0.));
#6556=CARTESIAN_POINT('Origin',(43.,43.,0.));
#6557=CARTESIAN_POINT('',(24.4,43.,63.));
#6558=CARTESIAN_POINT('Origin',(24.4,38.4,63.21432333426));
#6559=CARTESIAN_POINT('',(29.,38.4,63.));
#6560=CARTESIAN_POINT('Origin',(29.,43.,63.));
#6561=CARTESIAN_POINT('',(29.,34.9,63.));
#6562=CARTESIAN_POINT('Origin',(34.9,34.9,63.21432333426));
#6563=CARTESIAN_POINT('',(34.9,29.,63.));
#6564=CARTESIAN_POINT('Origin',(29.,29.,63.));
#6565=CARTESIAN_POINT('',(38.4,29.,0.));
#6566=CARTESIAN_POINT('Origin',(38.4,24.4,-0.1831281127576));
#6567=CARTESIAN_POINT('',(43.,24.4,0.));
#6568=CARTESIAN_POINT('Origin',(43.,-43.,0.));
#6569=CARTESIAN_POINT('',(43.,-24.4,63.));
#6570=CARTESIAN_POINT('Origin',(38.4,-24.4,63.21432333426));
#6571=CARTESIAN_POINT('',(38.4,-29.,63.));
#6572=CARTESIAN_POINT('Origin',(43.,-29.,63.));
#6573=CARTESIAN_POINT('',(34.9,-29.,63.));
#6574=CARTESIAN_POINT('Origin',(34.9,-34.9,63.21432333426));
#6575=CARTESIAN_POINT('',(29.,-34.9,63.));
#6576=CARTESIAN_POINT('Origin',(29.,-29.,63.));
#6577=CARTESIAN_POINT('',(29.,-38.4,0.));
#6578=CARTESIAN_POINT('Origin',(24.4,-38.4,-0.1831281127576));
#6579=CARTESIAN_POINT('',(24.4,-43.,0.));
#6580=CARTESIAN_POINT('Origin',(-43.,-43.,0.));
#6581=CARTESIAN_POINT('',(-24.4,-43.,63.));
#6582=CARTESIAN_POINT('Origin',(-24.4,-38.4,63.21432333426));
#6583=CARTESIAN_POINT('',(-29.,-38.4,63.));
#6584=CARTESIAN_POINT('Origin',(-29.,-43.,63.));
#6585=CARTESIAN_POINT('',(-29.,-34.9,63.));
#6586=CARTESIAN_POINT('Origin',(-34.9,-34.9,63.21432333426));
#6587=CARTESIAN_POINT('',(-34.9,-29.,63.));
#6588=CARTESIAN_POINT('Origin',(-29.,-29.,63.));
#6589=CARTESIAN_POINT('Origin',(0.,0.,63.));
#6590=CARTESIAN_POINT('',(3.16693662259506E-15,-25.86,63.));
#6591=CARTESIAN_POINT('',(0.,0.,0.));
#6592=CARTESIAN_POINT('Origin',(0.,0.,0.));
#6593=CARTESIAN_POINT('',(24.45,42.95,0.));
#6594=CARTESIAN_POINT('',(29.05,38.35,0.));
#6595=CARTESIAN_POINT('Origin',(24.45,38.35,0.));
#6596=CARTESIAN_POINT('',(29.05,34.95,0.));
#6597=CARTESIAN_POINT('',(29.05,38.35,0.));
#6598=CARTESIAN_POINT('',(34.95,29.05,0.));
#6599=CARTESIAN_POINT('Origin',(34.95,34.95,0.));
#6600=CARTESIAN_POINT('',(38.35,29.05,0.));
#6601=CARTESIAN_POINT('',(38.35,29.05,0.));
#6602=CARTESIAN_POINT('',(42.95,24.45,0.));
#6603=CARTESIAN_POINT('Origin',(38.35,24.45,0.));
#6604=CARTESIAN_POINT('',(42.95,-24.45,0.));
#6605=CARTESIAN_POINT('',(42.95,-24.45,0.));
#6606=CARTESIAN_POINT('',(38.35,-29.05,0.));
#6607=CARTESIAN_POINT('Origin',(38.35,-24.45,0.));
#6608=CARTESIAN_POINT('',(34.95,-29.05,0.));
#6609=CARTESIAN_POINT('',(38.35,-29.05,0.));
#6610=CARTESIAN_POINT('',(29.05,-34.95,0.));
#6611=CARTESIAN_POINT('Origin',(34.95,-34.95,0.));
#6612=CARTESIAN_POINT('',(29.05,-38.35,0.));
#6613=CARTESIAN_POINT('',(29.05,-38.35,0.));
#6614=CARTESIAN_POINT('',(24.45,-42.95,0.));
#6615=CARTESIAN_POINT('Origin',(24.45,-38.35,0.));
#6616=CARTESIAN_POINT('',(-24.45,-42.95,0.));
#6617=CARTESIAN_POINT('',(-24.45,-42.95,0.));
#6618=CARTESIAN_POINT('',(-29.05,-38.35,0.));
#6619=CARTESIAN_POINT('Origin',(-24.45,-38.35,0.));
#6620=CARTESIAN_POINT('',(-29.05,-34.95,0.));
#6621=CARTESIAN_POINT('',(-29.05,-38.35,0.));
#6622=CARTESIAN_POINT('',(-34.95,-29.05,0.));
#6623=CARTESIAN_POINT('Origin',(-34.95,-34.95,0.));
#6624=CARTESIAN_POINT('',(-38.35,-29.05,0.));
#6625=CARTESIAN_POINT('',(-38.35,-29.05,0.));
#6626=CARTESIAN_POINT('',(-42.95,-24.45,0.));
#6627=CARTESIAN_POINT('Origin',(-38.35,-24.45,0.));
#6628=CARTESIAN_POINT('',(-42.95,24.45,0.));
#6629=CARTESIAN_POINT('',(-42.95,24.45,0.));
#6630=CARTESIAN_POINT('',(-38.35,29.05,0.));
#6631=CARTESIAN_POINT('Origin',(-38.35,24.45,0.));
#6632=CARTESIAN_POINT('',(-34.95,29.05,0.));
#6633=CARTESIAN_POINT('',(-38.35,29.05,0.));
#6634=CARTESIAN_POINT('',(-29.05,34.95,0.));
#6635=CARTESIAN_POINT('Origin',(-34.95,34.95,0.));
#6636=CARTESIAN_POINT('',(-29.05,38.35,0.));
#6637=CARTESIAN_POINT('',(-29.05,38.35,0.));
#6638=CARTESIAN_POINT('',(-24.45,42.95,0.));
#6639=CARTESIAN_POINT('Origin',(-24.45,38.35,0.));
#6640=CARTESIAN_POINT('',(24.45,42.95,0.));
#6641=CARTESIAN_POINT('',(-8.5,0.,0.));
#6642=CARTESIAN_POINT('Origin',(0.,0.,0.));
#6643=CARTESIAN_POINT('Origin',(0.,0.,3.8));
#6644=CARTESIAN_POINT('',(-8.5,0.,3.8));
#6645=CARTESIAN_POINT('',(-8.5,-1.04094977927525E-15,3.8));
#6646=CARTESIAN_POINT('Origin',(0.,0.,3.8));
#6647=CARTESIAN_POINT('Origin',(0.,0.,3.8));
#6648=CARTESIAN_POINT('',(12.5,0.,3.8));
#6649=CARTESIAN_POINT('',(-12.5,-1.53080849893419E-15,3.8));
#6650=CARTESIAN_POINT('Origin',(0.,0.,3.8));
#6651=CARTESIAN_POINT('Origin',(0.,0.,3.8));
#6652=CARTESIAN_POINT('Origin',(0.,0.,4.7));
#6653=CARTESIAN_POINT('',(-12.5,-1.53080849893419E-15,4.7));
#6654=CARTESIAN_POINT('',(-12.5,-1.53080849893419E-15,4.7));
#6655=CARTESIAN_POINT('',(12.5,0.,4.7));
#6656=CARTESIAN_POINT('Origin',(0.,0.,4.7));
#6657=CARTESIAN_POINT('Origin',(0.,0.,4.7));
#6658=CARTESIAN_POINT('Origin',(0.,0.,4.7));
#6659=CARTESIAN_POINT('',(16.,0.,4.7));
#6660=CARTESIAN_POINT('',(-16.,-1.95943487863577E-15,4.7));
#6661=CARTESIAN_POINT('Origin',(0.,0.,4.7));
#6662=CARTESIAN_POINT('Origin',(0.,0.,4.7));
#6663=CARTESIAN_POINT('Origin',(0.,0.,20.02));
#6664=CARTESIAN_POINT('',(-16.,-1.95943487863577E-15,18.2));
#6665=CARTESIAN_POINT('',(-16.,-1.95943487863577E-15,20.02));
#6666=CARTESIAN_POINT('',(16.,0.,18.2));
#6667=CARTESIAN_POINT('Origin',(0.,0.,18.2));
#6668=CARTESIAN_POINT('Origin',(0.,0.,18.2));
#6669=CARTESIAN_POINT('Origin',(0.,0.,18.2));
#6670=CARTESIAN_POINT('',(-25.9025,0.,18.2));
#6671=CARTESIAN_POINT('Origin',(0.,0.,18.2));
#6672=CARTESIAN_POINT('Origin',(0.,0.,18.2));
#6673=CARTESIAN_POINT('',(-25.9025,0.,4.2));
#6674=CARTESIAN_POINT('',(-25.9025,-3.17214137149143E-15,18.2));
#6675=CARTESIAN_POINT('Origin',(0.,0.,4.2));
#6676=CARTESIAN_POINT('Origin',(0.,0.,4.2));
#6677=CARTESIAN_POINT('',(39.75,0.,4.2));
#6678=CARTESIAN_POINT('',(-39.75,-4.86797102661073E-15,4.2));
#6679=CARTESIAN_POINT('Origin',(0.,0.,4.2));
#6680=CARTESIAN_POINT('Origin',(0.,0.,4.2));
#6681=CARTESIAN_POINT('Origin',(0.,0.,16.2));
#6682=CARTESIAN_POINT('',(-39.75,-4.86797102661073E-15,16.2));
#6683=CARTESIAN_POINT('',(-39.75,-4.86797102661073E-15,16.2));
#6684=CARTESIAN_POINT('',(39.75,0.,16.2));
#6685=CARTESIAN_POINT('Origin',(0.,0.,16.2));
#6686=CARTESIAN_POINT('Origin',(0.,0.,16.2));
#6687=CARTESIAN_POINT('Origin',(0.,0.,16.2));
#6688=CARTESIAN_POINT('',(29.05,38.35,16.2));
#6689=CARTESIAN_POINT('',(24.45,42.95,16.2));
#6690=CARTESIAN_POINT('Origin',(24.45,38.35,16.2));
#6691=CARTESIAN_POINT('',(-24.45,42.95,16.2));
#6692=CARTESIAN_POINT('',(24.45,42.95,16.2));
#6693=CARTESIAN_POINT('',(-29.05,38.35,16.2));
#6694=CARTESIAN_POINT('Origin',(-24.45,38.35,16.2));
#6695=CARTESIAN_POINT('',(-29.05,34.95,16.2));
#6696=CARTESIAN_POINT('',(-29.05,38.35,16.2));
#6697=CARTESIAN_POINT('',(-34.95,29.05,16.2));
#6698=CARTESIAN_POINT('Origin',(-34.95,34.95,16.2));
#6699=CARTESIAN_POINT('',(-38.35,29.05,16.2));
#6700=CARTESIAN_POINT('',(-38.35,29.05,16.2));
#6701=CARTESIAN_POINT('',(-42.95,24.45,16.2));
#6702=CARTESIAN_POINT('Origin',(-38.35,24.45,16.2));
#6703=CARTESIAN_POINT('',(-42.95,-24.45,16.2));
#6704=CARTESIAN_POINT('',(-42.95,24.45,16.2));
#6705=CARTESIAN_POINT('',(-38.35,-29.05,16.2));
#6706=CARTESIAN_POINT('Origin',(-38.35,-24.45,16.2));
#6707=CARTESIAN_POINT('',(-34.95,-29.05,16.2));
#6708=CARTESIAN_POINT('',(-38.35,-29.05,16.2));
#6709=CARTESIAN_POINT('',(-29.05,-34.95,16.2));
#6710=CARTESIAN_POINT('Origin',(-34.95,-34.95,16.2));
#6711=CARTESIAN_POINT('',(-29.05,-38.35,16.2));
#6712=CARTESIAN_POINT('',(-29.05,-38.35,16.2));
#6713=CARTESIAN_POINT('',(-24.45,-42.95,16.2));
#6714=CARTESIAN_POINT('Origin',(-24.45,-38.35,16.2));
#6715=CARTESIAN_POINT('',(24.45,-42.95,16.2));
#6716=CARTESIAN_POINT('',(-24.45,-42.95,16.2));
#6717=CARTESIAN_POINT('',(29.05,-38.35,16.2));
#6718=CARTESIAN_POINT('Origin',(24.45,-38.35,16.2));
#6719=CARTESIAN_POINT('',(29.05,-34.95,16.2));
#6720=CARTESIAN_POINT('',(29.05,-38.35,16.2));
#6721=CARTESIAN_POINT('',(34.95,-29.05,16.2));
#6722=CARTESIAN_POINT('Origin',(34.95,-34.95,16.2));
#6723=CARTESIAN_POINT('',(38.35,-29.05,16.2));
#6724=CARTESIAN_POINT('',(38.35,-29.05,16.2));
#6725=CARTESIAN_POINT('',(42.95,-24.45,16.2));
#6726=CARTESIAN_POINT('Origin',(38.35,-24.45,16.2));
#6727=CARTESIAN_POINT('',(42.95,24.45,16.2));
#6728=CARTESIAN_POINT('',(42.95,-24.45,16.2));
#6729=CARTESIAN_POINT('',(38.35,29.05,16.2));
#6730=CARTESIAN_POINT('Origin',(38.35,24.45,16.2));
#6731=CARTESIAN_POINT('',(34.95,29.05,16.2));
#6732=CARTESIAN_POINT('',(38.35,29.05,16.2));
#6733=CARTESIAN_POINT('',(29.05,34.95,16.2));
#6734=CARTESIAN_POINT('Origin',(34.95,34.95,16.2));
#6735=CARTESIAN_POINT('',(29.05,38.35,16.2));
#6736=CARTESIAN_POINT('Origin',(24.45,38.35,16.40909435691));
#6737=CARTESIAN_POINT('',(24.45,42.95,16.2));
#6738=CARTESIAN_POINT('',(29.05,38.35,16.2));
#6739=CARTESIAN_POINT('Origin',(29.05,42.95,16.2));
#6740=CARTESIAN_POINT('',(29.05,34.95,16.2));
#6741=CARTESIAN_POINT('Origin',(34.95,34.95,16.40909435691));
#6742=CARTESIAN_POINT('',(34.95,29.05,16.2));
#6743=CARTESIAN_POINT('Origin',(29.05,29.05,16.2));
#6744=CARTESIAN_POINT('',(38.35,29.05,0.));
#6745=CARTESIAN_POINT('Origin',(38.35,24.45,-0.1786602242898));
#6746=CARTESIAN_POINT('',(42.95,24.45,0.));
#6747=CARTESIAN_POINT('Origin',(42.95,-42.95,0.));
#6748=CARTESIAN_POINT('',(42.95,-24.45,16.2));
#6749=CARTESIAN_POINT('Origin',(38.35,-24.45,16.40909435691));
#6750=CARTESIAN_POINT('',(38.35,-29.05,16.2));
#6751=CARTESIAN_POINT('Origin',(42.95,-29.05,16.2));
#6752=CARTESIAN_POINT('',(34.95,-29.05,16.2));
#6753=CARTESIAN_POINT('Origin',(34.95,-34.95,16.40909435691));
#6754=CARTESIAN_POINT('',(29.05,-34.95,16.2));
#6755=CARTESIAN_POINT('Origin',(29.05,-29.05,16.2));
#6756=CARTESIAN_POINT('',(29.05,-38.35,0.));
#6757=CARTESIAN_POINT('Origin',(24.45,-38.35,-0.1786602242898));
#6758=CARTESIAN_POINT('',(24.45,-42.95,0.));
#6759=CARTESIAN_POINT('Origin',(-42.95,-42.95,0.));
#6760=CARTESIAN_POINT('',(-24.45,-42.95,16.2));
#6761=CARTESIAN_POINT('Origin',(-24.45,-38.35,16.40909435691));
#6762=CARTESIAN_POINT('',(-29.05,-38.35,16.2));
#6763=CARTESIAN_POINT('Origin',(-29.05,-42.95,16.2));
#6764=CARTESIAN_POINT('',(-29.05,-34.95,16.2));
#6765=CARTESIAN_POINT('Origin',(-34.95,-34.95,16.40909435691));
#6766=CARTESIAN_POINT('',(-34.95,-29.05,16.2));
#6767=CARTESIAN_POINT('Origin',(-29.05,-29.05,16.2));
#6768=CARTESIAN_POINT('',(-38.35,-29.05,0.));
#6769=CARTESIAN_POINT('Origin',(-38.35,-24.45,-0.1786602242898));
#6770=CARTESIAN_POINT('',(-42.95,-24.45,0.));
#6771=CARTESIAN_POINT('Origin',(-42.95,42.95,0.));
#6772=CARTESIAN_POINT('',(-42.95,24.45,16.2));
#6773=CARTESIAN_POINT('Origin',(-38.35,24.45,16.40909435691));
#6774=CARTESIAN_POINT('',(-38.35,29.05,16.2));
#6775=CARTESIAN_POINT('Origin',(-42.95,29.05,16.2));
#6776=CARTESIAN_POINT('',(-34.95,29.05,16.2));
#6777=CARTESIAN_POINT('Origin',(-34.95,34.95,16.40909435691));
#6778=CARTESIAN_POINT('',(-29.05,34.95,16.2));
#6779=CARTESIAN_POINT('Origin',(-29.05,29.05,16.2));
#6780=CARTESIAN_POINT('',(-29.05,38.35,0.));
#6781=CARTESIAN_POINT('Origin',(-24.45,38.35,-0.1786602242898));
#6782=CARTESIAN_POINT('',(-24.45,42.95,0.));
#6783=CARTESIAN_POINT('Origin',(42.95,42.95,0.));
#6784=CARTESIAN_POINT('',(0.,0.,0.));
#6785=CARTESIAN_POINT('Origin',(0.,-2.6,0.));
#6786=CARTESIAN_POINT('',(2.8,1.542463035442,0.));
#6787=CARTESIAN_POINT('Origin',(0.,1.542463035442,0.));
#6788=CARTESIAN_POINT('',(1.38674975737608,2.20384482580585,1.69827865158899E-16));
#6789=CARTESIAN_POINT('Origin',(0.,-2.6,0.));
#6790=CARTESIAN_POINT('',(1.382109612365,2.195807858892,0.3));
#6791=CARTESIAN_POINT('Origin',(-1.040063509461,-1.999519052838,0.));
#6792=CARTESIAN_POINT('',(0.6,2.354795656735,0.3));
#6793=CARTESIAN_POINT('Origin',(0.,-2.6,0.3));
#6794=CARTESIAN_POINT('',(0.3,2.354795656735,0.6));
#6795=CARTESIAN_POINT('Ctrl Pts',(0.6,2.354795656735,0.3));
#6796=CARTESIAN_POINT('Ctrl Pts',(0.562490289000938,2.35933788776906,0.3));
#6797=CARTESIAN_POINT('Ctrl Pts',(0.522359392954202,2.36328618370456,0.307471546383999));
#6798=CARTESIAN_POINT('Ctrl Pts',(0.448406111862192,2.36852746289339,0.338045319320721));
#6799=CARTESIAN_POINT('Ctrl Pts',(0.414585097619604,2.36982060867938,0.361150833668467));
#6800=CARTESIAN_POINT('Ctrl Pts',(0.361150833668467,2.36982060867938,0.414585097619604));
#6801=CARTESIAN_POINT('Ctrl Pts',(0.338045319320721,2.36852746289339,0.448406111862192));
#6802=CARTESIAN_POINT('Ctrl Pts',(0.307471546383998,2.36328618370456,0.522359392954202));
#6803=CARTESIAN_POINT('Ctrl Pts',(0.3,2.35933788776906,0.562490289000938));
#6804=CARTESIAN_POINT('Ctrl Pts',(0.3,2.354795656735,0.6));
#6805=CARTESIAN_POINT('',(0.3,2.195807858892,1.382109612365));
#6806=CARTESIAN_POINT('Origin',(0.3,-2.6,0.));
#6807=CARTESIAN_POINT('',(-0.3,2.195807858892,1.382109612365));
#6808=CARTESIAN_POINT('Origin',(0.,-1.999519052838,-1.040063509461));
#6809=CARTESIAN_POINT('',(-0.3,2.354795656735,0.6));
#6810=CARTESIAN_POINT('Origin',(-0.3,-2.6,0.));
#6811=CARTESIAN_POINT('',(-0.6,2.354795656735,0.3));
#6812=CARTESIAN_POINT('Ctrl Pts',(-0.3,2.354795656735,0.6));
#6813=CARTESIAN_POINT('Ctrl Pts',(-0.3,2.35933788776906,0.562490289000938));
#6814=CARTESIAN_POINT('Ctrl Pts',(-0.307471546383999,2.36328618370456,0.522359392954202));
#6815=CARTESIAN_POINT('Ctrl Pts',(-0.338045319320721,2.36852746289339,0.448406111862192));
#6816=CARTESIAN_POINT('Ctrl Pts',(-0.361150833668467,2.36982060867938,0.414585097619604));
#6817=CARTESIAN_POINT('Ctrl Pts',(-0.414585097619604,2.36982060867938,0.361150833668467));
#6818=CARTESIAN_POINT('Ctrl Pts',(-0.448406111862192,2.36852746289339,0.338045319320721));
#6819=CARTESIAN_POINT('Ctrl Pts',(-0.522359392954202,2.36328618370456,0.307471546383998));
#6820=CARTESIAN_POINT('Ctrl Pts',(-0.562490289000938,2.35933788776906,0.3));
#6821=CARTESIAN_POINT('Ctrl Pts',(-0.6,2.354795656735,0.3));
#6822=CARTESIAN_POINT('',(-1.382109612365,2.195807858892,0.3));
#6823=CARTESIAN_POINT('Origin',(0.,-2.6,0.3));
#6824=CARTESIAN_POINT('',(-1.382109612365,2.195807858892,-0.3));
#6825=CARTESIAN_POINT('Origin',(1.040063509461,-1.999519052838,0.));
#6826=CARTESIAN_POINT('',(-0.6,2.354795656735,-0.3));
#6827=CARTESIAN_POINT('Origin',(0.,-2.6,-0.3));
#6828=CARTESIAN_POINT('',(-0.3,2.354795656735,-0.6));
#6829=CARTESIAN_POINT('Ctrl Pts',(-0.6,2.354795656735,-0.3));
#6830=CARTESIAN_POINT('Ctrl Pts',(-0.562490289000938,2.35933788776906,-0.3));
#6831=CARTESIAN_POINT('Ctrl Pts',(-0.522359392954202,2.36328618370456,-0.307471546383999));
#6832=CARTESIAN_POINT('Ctrl Pts',(-0.448406111862192,2.36852746289339,-0.338045319320721));
#6833=CARTESIAN_POINT('Ctrl Pts',(-0.414585097619604,2.36982060867938,-0.361150833668467));
#6834=CARTESIAN_POINT('Ctrl Pts',(-0.361150833668467,2.36982060867938,-0.414585097619604));
#6835=CARTESIAN_POINT('Ctrl Pts',(-0.338045319320721,2.36852746289339,-0.448406111862192));
#6836=CARTESIAN_POINT('Ctrl Pts',(-0.307471546383998,2.36328618370456,-0.522359392954202));
#6837=CARTESIAN_POINT('Ctrl Pts',(-0.3,2.35933788776906,-0.562490289000938));
#6838=CARTESIAN_POINT('Ctrl Pts',(-0.3,2.354795656735,-0.6));
#6839=CARTESIAN_POINT('',(-0.3,2.195807858892,-1.382109612365));
#6840=CARTESIAN_POINT('Origin',(-0.3,-2.6,0.));
#6841=CARTESIAN_POINT('',(0.3,2.195807858892,-1.382109612365));
#6842=CARTESIAN_POINT('Origin',(0.,-1.999519052838,1.040063509461));
#6843=CARTESIAN_POINT('',(0.3,2.354795656735,-0.6));
#6844=CARTESIAN_POINT('Origin',(0.3,-2.6,0.));
#6845=CARTESIAN_POINT('',(0.6,2.354795656735,-0.3));
#6846=CARTESIAN_POINT('Ctrl Pts',(0.3,2.354795656735,-0.6));
#6847=CARTESIAN_POINT('Ctrl Pts',(0.3,2.35933788776906,-0.562490289000938));
#6848=CARTESIAN_POINT('Ctrl Pts',(0.307471546383999,2.36328618370456,-0.522359392954202));
#6849=CARTESIAN_POINT('Ctrl Pts',(0.338045319320721,2.36852746289339,-0.448406111862192));
#6850=CARTESIAN_POINT('Ctrl Pts',(0.361150833668467,2.36982060867938,-0.414585097619604));
#6851=CARTESIAN_POINT('Ctrl Pts',(0.414585097619604,2.36982060867938,-0.361150833668467));
#6852=CARTESIAN_POINT('Ctrl Pts',(0.448406111862192,2.36852746289339,-0.338045319320721));
#6853=CARTESIAN_POINT('Ctrl Pts',(0.522359392954202,2.36328618370456,-0.307471546383998));
#6854=CARTESIAN_POINT('Ctrl Pts',(0.562490289000938,2.35933788776906,-0.3));
#6855=CARTESIAN_POINT('Ctrl Pts',(0.6,2.354795656735,-0.3));
#6856=CARTESIAN_POINT('',(1.382109612365,2.195807858892,-0.3));
#6857=CARTESIAN_POINT('Origin',(0.,-2.6,-0.3));
#6858=CARTESIAN_POINT('Origin',(-1.040063509461,-1.999519052838,0.));
#6859=CARTESIAN_POINT('Origin',(-0.6,-87.66157157141,0.6));
#6860=CARTESIAN_POINT('',(-0.3,0.841154273188,0.6));
#6861=CARTESIAN_POINT('',(-0.3,0.841154273188,0.6));
#6862=CARTESIAN_POINT('',(-0.3,0.72,0.6));
#6863=CARTESIAN_POINT('',(-0.3,0.72,0.6));
#6864=CARTESIAN_POINT('',(-0.6,0.72,0.3));
#6865=CARTESIAN_POINT('Origin',(-0.6,0.72,0.6));
#6866=CARTESIAN_POINT('',(-0.6,0.841154273188,0.3));
#6867=CARTESIAN_POINT('',(-0.6,0.72,0.3));
#6868=CARTESIAN_POINT('',(-0.6,0.841154273188,0.3));
#6869=CARTESIAN_POINT('Origin',(-1.5,2.4,0.3));
#6870=CARTESIAN_POINT('',(-0.6,0.841154273188,0.3));
#6871=CARTESIAN_POINT('Origin',(-1.5,2.4,-1.420004800192));
#6872=CARTESIAN_POINT('',(-0.5300515477614,0.72,0.3));
#6873=CARTESIAN_POINT('',(-0.5300515477614,0.72,0.3));
#6874=CARTESIAN_POINT('',(-0.5300515477614,0.72,-0.3));
#6875=CARTESIAN_POINT('',(-0.5300515477614,0.72,0.3));
#6876=CARTESIAN_POINT('',(-0.6,0.841154273188,-0.3));
#6877=CARTESIAN_POINT('',(-0.5300515477614,0.72,-0.3));
#6878=CARTESIAN_POINT('',(-0.6,0.841154273188,-0.3));
#6879=CARTESIAN_POINT('Origin',(-0.6,-87.53963301115,-0.6));
#6880=CARTESIAN_POINT('',(-0.6,0.841154273188,-0.3));
#6881=CARTESIAN_POINT('',(-0.6,0.72,-0.3));
#6882=CARTESIAN_POINT('',(-0.6,0.72,-0.3));
#6883=CARTESIAN_POINT('',(-0.3,0.72,-0.6));
#6884=CARTESIAN_POINT('Origin',(-0.6,0.72,-0.6));
#6885=CARTESIAN_POINT('',(-0.3,0.841154273188,-0.6));
#6886=CARTESIAN_POINT('',(-0.3,0.72,-0.6));
#6887=CARTESIAN_POINT('',(-0.3,0.841154273188,-0.6));
#6888=CARTESIAN_POINT('Origin',(-0.3,2.4,-1.5));
#6889=CARTESIAN_POINT('',(-0.3,0.841154273188,-0.6));
#6890=CARTESIAN_POINT('Origin',(1.420004800192,2.4,-1.5));
#6891=CARTESIAN_POINT('',(-0.3,0.72,-0.5300515477614));
#6892=CARTESIAN_POINT('',(-0.3,0.72,-0.5300515477614));
#6893=CARTESIAN_POINT('',(0.3,0.72,-0.5300515477614));
#6894=CARTESIAN_POINT('',(-0.3,0.72,-0.5300515477614));
#6895=CARTESIAN_POINT('',(0.3,0.841154273188,-0.6));
#6896=CARTESIAN_POINT('',(0.3,0.72,-0.5300515477614));
#6897=CARTESIAN_POINT('',(0.3,0.841154273188,-0.6));
#6898=CARTESIAN_POINT('Origin',(0.3,2.4,-0.3));
#6899=CARTESIAN_POINT('',(0.3,0.841154273188,-0.6));
#6900=CARTESIAN_POINT('Origin',(0.6,-87.61608986957,-0.6));
#6901=CARTESIAN_POINT('',(0.3,0.72,-0.6));
#6902=CARTESIAN_POINT('',(0.3,0.72,-0.6));
#6903=CARTESIAN_POINT('',(0.6,0.72,-0.3));
#6904=CARTESIAN_POINT('Origin',(0.6,0.72,-0.6));
#6905=CARTESIAN_POINT('',(0.6,0.841154273188,-0.3));
#6906=CARTESIAN_POINT('',(0.6,0.72,-0.3));
#6907=CARTESIAN_POINT('',(0.6,0.841154273188,-0.3));
#6908=CARTESIAN_POINT('Origin',(1.5,2.4,-0.3));
#6909=CARTESIAN_POINT('',(0.6,0.841154273188,-0.3));
#6910=CARTESIAN_POINT('Origin',(1.5,2.4,1.420004800192));
#6911=CARTESIAN_POINT('',(0.5300515477614,0.72,-0.3));
#6912=CARTESIAN_POINT('',(0.5300515477614,0.72,-0.3));
#6913=CARTESIAN_POINT('',(0.5300515477614,0.72,0.3));
#6914=CARTESIAN_POINT('',(0.5300515477614,0.72,-0.3));
#6915=CARTESIAN_POINT('',(0.6,0.841154273188,0.3));
#6916=CARTESIAN_POINT('',(0.5300515477614,0.72,0.3));
#6917=CARTESIAN_POINT('',(0.6,0.841154273188,0.3));
#6918=CARTESIAN_POINT('Origin',(0.3,2.4,0.3));
#6919=CARTESIAN_POINT('',(0.6,0.841154273188,0.3));
#6920=CARTESIAN_POINT('Origin',(0.6,-87.89408240401,0.6));
#6921=CARTESIAN_POINT('',(0.6,0.72,0.3));
#6922=CARTESIAN_POINT('',(0.6,0.72,0.3));
#6923=CARTESIAN_POINT('',(0.3,0.72,0.6));
#6924=CARTESIAN_POINT('Origin',(0.6,0.72,0.6));
#6925=CARTESIAN_POINT('',(0.3,0.841154273188,0.6));
#6926=CARTESIAN_POINT('',(0.3,0.72,0.6));
#6927=CARTESIAN_POINT('',(0.3,0.841154273188,0.6));
#6928=CARTESIAN_POINT('Origin',(0.3,2.4,1.5));
#6929=CARTESIAN_POINT('',(0.3,0.841154273188,0.6));
#6930=CARTESIAN_POINT('Origin',(-1.420004800192,2.4,1.5));
#6931=CARTESIAN_POINT('',(0.3,0.72,0.5300515477614));
#6932=CARTESIAN_POINT('',(0.3,0.72,0.5300515477614));
#6933=CARTESIAN_POINT('',(-0.3,0.72,0.5300515477614));
#6934=CARTESIAN_POINT('',(0.3,0.72,0.5300515477614));
#6935=CARTESIAN_POINT('',(-0.3,0.72,0.5300515477614));
#6936=CARTESIAN_POINT('',(-0.3,0.841154273188,0.6));
#6937=CARTESIAN_POINT('Origin',(-0.3,2.4,0.3));
#6938=CARTESIAN_POINT('Origin',(-0.3,2.4,0.3));
#6939=CARTESIAN_POINT('',(-0.3,0.72,0.5300515477614));
#6940=CARTESIAN_POINT('Origin',(0.,0.72,0.));
#6941=CARTESIAN_POINT('',(-0.5300515477614,0.72,-0.3));
#6942=CARTESIAN_POINT('',(-0.6,0.72,0.3));
#6943=CARTESIAN_POINT('',(0.3,0.72,0.6));
#6944=CARTESIAN_POINT('',(0.5300515477614,0.72,0.3));
#6945=CARTESIAN_POINT('',(0.6,0.72,-0.3));
#6946=CARTESIAN_POINT('',(0.3,0.72,-0.5300515477614));
#6947=CARTESIAN_POINT('',(-0.3,0.72,-0.6));
#6948=CARTESIAN_POINT('Origin',(-0.3,2.4,-0.3));
#6949=CARTESIAN_POINT('Origin',(-0.3,2.4,-1.5));
#6950=CARTESIAN_POINT('Origin',(0.3,2.4,-0.3));
#6951=CARTESIAN_POINT('Origin',(1.5,2.4,-0.3));
#6952=CARTESIAN_POINT('Origin',(0.3,2.4,0.3));
#6953=CARTESIAN_POINT('Origin',(0.3,2.4,1.5));
#6954=CARTESIAN_POINT('Origin',(-1.5,2.4,0.3));
#6955=CARTESIAN_POINT('Origin',(-0.3,2.4,-0.3));
#6956=CARTESIAN_POINT('Origin',(0.,4.595,0.));
#6957=CARTESIAN_POINT('',(-2.8,0.,0.));
#6958=CARTESIAN_POINT('',(2.8,0.,3.42901103761259E-16));
#6959=CARTESIAN_POINT('Origin',(0.,0.,0.));
#6960=CARTESIAN_POINT('',(2.8,4.595,3.42901103761259E-16));
#6961=CARTESIAN_POINT('Origin',(0.,0.,0.));
#6962=CARTESIAN_POINT('Origin',(0.,0.,0.));
#6963=CARTESIAN_POINT('',(-1.8,0.,0.));
#6964=CARTESIAN_POINT('',(1.8,0.,2.20436423846524E-16));
#6965=CARTESIAN_POINT('Origin',(0.,0.,0.));
#6966=CARTESIAN_POINT('Origin',(0.,0.,0.));
#6967=CARTESIAN_POINT('Origin',(0.,-0.3,0.));
#6968=CARTESIAN_POINT('',(-1.5,-0.3,0.));
#6969=CARTESIAN_POINT('',(1.5,-0.3,1.83697019872103E-16));
#6970=CARTESIAN_POINT('Origin',(0.,-0.3,0.));
#6971=CARTESIAN_POINT('Origin',(1.8,-0.3,2.20436423846524E-16));
#6972=CARTESIAN_POINT('Origin',(0.,-0.3,0.));
#6973=CARTESIAN_POINT('Origin',(0.,4.595,0.));
#6974=CARTESIAN_POINT('',(1.5,-41.3,0.));
#6975=CARTESIAN_POINT('',(1.83697019872042E-16,-41.2999999999995,1.4999999999995));
#6976=CARTESIAN_POINT('Origin',(0.,-41.3,0.));
#6977=CARTESIAN_POINT('Origin',(0.,-41.3,0.));
#6978=CARTESIAN_POINT('',(1.5,4.595,1.83697019872103E-16));
#6979=CARTESIAN_POINT('Origin',(0.,-41.4,0.));
#6980=CARTESIAN_POINT('',(1.59204083889094E-16,-41.4999999999995,1.2999999999995));
#6981=CARTESIAN_POINT('',(1.71450551880507E-16,-41.4,1.399999999999));
#6982=CARTESIAN_POINT('',(-1.3,-41.5,0.));
#6983=CARTESIAN_POINT('Origin',(0.,-41.5,0.));
#6984=CARTESIAN_POINT('Origin',(0.,-41.5,0.));
#6985=CARTESIAN_POINT('Origin',(0.,-41.5,0.));
#6986=CARTESIAN_POINT('Origin',(0.,-41.5,0.));
#6987=CARTESIAN_POINT('',(1.35,-41.5,0.));
#6988=CARTESIAN_POINT('',(-1.35,-41.5,-1.65327317884893E-16));
#6989=CARTESIAN_POINT('Origin',(0.,-41.5,0.));
#6990=CARTESIAN_POINT('Origin',(0.,-41.5,0.));
#6991=CARTESIAN_POINT('',(-1.35,-0.300000000000002,-1.65327317884893E-16));
#6992=CARTESIAN_POINT('',(-1.35,-41.5,-1.65327317884893E-16));
#6993=CARTESIAN_POINT('',(1.35,-0.3,0.));
#6994=CARTESIAN_POINT('Origin',(0.,-0.3,0.));
#6995=CARTESIAN_POINT('Origin',(0.,-0.3,0.));
#6996=CARTESIAN_POINT('Origin',(0.,-0.3,0.));
#6997=CARTESIAN_POINT('',(1.5,-0.3,0.));
#6998=CARTESIAN_POINT('Origin',(0.,-0.3,0.));
#6999=CARTESIAN_POINT('',(-1.4,0.,0.));
#7000=CARTESIAN_POINT('',(53.5,0.,0.));
#7001=CARTESIAN_POINT('',(51.,0.,0.));
#7002=CARTESIAN_POINT('',(127.8,0.,0.));
#7003=CARTESIAN_POINT('',(35.5,24.5,38.4));
#7004=CARTESIAN_POINT('',(35.5,-38.4,24.5));
#7005=CARTESIAN_POINT('',(35.5,-24.5,-38.4));
#7006=CARTESIAN_POINT('',(35.5,38.4,-24.5));
#7007=UNCERTAINTY_MEASURE_WITH_UNIT(LENGTH_MEASURE(0.01),#7033,
'DISTANCE_ACCURACY_VALUE',
'Maximum model space distance between geometric entities at asserted c
onnectivities');
#7008=UNCERTAINTY_MEASURE_WITH_UNIT(LENGTH_MEASURE(0.01),#7033,
'DISTANCE_ACCURACY_VALUE',
'Maximum model space distance between geometric entities at asserted c
onnectivities');
#7009=UNCERTAINTY_MEASURE_WITH_UNIT(LENGTH_MEASURE(0.01),#7033,
'DISTANCE_ACCURACY_VALUE',
'Maximum model space distance between geometric entities at asserted c
onnectivities');
#7010=UNCERTAINTY_MEASURE_WITH_UNIT(LENGTH_MEASURE(0.01),#7033,
'DISTANCE_ACCURACY_VALUE',
'Maximum model space distance between geometric entities at asserted c
onnectivities');
#7011=UNCERTAINTY_MEASURE_WITH_UNIT(LENGTH_MEASURE(0.01),#7033,
'DISTANCE_ACCURACY_VALUE',
'Maximum model space distance between geometric entities at asserted c
onnectivities');
#7012=UNCERTAINTY_MEASURE_WITH_UNIT(LENGTH_MEASURE(0.01),#7033,
'DISTANCE_ACCURACY_VALUE',
'Maximum model space distance between geometric entities at asserted c
onnectivities');
#7013=UNCERTAINTY_MEASURE_WITH_UNIT(LENGTH_MEASURE(0.01),#7033,
'DISTANCE_ACCURACY_VALUE',
'Maximum model space distance between geometric entities at asserted c
onnectivities');
#7014=UNCERTAINTY_MEASURE_WITH_UNIT(LENGTH_MEASURE(0.01),#7033,
'DISTANCE_ACCURACY_VALUE',
'Maximum model space distance between geometric entities at asserted c
onnectivities');
#7015=UNCERTAINTY_MEASURE_WITH_UNIT(LENGTH_MEASURE(0.01),#7033,
'DISTANCE_ACCURACY_VALUE',
'Maximum model space distance between geometric entities at asserted c
onnectivities');
#7016=UNCERTAINTY_MEASURE_WITH_UNIT(LENGTH_MEASURE(0.01),#7033,
'DISTANCE_ACCURACY_VALUE',
'Maximum model space distance between geometric entities at asserted c
onnectivities');
#7017=UNCERTAINTY_MEASURE_WITH_UNIT(LENGTH_MEASURE(0.01),#7033,
'DISTANCE_ACCURACY_VALUE',
'Maximum model space distance between geometric entities at asserted c
onnectivities');
#7018=UNCERTAINTY_MEASURE_WITH_UNIT(LENGTH_MEASURE(0.01),#7033,
'DISTANCE_ACCURACY_VALUE',
'Maximum model space distance between geometric entities at asserted c
onnectivities');
#7019=UNCERTAINTY_MEASURE_WITH_UNIT(LENGTH_MEASURE(0.01),#7033,
'DISTANCE_ACCURACY_VALUE',
'Maximum model space distance between geometric entities at asserted c
onnectivities');
#7020=(
GEOMETRIC_REPRESENTATION_CONTEXT(3)
GLOBAL_UNCERTAINTY_ASSIGNED_CONTEXT((#7007))
GLOBAL_UNIT_ASSIGNED_CONTEXT((#7033,#7035,#7036))
REPRESENTATION_CONTEXT('','3D')
);
#7021=(
GEOMETRIC_REPRESENTATION_CONTEXT(3)
GLOBAL_UNCERTAINTY_ASSIGNED_CONTEXT((#7008))
GLOBAL_UNIT_ASSIGNED_CONTEXT((#7033,#7035,#7036))
REPRESENTATION_CONTEXT('','3D')
);
#7022=(
GEOMETRIC_REPRESENTATION_CONTEXT(3)
GLOBAL_UNCERTAINTY_ASSIGNED_CONTEXT((#7009))
GLOBAL_UNIT_ASSIGNED_CONTEXT((#7033,#7035,#7036))
REPRESENTATION_CONTEXT('','3D')
);
#7023=(
GEOMETRIC_REPRESENTATION_CONTEXT(3)
GLOBAL_UNCERTAINTY_ASSIGNED_CONTEXT((#7010))
GLOBAL_UNIT_ASSIGNED_CONTEXT((#7033,#7035,#7036))
REPRESENTATION_CONTEXT('','3D')
);
#7024=(
GEOMETRIC_REPRESENTATION_CONTEXT(3)
GLOBAL_UNCERTAINTY_ASSIGNED_CONTEXT((#7011))
GLOBAL_UNIT_ASSIGNED_CONTEXT((#7033,#7035,#7036))
REPRESENTATION_CONTEXT('','3D')
);
#7025=(
GEOMETRIC_REPRESENTATION_CONTEXT(3)
GLOBAL_UNCERTAINTY_ASSIGNED_CONTEXT((#7012))
GLOBAL_UNIT_ASSIGNED_CONTEXT((#7033,#7035,#7036))
REPRESENTATION_CONTEXT('','3D')
);
#7026=(
GEOMETRIC_REPRESENTATION_CONTEXT(3)
GLOBAL_UNCERTAINTY_ASSIGNED_CONTEXT((#7013))
GLOBAL_UNIT_ASSIGNED_CONTEXT((#7033,#7035,#7036))
REPRESENTATION_CONTEXT('','3D')
);
#7027=(
GEOMETRIC_REPRESENTATION_CONTEXT(3)
GLOBAL_UNCERTAINTY_ASSIGNED_CONTEXT((#7014))
GLOBAL_UNIT_ASSIGNED_CONTEXT((#7033,#7035,#7036))
REPRESENTATION_CONTEXT('','3D')
);
#7028=(
GEOMETRIC_REPRESENTATION_CONTEXT(3)
GLOBAL_UNCERTAINTY_ASSIGNED_CONTEXT((#7015))
GLOBAL_UNIT_ASSIGNED_CONTEXT((#7033,#7035,#7036))
REPRESENTATION_CONTEXT('','3D')
);
#7029=(
GEOMETRIC_REPRESENTATION_CONTEXT(3)
GLOBAL_UNCERTAINTY_ASSIGNED_CONTEXT((#7016))
GLOBAL_UNIT_ASSIGNED_CONTEXT((#7033,#7035,#7036))
REPRESENTATION_CONTEXT('','3D')
);
#7030=(
GEOMETRIC_REPRESENTATION_CONTEXT(3)
GLOBAL_UNCERTAINTY_ASSIGNED_CONTEXT((#7017))
GLOBAL_UNIT_ASSIGNED_CONTEXT((#7033,#7035,#7036))
REPRESENTATION_CONTEXT('','3D')
);
#7031=(
GEOMETRIC_REPRESENTATION_CONTEXT(3)
GLOBAL_UNCERTAINTY_ASSIGNED_CONTEXT((#7018))
GLOBAL_UNIT_ASSIGNED_CONTEXT((#7033,#7035,#7036))
REPRESENTATION_CONTEXT('','3D')
);
#7032=(
GEOMETRIC_REPRESENTATION_CONTEXT(3)
GLOBAL_UNCERTAINTY_ASSIGNED_CONTEXT((#7019))
GLOBAL_UNIT_ASSIGNED_CONTEXT((#7033,#7035,#7036))
REPRESENTATION_CONTEXT('','3D')
);
#7033=(
LENGTH_UNIT()
NAMED_UNIT(*)
SI_UNIT(.MILLI.,.METRE.)
);
#7034=(
LENGTH_UNIT()
NAMED_UNIT(*)
SI_UNIT($,.METRE.)
);
#7035=(
NAMED_UNIT(*)
PLANE_ANGLE_UNIT()
SI_UNIT($,.RADIAN.)
);
#7036=(
NAMED_UNIT(*)
SI_UNIT($,.STERADIAN.)
SOLID_ANGLE_UNIT()
);
#7037=SHAPE_DEFINITION_REPRESENTATION(#7049,#7079);
#7038=SHAPE_DEFINITION_REPRESENTATION(#7050,#7080);
#7039=SHAPE_DEFINITION_REPRESENTATION(#7051,#7081);
#7040=SHAPE_DEFINITION_REPRESENTATION(#7052,#7082);
#7041=SHAPE_DEFINITION_REPRESENTATION(#7053,#7083);
#7042=SHAPE_DEFINITION_REPRESENTATION(#7054,#7084);
#7043=SHAPE_DEFINITION_REPRESENTATION(#7055,#7085);
#7044=SHAPE_DEFINITION_REPRESENTATION(#7056,#7086);
#7045=SHAPE_DEFINITION_REPRESENTATION(#7067,#7087);
#7046=SHAPE_DEFINITION_REPRESENTATION(#7068,#7088);
#7047=SHAPE_DEFINITION_REPRESENTATION(#7069,#7089);
#7048=SHAPE_DEFINITION_REPRESENTATION(#7070,#7090);
#7049=PRODUCT_DEFINITION_SHAPE('',$,#7092);
#7050=PRODUCT_DEFINITION_SHAPE('',$,#7093);
#7051=PRODUCT_DEFINITION_SHAPE('',$,#7094);
#7052=PRODUCT_DEFINITION_SHAPE('',$,#7095);
#7053=PRODUCT_DEFINITION_SHAPE('',$,#7096);
#7054=PRODUCT_DEFINITION_SHAPE('',$,#7097);
#7055=PRODUCT_DEFINITION_SHAPE('',$,#7098);
#7056=PRODUCT_DEFINITION_SHAPE('',$,#7099);
#7057=PRODUCT_DEFINITION_SHAPE($,$,#69);
#7058=PRODUCT_DEFINITION_SHAPE($,$,#70);
#7059=PRODUCT_DEFINITION_SHAPE($,$,#71);
#7060=PRODUCT_DEFINITION_SHAPE($,$,#72);
#7061=PRODUCT_DEFINITION_SHAPE($,$,#73);
#7062=PRODUCT_DEFINITION_SHAPE($,$,#74);
#7063=PRODUCT_DEFINITION_SHAPE($,$,#75);
#7064=PRODUCT_DEFINITION_SHAPE($,$,#76);
#7065=PRODUCT_DEFINITION_SHAPE($,$,#77);
#7066=PRODUCT_DEFINITION_SHAPE($,$,#78);
#7067=PRODUCT_DEFINITION_SHAPE('',$,#7100);
#7068=PRODUCT_DEFINITION_SHAPE('',$,#7101);
#7069=PRODUCT_DEFINITION_SHAPE('',$,#7102);
#7070=PRODUCT_DEFINITION_SHAPE('',$,#7103);
#7071=PRODUCT_DEFINITION_SHAPE($,$,#79);
#7072=PRODUCT_DEFINITION_SHAPE($,$,#80);
#7073=PRODUCT_DEFINITION_SHAPE($,$,#81);
#7074=PRODUCT_DEFINITION_SHAPE($,$,#82);
#7075=PRODUCT_DEFINITION_SHAPE($,$,#83);
#7076=PRODUCT_DEFINITION_SHAPE($,$,#84);
#7077=PRODUCT_DEFINITION_SHAPE($,$,#85);
#7078=PRODUCT_DEFINITION_SHAPE($,$,#86);
#7079=SHAPE_REPRESENTATION('',(#4037,#4517,#4518,#4519,#4520,#4521,#4522,
#4523,#4524),#7020);
#7080=SHAPE_REPRESENTATION('',(#4038,#4153,#4154,#4155,#4156,#4157,#4158,
#4159,#4160,#4161,#4162),#7021);
#7081=SHAPE_REPRESENTATION('',(#4039),#7022);
#7082=SHAPE_REPRESENTATION('',(#4084),#7023);
#7083=SHAPE_REPRESENTATION('',(#4097),#7024);
#7084=SHAPE_REPRESENTATION('',(#4110),#7025);
#7085=SHAPE_REPRESENTATION('',(#4127),#7026);
#7086=SHAPE_REPRESENTATION('',(#4140),#7027);
#7087=SHAPE_REPRESENTATION('',(#4163),#7028);
#7088=SHAPE_REPRESENTATION('',(#4317),#7029);
#7089=SHAPE_REPRESENTATION('',(#4371),#7030);
#7090=SHAPE_REPRESENTATION('',(#4447,#12),#7031);
#7091=PRODUCT_DEFINITION_CONTEXT('part definition',#7129,'design');
#7092=PRODUCT_DEFINITION('QSH8618-96','QSH8618-96 v1',#7104,#7091);
#7093=PRODUCT_DEFINITION('ROTOR_ASM','ROTOR_ASM',#7105,#7091);
#7094=PRODUCT_DEFINITION('SHAFT','SHAFT',#7106,#7091);
#7095=PRODUCT_DEFINITION('PT86-001','PT86-001',#7107,#7091);
#7096=PRODUCT_DEFINITION('MG86-006','MG86-006',#7108,#7091);
#7097=PRODUCT_DEFINITION('80STACK','80STACK',#7109,#7091);
#7098=PRODUCT_DEFINITION('6203','6203',#7110,#7091);
#7099=PRODUCT_DEFINITION('6002','6002',#7111,#7091);
#7100=PRODUCT_DEFINITION('FRONT','FRONT',#7112,#7091);
#7101=PRODUCT_DEFINITION('STATOR','STATOR',#7113,#7091);
#7102=PRODUCT_DEFINITION('REAR','REAR',#7114,#7091);
#7103=PRODUCT_DEFINITION('1_2_05_130070','1_2_05_130070',#7115,#7091);
#7104=PRODUCT_DEFINITION_FORMATION('',$,#7131);
#7105=PRODUCT_DEFINITION_FORMATION('',$,#7132);
#7106=PRODUCT_DEFINITION_FORMATION('',$,#7133);
#7107=PRODUCT_DEFINITION_FORMATION('',$,#7134);
#7108=PRODUCT_DEFINITION_FORMATION('',$,#7135);
#7109=PRODUCT_DEFINITION_FORMATION('',$,#7136);
#7110=PRODUCT_DEFINITION_FORMATION('',$,#7137);
#7111=PRODUCT_DEFINITION_FORMATION('',$,#7138);
#7112=PRODUCT_DEFINITION_FORMATION('',$,#7139);
#7113=PRODUCT_DEFINITION_FORMATION('',$,#7140);
#7114=PRODUCT_DEFINITION_FORMATION('',$,#7141);
#7115=PRODUCT_DEFINITION_FORMATION('',$,#7142);
#7116=PRODUCT_RELATED_PRODUCT_CATEGORY('QSH8618-96 v1','QSH8618-96 v1',
(#7131));
#7117=PRODUCT_RELATED_PRODUCT_CATEGORY('ROTOR_ASM','ROTOR_ASM',(#7132));
#7118=PRODUCT_RELATED_PRODUCT_CATEGORY('SHAFT','SHAFT',(#7133));
#7119=PRODUCT_RELATED_PRODUCT_CATEGORY('PT86-001','PT86-001',(#7134));
#7120=PRODUCT_RELATED_PRODUCT_CATEGORY('MG86-006','MG86-006',(#7135));
#7121=PRODUCT_RELATED_PRODUCT_CATEGORY('80STACK','80STACK',(#7136));
#7122=PRODUCT_RELATED_PRODUCT_CATEGORY('6203','6203',(#7137));
#7123=PRODUCT_RELATED_PRODUCT_CATEGORY('6002','6002',(#7138));
#7124=PRODUCT_RELATED_PRODUCT_CATEGORY('FRONT','FRONT',(#7139));
#7125=PRODUCT_RELATED_PRODUCT_CATEGORY('STATOR','STATOR',(#7140));
#7126=PRODUCT_RELATED_PRODUCT_CATEGORY('REAR','REAR',(#7141));
#7127=PRODUCT_RELATED_PRODUCT_CATEGORY('1_2_05_130070','1_2_05_130070',
(#7142));
#7128=APPLICATION_PROTOCOL_DEFINITION('international standard',
'automotive_design',2009,#7129);
#7129=APPLICATION_CONTEXT(
'Core Data for Automotive Mechanical Design Process');
#7130=PRODUCT_CONTEXT('part definition',#7129,'mechanical');
#7131=PRODUCT('QSH8618-96','QSH8618-96 v1',$,(#7130));
#7132=PRODUCT('ROTOR_ASM','ROTOR_ASM',$,(#7130));
#7133=PRODUCT('SHAFT','SHAFT',$,(#7130));
#7134=PRODUCT('PT86-001','PT86-001',$,(#7130));
#7135=PRODUCT('MG86-006','MG86-006',$,(#7130));
#7136=PRODUCT('80STACK','80STACK',$,(#7130));
#7137=PRODUCT('6203','6203',$,(#7130));
#7138=PRODUCT('6002','6002',$,(#7130));
#7139=PRODUCT('FRONT','FRONT',$,(#7130));
#7140=PRODUCT('STATOR','STATOR',$,(#7130));
#7141=PRODUCT('REAR','REAR',$,(#7130));
#7142=PRODUCT('1_2_05_130070','1_2_05_130070',$,(#7130));
#7143=PRESENTATION_STYLE_ASSIGNMENT((#7144));
#7144=SURFACE_STYLE_USAGE(.BOTH.,#7145);
#7145=SURFACE_SIDE_STYLE('',(#7146));
#7146=SURFACE_STYLE_FILL_AREA(#7147);
#7147=FILL_AREA_STYLE('Stahl - satiniert',(#7148));
#7148=FILL_AREA_STYLE_COLOUR('Stahl - satiniert',#7149);
#7149=COLOUR_RGB('Stahl - satiniert',0.627450980392157,0.627450980392157,
0.627450980392157);
ENDSEC;
END-ISO-10303-21;
